brand,model,model_year,milage,fuel_type,engine,transmission,ext_col,int_col,accident,clean_title,price,HP,engine_size,n_cylinders
Ford,Utility Police Interceptor Base,2013,51000.0,E85 Flex Fuel,300.0HP 3.7L V6 Cylinder Engine Flex Fuel Capability,Automatic,Black,Black,At least 1 accident or damage reported,Yes,10300.0,300.0,3.7,6.0
Hyundai,Palisade SEL,2021,34742.0,Gasoline,3.8L V6 24V GDI DOHC,Automatic,Moonlight Cloud,Gray,At least 1 accident or damage reported,Yes,38005.0,,3.8,6.0
Lexus,RX 350 RX 350,2022,22372.0,Gasoline,3.5 Liter DOHC,Automatic,Blue,Black,,,54598.0,,3.5,
Infiniti,Q50 Hybrid Sport,2015,88900.0,Hybrid,354.0HP 3.5L V6 Cylinder Engine Gas/Electric Hybrid,Automatic,Black,Black,,Yes,15500.0,354.0,3.5,6.0
Audi,Q3 45 S line Premium Plus,2021,9835.0,Gasoline,2.0L I4 16V GDI DOHC Turbo,Automatic,Glacier White Metallic,Black,,,34999.0,,2.0,
Acura,ILX 2.4L,2016,136397.0,Gasoline,2.4 Liter,,Silver,Ebony.,,,14798.0,,2.4,
Audi,S3 2.0T Premium Plus,2017,84000.0,Gasoline,292.0HP 2.0L 4 Cylinder Engine Gasoline Fuel,Automatic,Blue,Black,,Yes,31000.0,292.0,2.0,4.0
Bmw,740 iL,2001,242000.0,Gasoline,282.0HP 4.4L 8 Cylinder Engine Gasoline Fuel,Automatic,Green,Green,,Yes,7300.0,282.0,4.4,8.0
Lexus,RC 350 F Sport,2021,23436.0,Gasoline,311.0HP 3.5L V6 Cylinder Engine Gasoline Fuel,Automatic,Black,Black,,Yes,41927.0,311.0,3.5,6.0
Tesla,Model X Long Range Plus,2020,34000.0,,534.0HP Electric Motor Electric Fuel System,Automatic,Black,Black,,Yes,69950.0,534.0,,
Land,Rover Range Rover Sport 3.0 Supercharged HST,2021,27608.0,Gasoline,V6,Automatic,Fuji White,Pimento / Ebony,,,73897.0,,,6.0
Aston,Martin DBS Superleggera,2019,22770.0,Gasoline,715.0HP 5.2L 12 Cylinder Engine Gasoline Fuel,Automatic,Silver,Black,,Yes,184606.0,715.0,5.2,12.0
Toyota,Supra 3.0 Premium,2021,12500.0,Gasoline,382.0HP 3.0L Straight 6 Cylinder Engine Gasoline Fuel,Automatic,Yellow,Black,,Yes,53500.0,382.0,3.0,6.0
Lincoln,Aviator Reserve AWD,2022,18196.0,Gasoline,400.0HP 3.0L V6 Cylinder Engine Gasoline Fuel,Dual Clutch,Black,Brown,,Yes,62000.0,400.0,3.0,6.0
Jaguar,F-TYPE,2020,15903.0,Gasoline,2.0 Liter Supercharged,Automatic,Silver,Black,,,47998.0,,2.0,
Land,Rover LR4 HSE,2013,79800.0,Gasoline,375.0HP 5.0L 8 Cylinder Engine Gasoline Fuel,Automatic,White,Black,,Yes,29990.0,375.0,5.0,8.0
Mercedes-Benz,Metris Base,2021,1685.0,Gasoline,2.0L I4 16V GDI DOHC Turbo,Automatic,Gray,White,,Yes,250000.0,,2.0,
Dodge,Challenger SXT,2013,61074.0,Gasoline,305.0HP 3.6L V6 Cylinder Engine Gasoline Fuel,Automatic,Black,Gray,,Yes,16800.0,305.0,3.6,6.0
Nissan,350Z Enthusiast,2003,74000.0,Gasoline,287.0HP 3.5L V6 Cylinder Engine Gasoline Fuel,Manual,Purple,–,,Yes,11000.0,287.0,3.5,6.0
Jaguar,F-TYPE R,2018,35250.0,Gasoline,550.0HP 5.0L 8 Cylinder Engine Gasoline Fuel,Automatic,Green,Black,,Yes,68750.0,550.0,5.0,8.0
Genesis,GV70 3.5T Sport,2023,5400.0,Gasoline,375.0HP 3.5L V6 Cylinder Engine Gasoline Fuel,Automatic,Green,Beige,,,60000.0,375.0,3.5,6.0
Chevrolet,S-10 LS,2000,133510.0,E85 Flex Fuel,120.0HP 2.2L 4 Cylinder Engine Flex Fuel Capability,Automatic,Blue,Black,,Yes,4500.0,120.0,2.2,4.0
Bmw,440 Gran Coupe 440i xDrive,2020,25990.0,Gasoline,3.0 Liter Turbo,Automatic,White,Beige,,,38598.0,,3.0,
Ford,F-150 XLT,2023,2823.0,Gasoline,3.5L V6 24V PDI DOHC Twin Turbo,Automatic,Iconic Silver Metallic,Black,,Yes,58504.0,,3.5,6.0
Chevrolet,Suburban RST,2021,52000.0,Gasoline,355.0HP 5.3L 8 Cylinder Engine Gasoline Fuel,Automatic,Blue,Black,,Yes,61000.0,355.0,5.3,8.0
Hyundai,Elantra N Base,2022,11650.0,Gasoline,276.0HP 2.0L 4 Cylinder Engine Gasoline Fuel,Dual Clutch,Black,Black,,Yes,32300.0,276.0,2.0,4.0
Nissan,Sentra SR,2016,96541.0,Gasoline,1.8 Liter,Automatic,Blue,Black,,,13998.0,,1.8,
Mercedes-Benz,AMG CLA 45 Base 4MATIC,2021,17500.0,Gasoline,382.0HP 2.0L 4 Cylinder Engine Gasoline Fuel,Automatic,Gray,Black,,Yes,59995.0,382.0,2.0,4.0
Bmw,650 Gran Coupe i xDrive,2015,69000.0,Gasoline,445.0HP 4.4L 8 Cylinder Engine Gasoline Fuel,Automatic,Gray,Black,,Yes,25700.0,445.0,4.4,8.0
Audi,Q5 2.0T Premium Plus,2017,81880.0,E85 Flex Fuel,2.0L I4 16V GDI DOHC Turbo Flexible Fuel,Automatic,Mythos Black Metallic,Black,,Yes,21375.0,,2.0,
Mercedes-Benz,AMG C 43 Base 4MATIC,2018,28800.0,Gasoline,362.0HP 3.0L V6 Cylinder Engine Gasoline Fuel,Automatic,Silver,Black,,Yes,48000.0,362.0,3.0,6.0
Dodge,Ram 1500 Laramie Mega Cab,2006,300183.0,Gasoline,345.0HP 5.7L 8 Cylinder Engine Gasoline Fuel,Automatic,Silver,Gray,At least 1 accident or damage reported,Yes,10900.0,345.0,5.7,8.0
Bmw,i3 120Ah w/Range Extender,2020,35035.0,Hybrid,120 AH,Automatic,Black,Black,,,24998.0,,,
Kia,Sorento SX,2011,171000.0,Gasoline,276.0HP 3.5L V6 Cylinder Engine Gasoline Fuel,Automatic,Black,Black,,Yes,5999.0,276.0,3.5,6.0
Lexus,LX 570 Base,2016,118700.0,Gasoline,383.0HP 5.7L 8 Cylinder Engine Gasoline Fuel,Automatic,Black,Beige,,Yes,46900.0,383.0,5.7,8.0
Jeep,New Compass Trailhawk,2017,119000.0,Gasoline,180.0HP 2.4L 4 Cylinder Engine Gasoline Fuel,Automatic,Red,Black,,Yes,15900.0,180.0,2.4,4.0
Bmw,340 i,2018,44261.0,Gasoline,3.0 Liter Turbo,Automatic,Gray,Black,,,33598.0,,3.0,
Audi,A4 2.0T Premium Plus quattro,2012,125575.0,Gasoline,211.0HP 2.0L 4 Cylinder Engine Gasoline Fuel,Automatic,Silver,Black,,Yes,8999.0,211.0,2.0,4.0
Hyundai,Tucson SE,2007,16200.0,Gasoline,173.0HP 2.7L V6 Cylinder Engine Gasoline Fuel,Automatic,Gold,Beige,,Yes,8200.0,173.0,2.7,6.0
Bmw,Z4 sDrive28i,2014,70000.0,Gasoline,240.0HP 2.0L 4 Cylinder Engine Gasoline Fuel,Automatic,White,Beige,At least 1 accident or damage reported,Yes,20000.0,240.0,2.0,4.0
Bentley,Continental GTC Base,2011,20200.0,E85 Flex Fuel,552.0HP 6.0L 12 Cylinder Engine Flex Fuel Capability,Automatic,Black,Black,,Yes,79950.0,552.0,6.0,12.0
Honda,Passport Elite,2023,2978.0,Gasoline,3.5 Liter SOHC,Automatic,Lunar Silver Metallic,Gray,,,45498.0,,3.5,
Dodge,Sprinter 2500,2007,189719.0,Diesel,3.0L V6 Cylinder Engine Diesel Fuel,Automatic,White,Gray,At least 1 accident or damage reported,Yes,14000.0,,3.0,6.0
Bmw,M850 i xDrive,2019,9949.0,Gasoline,4.4 Liter DOHC Twin Turbo,Automatic,Blue,Black,,,75798.0,,4.4,
Lucid,Air Grand Touring,2022,3552.0,,536.0HP Electric Motor Electric Fuel System,Automatic,Red,Beige,,Yes,119999.0,536.0,,
Audi,A7 Premium,2012,54000.0,Gasoline,310.0HP 3.0L V6 Cylinder Engine Gasoline Fuel,Automatic,Black,Brown,At least 1 accident or damage reported,Yes,36880.0,310.0,3.0,6.0
Chevrolet,Silverado 1500 Custom Trail Boss,2021,51351.0,Gasoline,5.3L V8 16V GDI OHV,Automatic,Black,Jet Black,,Yes,43147.0,,5.3,8.0
Mini,Convertible John Cooper Works,2017,24280.0,Gasoline,228.0HP 2.0L 4 Cylinder Engine Gasoline Fuel,Automatic,Black,Black,At least 1 accident or damage reported,Yes,29000.0,228.0,2.0,4.0
Toyota,Avalon Touring,2016,89148.0,Gasoline,268.0HP 3.5L V6 Cylinder Engine Gasoline Fuel,Automatic,Black,Black,,Yes,17500.0,268.0,3.5,6.0
Porsche,Cayenne Platinum Edition,2017,73043.0,Gasoline,300.0HP 3.6L V6 Cylinder Engine Gasoline Fuel,Automatic,White,Black,,Yes,30990.0,300.0,3.6,6.0
Mercedes-Benz,AMG C 63 S,2017,60000.0,Gasoline,503.0HP 4.0L 8 Cylinder Engine Gasoline Fuel,Dual Clutch,Gray,Black,At least 1 accident or damage reported,Yes,52500.0,503.0,4.0,8.0
Honda,CR-V EX-L,2016,73549.0,Gasoline,2.4L I4 16V GDI DOHC,Automatic,Mountain Air Metallic,Black,At least 1 accident or damage reported,,20848.0,,2.4,
Hummer,H2 Base,2005,110900.0,Gasoline,325.0HP 6.0L 8 Cylinder Engine Gasoline Fuel,Automatic,Gray,Black,,Yes,19500.0,325.0,6.0,8.0
Porsche,911 Carrera S,2013,39000.0,Gasoline,400.0HP 3.8L Flat 6 Cylinder Engine Gasoline Fuel,Automatic,Blue,Black,,Yes,73000.0,400.0,3.8,6.0
Mercedes-Benz,CLA-Class CLA 250,2016,120000.0,Gasoline,208.0HP 2.0L 4 Cylinder Engine Gasoline Fuel,Dual Clutch,Black,Black,,Yes,19800.0,208.0,2.0,4.0
Chrysler,300 Touring,2009,134602.0,Gasoline,250.0HP 3.5L V6 Cylinder Engine Gasoline Fuel,Dual Clutch,Blue,Black,,Yes,7500.0,250.0,3.5,6.0
Nissan,Rogue SV,2023,1094.0,Gasoline,1.5L I3 12V GDI DOHC Turbo,Automatic,Caspian Blue,Light Gray,,,30999.0,,1.5,
Audi,A3 2.0T,2010,83500.0,Gasoline,200.0HP 2.0L 4 Cylinder Engine Gasoline Fuel,Dual Clutch,Silver,Black,,Yes,6500.0,200.0,2.0,4.0
Ford,Mustang GT Premium,2014,37060.0,Gasoline,420.0HP 5.0L 8 Cylinder Engine Gasoline Fuel,Manual,Black,Black,,Yes,28500.0,420.0,5.0,8.0
Acura,RL Technology,2010,97700.0,Gasoline,300.0HP 3.7L V6 Cylinder Engine Gasoline Fuel,Dual Clutch,Blue,Beige,,Yes,10995.0,300.0,3.7,6.0
Volvo,XC90 Hybrid T8 R-Design,2018,40000.0,Plug-In Hybrid,400.0HP 2.0L 4 Cylinder Engine Plug-In Electric/Gas,Dual Clutch,Black,Black,,Yes,42000.0,400.0,2.0,4.0
Audi,R8 5.2 V10,2018,8940.0,Gasoline,5.2L V10 40V PDI DOHC,Automatic,Tango Red Metallic,Black,,,144900.0,,5.2,10.0
Mercedes-Benz,GLK-Class GLK 350,2014,186000.0,Gasoline,302.0HP 3.5L V6 Cylinder Engine Gasoline Fuel,Automatic,Black,Beige,At least 1 accident or damage reported,Yes,10000.0,302.0,3.5,6.0
Toyota,C-HR LE,2021,13180.0,Gasoline,2.0 Liter,,–,–,,,23998.0,,2.0,
Lexus,IS 350 Base,2014,104000.0,Gasoline,306.0HP 3.5L V6 Cylinder Engine Gasoline Fuel,Automatic,Black,Black,,Yes,21000.0,306.0,3.5,6.0
Bmw,X4 M40i,2023,8500.0,Hybrid,382.0HP 3.0L Straight 6 Cylinder Engine Gasoline/Mild Electric Hybrid,Dual Clutch,Gray,Beige,,Yes,67900.0,382.0,3.0,6.0
Bmw,M4 CS,2019,19069.0,Gasoline,3.0 Liter DOHC Turbo,Automatic,Alpine White,Anthracite,,,69998.0,,3.0,
Cadillac,CT5 Premium Luxury,2023,6090.0,Gasoline,237.0HP 2.0L 4 Cylinder Engine Gasoline Fuel,Automatic,White,Beige,,Yes,46900.0,237.0,2.0,4.0
Lucid,Air Grand Touring,2022,4900.0,,536.0HP Electric Motor Electric Fuel System,Automatic,Red,Black,,Yes,99000.0,536.0,,
Audi,A5 2.0T Premium Plus,2019,47523.0,Gasoline,248.0HP 2.0L 4 Cylinder Engine Gasoline Fuel,Dual Clutch,Black,Black,,Yes,31000.0,248.0,2.0,4.0
Chrysler,300C SRT8,2006,43000.0,Gasoline,425.0HP 6.1L 8 Cylinder Engine Gasoline Fuel,Automatic,Silver,Black,At least 1 accident or damage reported,Yes,19995.0,425.0,6.1,8.0
Bentley,Continental GT W12,2017,14684.0,Gasoline,582.0HP 6.0L 12 Cylinder Engine Gasoline Fuel,Automatic,White,White,,Yes,130000.0,582.0,6.0,12.0
Bmw,M4 Base,2019,57800.0,Gasoline,425.0HP 3.0L Straight 6 Cylinder Engine Gasoline Fuel,Dual Clutch,Black,Red,,Yes,55999.0,425.0,3.0,6.0
Toyota,GR Corolla Circuit Edition,2023,952.0,Gasoline,300.0HP 1.6L 3 Cylinder Engine Gasoline Fuel,Manual,Silver,Gray,,Yes,49950.0,300.0,1.6,3.0
Audi,RS 5 2.9T,2019,21240.0,Gasoline,444.0HP 2.9L V6 Cylinder Engine Gasoline Fuel,Automatic,Black,Black,At least 1 accident or damage reported,Yes,59950.0,444.0,2.9,6.0
Porsche,Cayenne Base,2019,59338.0,Gasoline,335.0HP 3.0L V6 Cylinder Engine Gasoline Fuel,Dual Clutch,Black,Black,,Yes,42499.0,335.0,3.0,6.0
Lamborghini,Huracan Tecnica Coupe,2023,255.0,Gasoline,"5.2L V-10 gasoline direct injection, DOHC, variable valve contro",Automatic,BLU ELEOS,Nero Ade,,,359991.0,,5.2,
Maserati,Quattroporte S,2019,23230.0,Gasoline,424.0HP 3.0L V6 Cylinder Engine Gasoline Fuel,Automatic,Black,Black,,Yes,44999.0,424.0,3.0,6.0
Jaguar,XF 35t R-Sport,2017,48000.0,Gasoline,340.0HP 3.0L V6 Cylinder Engine Gasoline Fuel,Automatic,Red,Black,At least 1 accident or damage reported,Yes,30000.0,340.0,3.0,6.0
Lexus,ES 330 Base,2005,41059.0,Gasoline,225.0HP 3.3L V6 Cylinder Engine Gasoline Fuel,Automatic,White,Beige,,Yes,11100.0,225.0,3.3,6.0
Land,Rover Discovery Sport SE R-Dynamic,2020,21240.0,Gasoline,2.0 Liter,Automatic,White,Black,,,37998.0,,2.0,
Porsche,Cayman GTS,2015,11500.0,Gasoline,340.0HP 3.4L Flat 6 Cylinder Engine Gasoline Fuel,Automatic,Silver,–,,Yes,72000.0,340.0,3.4,6.0
Genesis,G90 3.3T Premium,2021,9950.0,Gasoline,365.0HP 3.3L V6 Cylinder Engine Gasoline Fuel,Automatic,Silver,Blue,,Yes,53950.0,365.0,3.3,6.0
Volkswagen,Golf R 20th Anniversary Edition,2023,633.0,Gasoline,315.0HP 2.0L 4 Cylinder Engine Gasoline Fuel,Manual,White,Black,,Yes,47999.0,315.0,2.0,4.0
Hyundai,Sonata Hybrid Limited,2015,66000.0,Hybrid,199.0HP 2.4L 4 Cylinder Engine Gas/Electric Hybrid,Automatic,White,Gray,At least 1 accident or damage reported,Yes,15900.0,199.0,2.4,4.0
Audi,RS 7 4.0T Prestige,2014,59715.0,Gasoline,560.0HP 4.0L 8 Cylinder Engine Gasoline Fuel,Automatic,Gray,Black,At least 1 accident or damage reported,Yes,45000.0,560.0,4.0,8.0
Bmw,740 Li,2012,85252.0,Gasoline,326.0HP 3.0L Straight 6 Cylinder Engine Gasoline Fuel,Automatic,Black,Black,,Yes,18500.0,326.0,3.0,6.0
Mercedes-Benz,GLS 450 Base 4MATIC,2020,17900.0,Hybrid,362.0HP 3.0L Straight 6 Cylinder Engine Gasoline/Mild Electric Hybrid,Automatic,Black,Black,At least 1 accident or damage reported,Yes,80000.0,362.0,3.0,6.0
Bmw,M6 Base,2016,25500.0,Gasoline,560.0HP 4.4L 8 Cylinder Engine Gasoline Fuel,Automatic,White,Black,,Yes,55000.0,560.0,4.4,8.0
Subaru,Forester 2.5 X,2004,210703.0,Gasoline,165.0HP 2.5L 4 Cylinder Engine Gasoline Fuel,Manual,Green,Beige,,,2300.0,165.0,2.5,4.0
Hyundai,Elantra N Base,2023,3800.0,Gasoline,276.0HP 2.0L 4 Cylinder Engine Gasoline Fuel,Manual,White,Black,,Yes,34000.0,276.0,2.0,4.0
Kia,Niro Plug-In Hybrid EX Premium,2022,36602.0,Hybrid,1.6L I4 16V GDI DOHC Hybrid,Automatic,Horizon Blue,Charcoal,,Yes,31995.0,,1.6,
Rivian,R1S Adventure Package,2023,2800.0,,835.0HP Electric Motor Electric Fuel System,Automatic,White,Green,,Yes,92000.0,835.0,,
Aston,Martin DBS Superleggera,2021,2165.0,Gasoline,5.2L V12 48V GDI DOHC Twin Turbo,Automatic,Black,Black,,Yes,279950.0,,5.2,12.0
Mercedes-Benz,SLC 300 Base,2018,33000.0,Gasoline,241.0HP 2.0L 4 Cylinder Engine Gasoline Fuel,Automatic,Red,Black,At least 1 accident or damage reported,Yes,29900.0,241.0,2.0,4.0
Bmw,435 Gran Coupe i,2016,76009.0,Gasoline,300.0HP 3.0L Straight 6 Cylinder Engine Gasoline Fuel,Automatic,White,Beige,,Yes,24950.0,300.0,3.0,6.0
Jeep,Grand Cherokee Summit,2020,31349.0,Gasoline,5.7L V8 16V MPFI OHV,Automatic,Granite Crystal Clearcoat Metallic,Black,,,39366.0,,5.7,8.0
Lexus,RC 350 Base,2015,48000.0,Gasoline,306.0HP 3.5L V6 Cylinder Engine Gasoline Fuel,Dual Clutch,Orange,Red,,Yes,32900.0,306.0,3.5,6.0
Bmw,525 i,2005,91420.0,Gasoline,215.0HP 2.5L Straight 6 Cylinder Engine Gasoline Fuel,Automatic,Black,Black,,Yes,8900.0,215.0,2.5,6.0
Toyota,Corolla LE,2003,124756.0,Gasoline,130.0HP 1.8L 4 Cylinder Engine Gasoline Fuel,Manual,Beige,Beige,At least 1 accident or damage reported,Yes,4995.0,130.0,1.8,4.0
Cadillac,CT5-V Blackwing,2023,2415.0,Gasoline,6.2L V8 16V GDI OHV Supercharged,Automatic,Rift Metallic,Gray,,,104900.0,,6.2,8.0
Gmc,Acadia SLT-1,2012,116226.0,Gasoline,288.0HP 3.6L V6 Cylinder Engine Gasoline Fuel,Automatic,Black,Black,,Yes,7900.0,288.0,3.6,6.0
Lexus,LC 500 Base,2020,37869.0,Gasoline,5.0L V8 32V PDI DOHC,Automatic,Atomic Silver,Rioja Red,,,75950.0,,5.0,8.0
Bmw,i8 Base,2019,41500.0,Plug-In Hybrid,369.0HP 1.5L 3 Cylinder Engine Plug-In Electric/Gas,Dual Clutch,White,Black,,Yes,86000.0,369.0,1.5,3.0
Lexus,ES 300h Base,2013,87001.0,Hybrid,200.0HP 2.5L 4 Cylinder Engine Gas/Electric Hybrid,,Gold,Beige,,Yes,17995.0,200.0,2.5,4.0
Cadillac,CT5-V V-Series,2022,4451.0,Gasoline,3.0L V6 24V GDI DOHC Twin Turbo,Automatic,Summit White,Jet Black,At least 1 accident or damage reported,Yes,55655.0,,3.0,6.0
Bmw,540 i xDrive,2020,27158.0,Gasoline,2.0 Liter Turbo,Automatic,Imperial Blue Metallic,Canberra Beige/Black,,,39998.0,,2.0,
Chevrolet,Express 1500 Work Van,2014,139804.0,Gasoline,195.0HP 4.3L V6 Cylinder Engine Gasoline Fuel,Automatic,White,Gray,At least 1 accident or damage reported,Yes,14500.0,195.0,4.3,6.0
Jeep,Gladiator Rubicon,2022,27300.0,Gasoline,285.0HP 3.6L V6 Cylinder Engine Gasoline Fuel,Automatic,Green,Black,,Yes,47500.0,285.0,3.6,6.0
Bmw,Z4 sDrive28i,2014,36812.0,Gasoline,240.0HP 2.0L 4 Cylinder Engine Gasoline Fuel,Dual Clutch,White,Beige,,Yes,27000.0,240.0,2.0,4.0
Land,Rover LR4 HSE LUX Landmark Edition,2016,144000.0,Gasoline,340.0HP 3.0L V6 Cylinder Engine Gasoline Fuel,Automatic,Black,Black,At least 1 accident or damage reported,Yes,18000.0,340.0,3.0,6.0
Cadillac,XT4 Sport,2019,44500.0,Gasoline,237.0HP 2.0L 4 Cylinder Engine Gasoline Fuel,Automatic,Blue,White,,Yes,28900.0,237.0,2.0,4.0
Bmw,750 750i xDrive,2021,10917.0,Gasoline,4.4 Liter Twin Turbo,Automatic,Black,Black,,,73998.0,,4.4,
Bentley,Arnage R,2005,8332.0,Gasoline,400.0HP 6.75L 8 Cylinder Engine Gasoline Fuel,Automatic,White,Beige,,Yes,47350.0,400.0,6.75,8.0
Lincoln,Aviator Reserve AWD,2020,51247.0,Gasoline,3.0 Liter GTDI,Automatic,Magnetic Gray Clearcoat,Roast,,,47698.0,,3.0,
Mercedes-Benz,AMG GL AMG GL 63 4MATIC,2016,69000.0,Gasoline,550.0HP 5.5L 8 Cylinder Engine Gasoline Fuel,Dual Clutch,Black,Brown,,Yes,36500.0,550.0,5.5,8.0
Ram,ProMaster 3500 High Roof,2021,147834.0,Gasoline,3.6L V6 24V MPFI DOHC,Automatic,Bright White Clearcoat,Black,,Yes,32662.0,,3.6,6.0
Ford,Utility Police Interceptor Base,2013,105000.0,E85 Flex Fuel,300.0HP 3.7L V6 Cylinder Engine Flex Fuel Capability,Automatic,White,Black,At least 1 accident or damage reported,Yes,6600.0,300.0,3.7,6.0
Audi,A5 2.0T Premium,2011,92203.0,Gasoline,211.0HP 2.0L 4 Cylinder Engine Gasoline Fuel,Dual Clutch,Red,Beige,,Yes,9995.0,211.0,2.0,4.0
Nissan,GT-R Premium,2010,15600.0,Gasoline,485.0HP 3.8L V6 Cylinder Engine Gasoline Fuel,Dual Clutch,White,Black,,Yes,69500.0,485.0,3.8,6.0
Land,Rover Range Rover Sport 3.0L Supercharged HSE,2018,104700.0,Gasoline,V6,Automatic,Fuji White,Ivory / Ebony,At least 1 accident or damage reported,,30775.0,,,6.0
Toyota,Corolla LE,2010,72348.0,Gasoline,132.0HP 1.8L 4 Cylinder Engine Gasoline Fuel,Automatic,Red,Gray,At least 1 accident or damage reported,Yes,9995.0,132.0,1.8,4.0
Rivian,R1S Adventure Package,2023,2500.0,,835.0HP Electric Motor Electric Fuel System,Automatic,Green,White,,Yes,94000.0,835.0,,
Mercedes-Benz,C-Class C300 4MATIC,2022,13177.0,Gasoline,2.0 Liter Turbo,Automatic,White,Silk Beige/Black,,,44798.0,,2.0,
Porsche,Cayenne E-Hybrid S,2016,96000.0,Plug-In Hybrid,416.0HP 3.0L V6 Cylinder Engine Plug-In Electric/Gas,Dual Clutch,White,Red,At least 1 accident or damage reported,Yes,23000.0,416.0,3.0,6.0
Chevrolet,Express 1500 Work Van,2011,93009.0,E85 Flex Fuel,5.3L V8 16V MPFI OHV Flexible Fuel,Automatic,Summit White,Medium Pewter,,Yes,22495.0,,5.3,8.0
Infiniti,Q70h Base,2016,52750.0,Hybrid,360.0HP 3.5L V6 Cylinder Engine Gas/Electric Hybrid,Automatic,White,Black,At least 1 accident or damage reported,Yes,28998.0,360.0,3.5,6.0
Audi,A7 Premium Plus,2020,25361.0,Hybrid,3.0 Liter Turbo,Automatic,Typhoon Gray,Black,,,49998.0,,3.0,
Audi,Q7 3.0T Premium Plus,2015,98527.0,Gasoline,280.0HP 3.0L V6 Cylinder Engine Gasoline Fuel,Automatic,Black,Black,,,9995.0,280.0,3.0,6.0
Lucid,Air Pure,2023,1300.0,,620.0HP Electric Motor Electric Fuel System,Automatic,Black,Gray,,,86900.0,620.0,,
Chrysler,Pacifica Touring,2017,87305.0,,–,Automatic,Silver,Black,,Yes,9000.0,,,
Audi,TTS 2.0T Premium Plus,2012,72922.0,Gasoline,265.0HP 2.0L 4 Cylinder Engine Gasoline Fuel,Automatic,White,Black,,,25999.0,265.0,2.0,4.0
Bmw,650 Gran Coupe i xDrive,2015,41000.0,Gasoline,445.0HP 4.4L 8 Cylinder Engine Gasoline Fuel,Automatic,Black,Black,,Yes,30000.0,445.0,4.4,8.0
Subaru,Forester Premium,2021,42125.0,Gasoline,2.5L H4 16V GDI DOHC,Automatic,Crystal Black Silica,Black,,Yes,27899.0,,2.5,
Mercedes-Benz,AMG C AMG C 63,2016,62000.0,Gasoline,469.0HP 4.0L 8 Cylinder Engine Gasoline Fuel,Dual Clutch,Black,Black,,Yes,40000.0,469.0,4.0,8.0
Land,Rover LR3 HSE,2006,153843.0,Gasoline,300.0HP 4.4L 8 Cylinder Engine Gasoline Fuel,Automatic,Red,Beige,At least 1 accident or damage reported,Yes,9950.0,300.0,4.4,8.0
Bmw,X7 xDrive40i,2019,35248.0,Gasoline,3.0 Liter Twin Turbo,Automatic,Arctic Gray Metallic,Black,,,53998.0,,3.0,
Ford,Transit Connect XLT,2015,194454.0,Gasoline,169.0HP 2.5L 4 Cylinder Engine Gasoline Fuel,Automatic,White,Black,,Yes,9888.0,169.0,2.5,4.0
Lexus,LX 570 Three-Row,2021,21000.0,Gasoline,383.0HP 5.7L 8 Cylinder Engine Gasoline Fuel,Dual Clutch,White,Black,,Yes,89999.0,383.0,5.7,8.0
Porsche,911 Carrera S,2013,18494.0,Gasoline,400.0HP 3.8L Flat 6 Cylinder Engine Gasoline Fuel,Manual,Black,Black,,,86900.0,400.0,3.8,6.0
Dodge,Ram 2500 Laramie Quad Cab,2006,218000.0,Gasoline,330.0HP 5.7L 8 Cylinder Engine Gasoline Fuel,Automatic,Red,Gray,,Yes,12990.0,330.0,5.7,8.0
Nissan,Armada SL,2021,67800.0,Gasoline,400.0HP 5.6L 8 Cylinder Engine Gasoline Fuel,Automatic,Silver,Black,At least 1 accident or damage reported,Yes,36500.0,400.0,5.6,8.0
Porsche,Cayman Base,2014,79000.0,Gasoline,275.0HP 2.7L Flat 6 Cylinder Engine Gasoline Fuel,Dual Clutch,Red,Black,At least 1 accident or damage reported,Yes,42999.0,275.0,2.7,6.0
Mercedes-Benz,GLE 450 GLE 450,2022,24906.0,Hybrid,3.0 Liter Turbo,Automatic,Selenite Grey Metallic,Black,,,63998.0,,3.0,
Chevrolet,Monte Carlo SS,2006,66840.0,Gasoline,303.0HP 5.3L 8 Cylinder Engine Gasoline Fuel,Automatic,White,Gray,At least 1 accident or damage reported,Yes,12000.0,303.0,5.3,8.0
Bmw,M5 Base,2013,86000.0,Gasoline,560.0HP 4.4L 8 Cylinder Engine Gasoline Fuel,Dual Clutch,Blue,White,,Yes,32000.0,560.0,4.4,8.0
Hyundai,Kona N Base,2023,654.0,Gasoline,2.0L I4 16V GDI DOHC Turbo,Automatic,Ultra Black,Black,,Yes,34599.0,,2.0,
Chevrolet,Monte Carlo SS,2005,75000.0,Gasoline,240.0HP 3.8L V6 Cylinder Engine Gasoline Fuel,Automatic,Black,Black,,Yes,12500.0,240.0,3.8,6.0
Land,Rover Range Rover Evoque Pure,2015,84000.0,Gasoline,240.0HP 2.0L 4 Cylinder Engine Gasoline Fuel,Automatic,Beige,Black,At least 1 accident or damage reported,Yes,22800.0,240.0,2.0,4.0
Audi,S7 4.0T Premium Plus,2017,52500.0,Gasoline,450.0HP 4.0L 8 Cylinder Engine Gasoline Fuel,Dual Clutch,Gray,Gray,,Yes,39999.0,450.0,4.0,8.0
Gmc,Acadia SLT-1,2011,120000.0,Gasoline,288.0HP 3.6L V6 Cylinder Engine Gasoline Fuel,Automatic,Silver,Gray,,Yes,7500.0,288.0,3.6,6.0
Alfa,Romeo Stelvio Ti Sport,2020,18665.0,Gasoline,2.0L I4 16V GDI SOHC Turbo,Automatic,Lunare White Metallic,Ice,,Yes,35645.0,,2.0,
Ferrari,FF Base,2016,19987.0,Gasoline,651.0HP 6.3L 12 Cylinder Engine Gasoline Fuel,Automatic,Black,Brown,,Yes,149900.0,651.0,6.3,12.0
Kia,K900 5.0L,2017,36486.0,Gasoline,420.0HP 5.0L 8 Cylinder Engine Gasoline Fuel,Automatic,Black,Beige,At least 1 accident or damage reported,Yes,23950.0,420.0,5.0,8.0
Ford,E150 XLT,2013,162100.0,E85 Flex Fuel,255.0HP 5.4L 8 Cylinder Engine Flex Fuel Capability,Automatic,Black,Gray,,Yes,12500.0,255.0,5.4,8.0
Tesla,Model 3 Performance,2022,13079.0,,455.0HP Electric Motor Electric Fuel System,Automatic,Black,White,,Yes,47000.0,455.0,,
Toyota,4Runner SR5,2022,28377.0,Gasoline,4.0L V6 24V MPFI DOHC,Automatic,Silver,Gray,,,36999.0,,4.0,6.0
Subaru,Forester Base,2020,32744.0,Gasoline,182.0HP 2.5L 4 Cylinder Engine Gasoline Fuel,,Black,Gray,,Yes,24000.0,182.0,2.5,4.0
Porsche,Panamera 2,2012,54000.0,Gasoline,300.0HP 3.6L V6 Cylinder Engine Gasoline Fuel,Automatic,White,–,At least 1 accident or damage reported,Yes,26000.0,300.0,3.6,6.0
Toyota,Tacoma PreRunner,2008,202055.0,Gasoline,236.0HP 4.0L V6 Cylinder Engine Gasoline Fuel,Automatic,Silver,Gray,At least 1 accident or damage reported,Yes,8500.0,236.0,4.0,6.0
Ram,2500 Laramie,2019,65000.0,Diesel,370.0HP 6.7L Straight 6 Cylinder Engine Diesel Fuel,Automatic,Black,Black,,Yes,65000.0,370.0,6.7,6.0
Kia,Sportage Nightfall,2022,9686.0,Gasoline,2.4L I4 16V GDI DOHC,Automatic,Hyper Red,Black,,Yes,30990.0,,2.4,
Cadillac,DTS Base,2010,49620.0,Gasoline,275.0HP 4.6L 8 Cylinder Engine Gasoline Fuel,Automatic,White,Gray,,Yes,10499.0,275.0,4.6,8.0
Toyota,Land Cruiser Base,1997,213000.0,Gasoline,212.0HP 4.5L Straight 6 Cylinder Engine Gasoline Fuel,Automatic,White,Beige,,Yes,26500.0,212.0,4.5,6.0
Nissan,GT-R Premium,2020,16010.0,Gasoline,565.0HP 3.8L V6 Cylinder Engine Gasoline Fuel,Automatic,White,Black,,Yes,114000.0,565.0,3.8,6.0
Lexus,NX 350 F SPORT Handling,2023,820.0,Gasoline,2.4 Liter,Automatic,Black,Black,,,51998.0,,2.4,
Audi,Q7 45 Premium Plus,2021,68000.0,Gasoline,248.0HP 2.0L 4 Cylinder Engine Gasoline Fuel,Automatic,Blue,Black,,Yes,36499.0,248.0,2.0,4.0
Lexus,LX 470 Base,1999,82000.0,Gasoline,230.0HP 4.7L 8 Cylinder Engine Gasoline Fuel,Automatic,White,Beige,,Yes,25000.0,230.0,4.7,8.0
Gmc,Terrain SLE,2022,27352.0,Gasoline,1.5L I4 16V GDI DOHC Turbo,Automatic,Summit White,Jet Black,,,27785.0,,1.5,
Ford,Escape Limited,2012,129000.0,Gasoline,171.0HP 2.5L 4 Cylinder Engine Gasoline Fuel,Automatic,White,Gray,At least 1 accident or damage reported,Yes,7000.0,171.0,2.5,4.0
Lexus,LS 460 L,2014,106731.0,Gasoline,360.0HP 4.6L 8 Cylinder Engine Gasoline Fuel,Automatic,White,Beige,At least 1 accident or damage reported,Yes,30000.0,360.0,4.6,8.0
Ford,Expedition Platinum,2019,34672.0,Gasoline,400.0HP 3.5L V6 Cylinder Engine Gasoline Fuel,Automatic,White,White,,Yes,45500.0,400.0,3.5,6.0
Chevrolet,Malibu LTZ,2010,55900.0,Gasoline,252.0HP 3.6L V6 Cylinder Engine Gasoline Fuel,Dual Clutch,Beige,Beige,,Yes,8950.0,252.0,3.6,6.0
Audi,RS 7 4.0T quattro,2023,3158.0,Gasoline,4.0L V8 32V GDI DOHC Twin Turbo,Automatic,Daytona Gray Pearl Effect,Black / Express Red,,,128900.0,,4.0,8.0
Audi,A5 2.0T Premium Plus,2015,82000.0,Gasoline,220.0HP 2.0L 4 Cylinder Engine Gasoline Fuel,Automatic,White,Brown,,Yes,17000.0,220.0,2.0,4.0
Genesis,G70 2.0T,2023,4785.0,Gasoline,2.0L I4 16V GDI DOHC Turbo,Automatic,Vik Black,Obsidian Black,,Yes,42850.0,,2.0,
Chevrolet,Trailblazer LS,2021,20497.0,Gasoline,1.3L I3 12V GDI DOHC Turbo,Automatic,Pacific Blue Metallic,Black,,,22999.0,,1.3,
Scion,tC Base,2013,177600.0,Gasoline,180.0HP 2.5L 4 Cylinder Engine Gasoline Fuel,Automatic,Silver,Black,At least 1 accident or damage reported,Yes,7100.0,180.0,2.5,4.0
Lincoln,MKZ Hybrid Base,2014,78568.0,Hybrid,188.0HP 2.0L 4 Cylinder Engine Gas/Electric Hybrid,Automatic,Blue,Beige,,Yes,15500.0,188.0,2.0,4.0
Ford,Transit-350 XL,2018,95000.0,E85 Flex Fuel,275.0HP 3.7L V6 Cylinder Engine Flex Fuel Capability,Automatic,White,Gray,,Yes,43000.0,275.0,3.7,6.0
Porsche,911 GT2 RS,2018,4529.0,Gasoline,3.8L H6 24V GDI DOHC Twin Turbo,Automatic,Black,Black,,Yes,417500.0,,3.8,
Ford,Explorer Timberline,2021,25240.0,Gasoline,2.3L I4 16V GDI DOHC Turbo,Automatic,Gray,Ebony,At least 1 accident or damage reported,,39951.0,,2.3,
Volvo,XC90 3.2,2011,88300.0,Gasoline,235.0HP 3.2L Straight 6 Cylinder Engine Gasoline Fuel,Automatic,Blue,Beige,At least 1 accident or damage reported,Yes,11500.0,235.0,3.2,6.0
Chevrolet,Avalanche LTZ,2013,98000.0,E85 Flex Fuel,320.0HP 5.3L 8 Cylinder Engine Flex Fuel Capability,Automatic,Silver,Black,At least 1 accident or damage reported,Yes,27499.0,320.0,5.3,8.0
Audi,TT RS 2.5T,2018,20675.0,Gasoline,400.0HP 2.5L 5 Cylinder Engine Gasoline Fuel,Dual Clutch,Gray,Gray,,Yes,76000.0,400.0,2.5,5.0
Lincoln,Navigator L,2008,95000.0,Gasoline,300.0HP 5.4L 8 Cylinder Engine Gasoline Fuel,Automatic,Black,Black,,Yes,10900.0,300.0,5.4,8.0
Hyundai,Elantra GLS,2010,107000.0,Gasoline,138.0HP 2.0L 4 Cylinder Engine Gasoline Fuel,Automatic,Blue,Blue,At least 1 accident or damage reported,Yes,6250.0,138.0,2.0,4.0
Audi,SQ5 3.0T Premium Plus,2016,60000.0,Gasoline,354.0HP 3.0L V6 Cylinder Engine Gasoline Fuel,Dual Clutch,Black,Black,At least 1 accident or damage reported,Yes,24700.0,354.0,3.0,6.0
Mitsubishi,Lancer Evolution GSR,2012,33000.0,Gasoline,291.0HP 2.0L 4 Cylinder Engine Gasoline Fuel,Manual,Black,Black,,Yes,34999.0,291.0,2.0,4.0
Tesla,Model Y Performance,2023,500.0,,455.0HP Electric Motor Electric Fuel System,Automatic,Black,White,,Yes,60000.0,455.0,,
Mercedes-Benz,Maybach S S 600,2016,108500.0,Gasoline,523.0HP 6.0L 12 Cylinder Engine Gasoline Fuel,Automatic,White,Beige,,Yes,63500.0,523.0,6.0,12.0
Nissan,GT-R Premium,2017,37800.0,Gasoline,565.0HP 3.8L V6 Cylinder Engine Gasoline Fuel,Dual Clutch,Orange,Orange,,Yes,149500.0,565.0,3.8,6.0
Mercedes-Benz,GLS 550 Base 4MATIC,2018,74422.0,Gasoline,4.7 Liter Twin Turbo,Automatic,Obsidian Black Metallic,Gray,,,44798.0,,4.7,
Chevrolet,Blazer Premier,2019,55621.0,Gasoline,3.6L V6 24V GDI DOHC,Automatic,Silver Ice Metallic,Jet Black,,,34562.0,,3.6,6.0
Mazda,CX-9 Grand Touring,2021,46707.0,Gasoline,2.5L I4 16V GDI DOHC Turbo,Automatic,Sonic Silver Metallic,Black,At least 1 accident or damage reported,Yes,32541.0,,2.5,
Ford,Expedition Max Limited,2022,26500.0,Gasoline,440.0HP 3.5L V6 Cylinder Engine Gasoline Fuel,Automatic,White,Beige,,Yes,65900.0,440.0,3.5,6.0
Nissan,Titan XD SV,2020,10001.0,Gasoline,5.6L V8 32V GDI DOHC,Automatic,Black,Black,,Yes,47214.0,,5.6,8.0
Lexus,LX 570 Three-Row,2019,19050.0,Gasoline,383.0HP 5.7L 8 Cylinder Engine Gasoline Fuel,Automatic,Black,Beige,,Yes,76900.0,383.0,5.7,8.0
Chevrolet,Traverse Premier,2020,52000.0,Gasoline,310.0HP 3.6L V6 Cylinder Engine Gasoline Fuel,Automatic,White,Black,,Yes,35800.0,310.0,3.6,6.0
Mercedes-Benz,Sprinter High Roof,2014,65000.0,Diesel,188.0HP 3.0L V6 Cylinder Engine Diesel Fuel,Automatic,Black,Black,At least 1 accident or damage reported,Yes,54999.0,188.0,3.0,6.0
Bmw,X5 3.0i,2004,140000.0,Gasoline,225.0HP 3.0L Straight 6 Cylinder Engine Gasoline Fuel,Dual Clutch,Black,Beige,,Yes,6730.0,225.0,3.0,6.0
Ford,Fusion SE,2018,75600.0,Gasoline,181.0HP 1.5L 4 Cylinder Engine Gasoline Fuel,Automatic,Blue,Black,At least 1 accident or damage reported,Yes,14950.0,181.0,1.5,4.0
Lincoln,MKZ Base,2015,117292.0,Gasoline,240.0HP 2.0L 4 Cylinder Engine Gasoline Fuel,Automatic,Beige,Beige,,Yes,12000.0,240.0,2.0,4.0
Ford,GT,2005,1897.0,Gasoline,5.4 Liter SC DOHC,Manual,White,–,,,429998.0,,5.4,
Genesis,G90 5.0 Ultimate,2017,26000.0,Gasoline,420.0HP 5.0L 8 Cylinder Engine Gasoline Fuel,Dual Clutch,White,Beige,,Yes,33600.0,420.0,5.0,8.0
Lexus,LC 500 Base,2022,2071.0,Gasoline,5.0L V8 32V PDI DOHC,Automatic,Nightfall Mica,Caramel,,,99950.0,,5.0,8.0
Ford,Shelby GT500 Base,2014,15629.0,Gasoline,5.8L V8 32V MPFI DOHC Supercharged,Manual,Black,Black,,,61900.0,,5.8,8.0
Saturn,Sky Base,2008,15020.0,Gasoline,173.0HP 2.4L 4 Cylinder Engine Gasoline Fuel,Automatic,Silver,Red,,Yes,18500.0,173.0,2.4,4.0
Audi,RS Q8 4.0T quattro,2022,11322.0,Gasoline,4.0L V8 32V GDI DOHC Twin Turbo,Automatic,Daytona Gray Pearl Effect,Black / Express Red,,,119900.0,,4.0,8.0
Toyota,Land Cruiser,2016,50361.0,Gasoline,5.7 Liter,Automatic,Silver,Black,,,65998.0,,5.7,
Mercedes-Benz,SL-Class SL 550,2013,115000.0,Gasoline,429.0HP 4.6L 8 Cylinder Engine Gasoline Fuel,Dual Clutch,Black,Black,At least 1 accident or damage reported,Yes,36000.0,429.0,4.6,8.0
Porsche,911 Carrera C2S,2005,28500.0,Gasoline,355.0HP 3.8L Flat 6 Cylinder Engine Gasoline Fuel,Manual,Silver,Black,,Yes,63500.0,355.0,3.8,6.0
Mercedes-Benz,AMG GLA 45 Base 4MATIC,2018,51700.0,Gasoline,375.0HP 2.0L 4 Cylinder Engine Gasoline Fuel,Dual Clutch,White,Black,,Yes,32000.0,375.0,2.0,4.0
Ford,Taurus X Limited,2008,148949.0,Gasoline,263.0HP 3.5L V6 Cylinder Engine Gasoline Fuel,Automatic,Blue,Beige,,Yes,3900.0,263.0,3.5,6.0
Bmw,440 Gran Coupe i,2018,39300.0,Gasoline,320.0HP 3.0L Straight 6 Cylinder Engine Gasoline Fuel,Automatic,White,Beige,At least 1 accident or damage reported,Yes,31750.0,320.0,3.0,6.0
Honda,S2000 CR,2008,82323.0,Gasoline,237.0HP 2.2L 4 Cylinder Engine Gasoline Fuel,Manual,Black,Black,,Yes,28500.0,237.0,2.2,4.0
Acura,Integra w/A-Spec Tech Package,2023,3574.0,Gasoline,1.5 Liter Turbo,CVT,Apex Blue,Orchid,,,34998.0,,1.5,
Ford,Excursion Limited,2001,109357.0,Gasoline,310.0HP 6.8L 10 Cylinder Engine Gasoline Fuel,Automatic,Green,Beige,,Yes,12749.0,310.0,6.8,10.0
Mercedes-Benz,SL-Class SL500 Roadster,2004,46000.0,Gasoline,302.0HP 5.0L 8 Cylinder Engine Gasoline Fuel,Automatic,White,Gray,,Yes,18853.0,302.0,5.0,8.0
Mercedes-Benz,CLS-Class CLS 550,2007,123112.0,Gasoline,382.0HP 5.5L 8 Cylinder Engine Gasoline Fuel,Automatic,Silver,Black,At least 1 accident or damage reported,Yes,104999.0,382.0,5.5,8.0
Infiniti,G35 Sport,2007,37100.0,Gasoline,306.0HP 3.5L V6 Cylinder Engine Gasoline Fuel,Manual,Gray,Black,,Yes,16900.0,306.0,3.5,6.0
Volkswagen,Golf GTI 2.0T S 4-Door,2016,89000.0,Gasoline,210.0HP 2.0L 4 Cylinder Engine Gasoline Fuel,Manual,Silver,Black,,Yes,14500.0,210.0,2.0,4.0
Dodge,Challenger R/T Scat Pack,2022,1240.0,Gasoline,6.4L V8 16V MPFI OHV,Automatic,Go Mango!,Black,,,53900.0,,6.4,8.0
Lincoln,Navigator L Reserve,2019,67073.0,Gasoline,450.0HP 3.5L V6 Cylinder Engine Gasoline Fuel,Automatic,Black,Black,At least 1 accident or damage reported,Yes,47999.0,450.0,3.5,6.0
Maserati,Ghibli S Q4,2015,28700.0,Gasoline,404.0HP 3.0L V6 Cylinder Engine Gasoline Fuel,Automatic,White,Red,,,24900.0,404.0,3.0,6.0
Tesla,Model X Base,2023,8200.0,,670.0HP Electric Motor Electric Fuel System,Automatic,Black,Black,,Yes,93999.0,670.0,,
Mercedes-Benz,AMG G 63 Base,2018,41000.0,Gasoline,563.0HP 5.5L 8 Cylinder Engine Gasoline Fuel,Dual Clutch,Gray,Black,,Yes,108900.0,563.0,5.5,8.0
Ford,Expedition Limited,2018,98995.0,Gasoline,3.5 Liter GTDI,Automatic,Ingot Silver Metallic,Ebony,,,34998.0,,3.5,
Volkswagen,Routan SE,2012,123815.0,Gasoline,283.0HP 3.6L V6 Cylinder Engine Gasoline Fuel,Automatic,Black,Gray,,Yes,5000.0,283.0,3.6,6.0
Bugatti,Veyron 16.4 Grand Sport,2011,6330.0,Gasoline,8.0L W16 64V GDI DOHC Twin Turbo,Automatic,White,White,,Yes,1950995.0,,8.0,
Toyota,Highlander XLE,2020,61341.0,Gasoline,3.5L V6 24V PDI DOHC,Automatic,Midnight Black Metallic,Black,At least 1 accident or damage reported,,34084.0,,3.5,6.0
Honda,Civic LX,2016,96473.0,Gasoline,2.0L I4 16V MPFI DOHC,Automatic,Black,Black,,,15599.0,,2.0,
Jeep,Wrangler Unlimited Sahara,2017,66107.0,Gasoline,3.6L V6 24V MPFI DOHC,Automatic,Black Clearcoat,Black,,,31331.0,,3.6,6.0
Land,Rover Range Rover Supercharged,2008,114287.0,Gasoline,400.0HP 4.2L 8 Cylinder Engine Gasoline Fuel,Automatic,Black,Black,,Yes,9900.0,400.0,4.2,8.0
Acura,ILX 2.0L w/Premium Package,2015,75000.0,Gasoline,150.0HP 2.0L 4 Cylinder Engine Gasoline Fuel,Automatic,Gold,Beige,,Yes,14500.0,150.0,2.0,4.0
Bmw,M6 Base,2016,45800.0,Gasoline,560.0HP 4.4L 8 Cylinder Engine Gasoline Fuel,Automatic,Gold,Black,,,36800.0,560.0,4.4,8.0
Polestar,2 Launch Edition,2021,12172.0,,Electric,Automatic,Thunder Gray,Charcoal,,,35999.0,,,
Bmw,X6 sDrive35i,2016,70582.0,Gasoline,300.0HP 3.0L Straight 6 Cylinder Engine Gasoline Fuel,Automatic,Black,White,At least 1 accident or damage reported,Yes,35000.0,300.0,3.0,6.0
Porsche,Cayman S,2014,33088.0,Gasoline,325.0HP 3.4L Flat 6 Cylinder Engine Gasoline Fuel,Automatic,Black,Black,,Yes,49750.0,325.0,3.4,6.0
Lincoln,Corsair Grand Touring,2021,1850.0,Plug-In Hybrid,266.0HP 2.5L 4 Cylinder Engine Plug-In Electric/Gas,,Silver,Beige,,Yes,49000.0,266.0,2.5,4.0
Cadillac,DTS Luxury II,2008,94155.0,Gasoline,275.0HP 4.6L 8 Cylinder Engine Gasoline Fuel,Automatic,White,Beige,,Yes,10500.0,275.0,4.6,8.0
Cadillac,ATS 3.6L Luxury,2016,25000.0,Gasoline,335.0HP 3.6L V6 Cylinder Engine Gasoline Fuel,Automatic,Red,Beige,,Yes,17999.0,335.0,3.6,6.0
Gmc,Sierra 1500 SLT,2016,99500.0,Gasoline,355.0HP 5.3L 8 Cylinder Engine Gasoline Fuel,Automatic,Gray,Black,,Yes,27995.0,355.0,5.3,8.0
Infiniti,G37 x,2009,158564.0,Gasoline,328.0HP 3.7L V6 Cylinder Engine Gasoline Fuel,Automatic,Blue,Beige,,Yes,8750.0,328.0,3.7,6.0
Ford,Transit-350 XLT,2023,20000.0,Gasoline,310.0HP 3.5L V6 Cylinder Engine Gasoline Fuel,Automatic,Black,Black,,Yes,78499.0,310.0,3.5,6.0
Cadillac,XTS Luxury,2018,46711.0,Gasoline,304.0HP 3.6L V6 Cylinder Engine Gasoline Fuel,Automatic,Silver,Black,At least 1 accident or damage reported,Yes,20850.0,304.0,3.6,6.0
Nissan,NV Passenger NV3500 HD SL V8,2017,46496.0,Gasoline,375.0HP 5.6L 8 Cylinder Engine Gasoline Fuel,Automatic,Black,Gray,,Yes,41000.0,375.0,5.6,8.0
Mercedes-Benz,GLS 450 Base 4MATIC,2019,19800.0,Gasoline,362.0HP 3.0L V6 Cylinder Engine Gasoline Fuel,Automatic,Silver,Black,,Yes,53800.0,362.0,3.0,6.0
Toyota,Land Cruiser Base,2008,175000.0,Gasoline,381.0HP 5.7L 8 Cylinder Engine Gasoline Fuel,Automatic,Black,Beige,At least 1 accident or damage reported,Yes,37900.0,381.0,5.7,8.0
Toyota,Land Cruiser Base,2016,61500.0,Gasoline,381.0HP 5.7L 8 Cylinder Engine Gasoline Fuel,Automatic,White,Black,,Yes,63500.0,381.0,5.7,8.0
Ram,ProMaster 2500 Window Van High Roof,2016,49750.0,Gasoline,280.0HP 3.6L V6 Cylinder Engine Gasoline Fuel,Automatic,Black,Gray,,Yes,65000.0,280.0,3.6,6.0
Lamborghini,Gallardo Base,2007,38800.0,Gasoline,493.0HP 5.0L 10 Cylinder Engine Gasoline Fuel,Dual Clutch,Orange,Orange,,Yes,100000.0,493.0,5.0,10.0
Lincoln,MKZ Base,2011,83765.0,Gasoline,263.0HP 3.5L V6 Cylinder Engine Gasoline Fuel,Automatic,Black,Black,,Yes,8995.0,263.0,3.5,6.0
Mercedes-Benz,EQS 450 4MATIC,2023,7388.0,,355.0HP Electric Motor Electric Fuel System,Automatic,Gray,Beige,,Yes,105500.0,355.0,,
Lamborghini,Huracan Tecnica Coupe,2023,278.0,Gasoline,"5.2L V-10 gasoline direct injection, DOHC, variable valve contro",Automatic,Bianco Monocerus,Nero Ade,,,359991.0,,5.2,
Alfa,Romeo Giulia Quadrifoglio,2022,1966.0,Gasoline,2.9L V6 24V GDI DOHC Twin Turbo,Automatic,Verde,Black,,,75900.0,,2.9,6.0
Chevrolet,Trailblazer LT,2021,50648.0,Gasoline,1.2L I3 12V GDI DOHC Turbo,Automatic,Pacific Blue Metallic,Jet Black,,,23995.0,,1.2,
Toyota,Land Cruiser Base,1993,231500.0,,–,Automatic,White,Gray,,Yes,29500.0,,,
Lamborghini,Urus Base,2021,13692.0,Gasoline,641.0HP 4.0L 8 Cylinder Engine Gasoline Fuel,Automatic,Black,Red,,Yes,257000.0,641.0,4.0,8.0
Infiniti,G37 x,2013,60058.0,Gasoline,328.0HP 3.7L V6 Cylinder Engine Gasoline Fuel,Automatic,White,Beige,At least 1 accident or damage reported,Yes,15000.0,328.0,3.7,6.0
Maserati,Levante S,2017,54423.0,Gasoline,424.0HP 3.0L V6 Cylinder Engine Gasoline Fuel,Automatic,Black,Black,,Yes,33950.0,424.0,3.0,6.0
Toyota,Highlander Limited,2022,24001.0,Gasoline,3.5L V6 24V PDI DOHC,Automatic,Wind Chill Pearl,Graphite,,,47498.0,,3.5,6.0
Nissan,Armada SL,2022,14735.0,Gasoline,5.6 Liter,Automatic,White,Black,,,50998.0,,5.6,
Audi,Q5 Premium,2023,2425.0,Hybrid,2.0 Liter TFSI,Automatic,Mythos Black,–,,,42998.0,,2.0,
Ford,Shelby GT500 Base,2022,2050.0,Gasoline,760.0HP 5.2L 8 Cylinder Engine Gasoline Fuel,Dual Clutch,Gray,Black,,Yes,94999.0,760.0,5.2,8.0
Lincoln,Navigator L Reserve,2019,64855.0,Gasoline,450.0HP 3.5L V6 Cylinder Engine Gasoline Fuel,Automatic,Silver,Beige,,Yes,46995.0,450.0,3.5,6.0
Mercedes-Benz,EQS 450+ Base,2022,16238.0,,329.0HP Electric Motor Electric Fuel System,Automatic,White,Beige,,Yes,62479.0,329.0,,
Ram,1500 Laramie,2022,18051.0,Gasoline,5.7L V8 16V MPFI OHV,Automatic,Patriot Blue Pearlcoat,Black,,Yes,47995.0,,5.7,8.0
Lincoln,Town Car Base,2004,36524.0,Gasoline,239.0HP 4.6L 8 Cylinder Engine Gasoline Fuel,Automatic,Black,Black,,Yes,14900.0,239.0,4.6,8.0
Acura,TLX w/A-Spec Package,2022,14896.0,Gasoline,2.0 Liter DOHC Turbo,,Lunar Silver Metallic,Ebony,,,39998.0,,2.0,
Toyota,Camry Hybrid LE,2022,14048.0,Hybrid,2.5L I4 16V PDI DOHC Hybrid,Automatic,Black,Black,,,29999.0,,2.5,
Honda,CR-V EX,2003,224000.0,Gasoline,160.0HP 2.4L 4 Cylinder Engine Gasoline Fuel,Manual,Black,Gray,,Yes,3900.0,160.0,2.4,4.0
Mercedes-Benz,E-Class E 550,2014,80581.0,Gasoline,402.0HP 4.7L 8 Cylinder Engine Gasoline Fuel,Dual Clutch,Gray,Beige,,Yes,26000.0,402.0,4.7,8.0
Mazda,MX-5 Miata Grand Touring,2007,81400.0,Gasoline,166.0HP 2.0L 4 Cylinder Engine Gasoline Fuel,Manual,Red,–,At least 1 accident or damage reported,Yes,11000.0,166.0,2.0,4.0
Porsche,718 Boxster Base,2019,6700.0,Gasoline,300.0HP 2.0L 4 Cylinder Engine Gasoline Fuel,Automatic,Gray,Black,,Yes,63000.0,300.0,2.0,4.0
Ford,Transit-350 XLT,2015,143000.0,Gasoline,275.0HP 3.7L V6 Cylinder Engine Gasoline Fuel,Automatic,Silver,Gray,,Yes,22500.0,275.0,3.7,6.0
Kia,Sportage SX Turbo,2017,87842.0,Gasoline,2.0L I4 16V GDI DOHC Turbo,Automatic,Black Cherry,Black,,Yes,18688.0,,2.0,
Infiniti,G37 S Sport,2010,116451.0,Gasoline,328.0HP 3.7L V6 Cylinder Engine Gasoline Fuel,Manual,White,Gray,,Yes,16500.0,328.0,3.7,6.0
Nissan,Titan XD S,2019,53677.0,Gasoline,390.0HP 5.6L 8 Cylinder Engine Gasoline Fuel,Automatic,Red,Gray,,Yes,27900.0,390.0,5.6,8.0
Audi,S7 2.9T Prestige,2021,12000.0,Hybrid,444.0HP 2.9L V6 Cylinder Engine Gasoline/Mild Electric Hybrid,Automatic,Gray,Black,,Yes,77500.0,444.0,2.9,6.0
Land,Rover Discovery HSE,2019,20034.0,Gasoline,3.0 Liter,Automatic,Yulong White,Tan/Ebony,,,43998.0,,3.0,
Ford,Transit-350 XLT,2020,32000.0,Diesel,210.0HP 2.0L 4 Cylinder Engine Diesel Fuel,Automatic,Black,Black,,Yes,68000.0,210.0,2.0,4.0
Infiniti,Q70 3.7,2014,70312.0,Gasoline,330.0HP 3.7L V6 Cylinder Engine Gasoline Fuel,Automatic,Black,Black,,Yes,19995.0,330.0,3.7,6.0
Jeep,Gladiator Rubicon,2022,8794.0,Gasoline,285.0HP 3.6L V6 Cylinder Engine Gasoline Fuel,Automatic,White,Black,,Yes,54000.0,285.0,3.6,6.0
Lincoln,MKX Base,2010,156000.0,Gasoline,265.0HP 3.5L V6 Cylinder Engine Gasoline Fuel,Automatic,Black,Black,At least 1 accident or damage reported,Yes,5900.0,265.0,3.5,6.0
Porsche,911 Carrera 4S,2020,25568.0,Gasoline,3.0L H6 24V GDI DOHC Twin Turbo,Manual,Red,Black,,Yes,134999.0,,3.0,
Mercedes-Benz,AMG C 43 Base 4MATIC,2018,67100.0,Gasoline,362.0HP 3.0L V6 Cylinder Engine Gasoline Fuel,Dual Clutch,Gray,Black,At least 1 accident or damage reported,Yes,34250.0,362.0,3.0,6.0
Porsche,Cayman Base,2014,52000.0,Gasoline,275.0HP 2.7L Flat 6 Cylinder Engine Gasoline Fuel,Dual Clutch,Blue,Beige,At least 1 accident or damage reported,Yes,37000.0,275.0,2.7,6.0
Acura,MDX 3.7L Advance,2011,137200.0,Gasoline,300.0HP 3.7L V6 Cylinder Engine Gasoline Fuel,Dual Clutch,White,Gray,,Yes,12000.0,300.0,3.7,6.0
Volkswagen,Golf R 4-Door w/DCC & Navigation,2018,36000.0,Gasoline,292.0HP 2.0L 4 Cylinder Engine Gasoline Fuel,Automatic,White,Black,At least 1 accident or damage reported,Yes,32000.0,292.0,2.0,4.0
Kia,Forte GT-Line,2023,15500.0,Gasoline,147.0HP 2.0L 4 Cylinder Engine Gasoline Fuel,,White,Black,At least 1 accident or damage reported,Yes,24500.0,147.0,2.0,4.0
Bmw,M8 Competition,2020,10906.0,Gasoline,4.4 Liter Twin Turbo,Automatic,Donington Grey Metallic,Black,,,96998.0,,4.4,
Lincoln,MKC Select,2019,49814.0,Gasoline,2.0L I4 16V GDI DOHC Turbo,Automatic,Ruby Red Metallic Tinted Clearcoat,Cappuccino,,,26545.0,,2.0,
Bmw,i8 Base,2015,846.0,Plug-In Hybrid,357.0HP 1.5L 3 Cylinder Engine Plug-In Electric/Gas,Automatic,White,White,,Yes,86999.0,357.0,1.5,3.0
Toyota,Highlander XLE,2021,67039.0,Gasoline,3.5L V6 24V PDI DOHC,Automatic,Blue,Black,,,34645.0,,3.5,6.0
Mazda,CX-30 Premium Package,2023,2636.0,Gasoline,2.5L I4 16V,Automatic,Platinum Quartz Metallic,Black,,,28535.0,,2.5,
Porsche,Cayenne Platinum Edition,2018,50166.0,Gasoline,3.6L V6 24V GDI DOHC,Automatic,White,Black,At least 1 accident or damage reported,Yes,43550.0,,3.6,6.0
Lincoln,MKZ Reserve,2017,37375.0,Gasoline,400.0HP 3.0L V6 Cylinder Engine Gasoline Fuel,Automatic,Blue,Brown,,Yes,27500.0,400.0,3.0,6.0
Tesla,Model 3 Standard Range Plus,2021,21600.0,,271.0HP Electric Motor Electric Fuel System,Automatic,White,Black,,Yes,31000.0,271.0,,
Porsche,718 Cayman S,2019,9500.0,Gasoline,350.0HP 2.5L 4 Cylinder Engine Gasoline Fuel,Automatic,Red,Black,At least 1 accident or damage reported,Yes,69000.0,350.0,2.5,4.0
Chevrolet,Corvette Base,2005,143095.0,Gasoline,400.0HP 6.0L 8 Cylinder Engine Gasoline Fuel,Automatic,Red,Black,,Yes,16000.0,400.0,6.0,8.0
Acura,RSX Type S,2002,80000.0,Gasoline,200.0HP 2.0L 4 Cylinder Engine Gasoline Fuel,Manual,Beige,Beige,At least 1 accident or damage reported,Yes,8500.0,200.0,2.0,4.0
Ferrari,Roma Base,2021,3000.0,Gasoline,611.0HP 3.9L 8 Cylinder Engine Gasoline Fuel,Automatic,Blue,Brown,,Yes,275000.0,611.0,3.9,8.0
Porsche,Cayman S,2007,5856.0,Gasoline,295.0HP 3.4L Flat 6 Cylinder Engine Gasoline Fuel,Manual,Black,Black,,Yes,45000.0,295.0,3.4,6.0
Rolls-Royce,Phantom Drophead Coupe Drophead,2013,2958.0,Gasoline,6.8L V12 48V GDI DOHC,Automatic,Yellow,–,,Yes,488880.0,,6.8,12.0
Audi,SQ7 4.0T,2022,28927.0,Gasoline,4.0L V8 32V GDI DOHC Twin Turbo,Automatic,Matador Red Metallic,Black,,,74900.0,,4.0,8.0
Mercedes-Benz,AMG GLS 63 4MATIC,2022,4102.0,Hybrid,603.0HP 4.0L 8 Cylinder Engine Gasoline/Mild Electric Hybrid,Automatic,Black,Black,,Yes,144664.0,603.0,4.0,8.0
Honda,Ridgeline RTL-E,2021,14442.0,Gasoline,280.0HP 3.5L V6 Cylinder Engine Gasoline Fuel,Automatic,White,Beige,,Yes,38500.0,280.0,3.5,6.0
Mercedes-Benz,CLK-Class 500 Cabriolet,2005,64000.0,Gasoline,302.0HP 5.0L 8 Cylinder Engine Gasoline Fuel,Automatic,Silver,Black,,Yes,12995.0,302.0,5.0,8.0
Lexus,GX 470 Base,2004,154000.0,Gasoline,235.0HP 4.7L 8 Cylinder Engine Gasoline Fuel,Automatic,White,Beige,At least 1 accident or damage reported,Yes,10000.0,235.0,4.7,8.0
Lexus,NX 200t Base,2015,54000.0,Gasoline,235.0HP 2.0L 4 Cylinder Engine Gasoline Fuel,Automatic,White,Black,,Yes,27000.0,235.0,2.0,4.0
Dodge,Dakota SLT Quad Cab,2007,232492.0,Gasoline,210.0HP 3.7L V6 Cylinder Engine Gasoline Fuel,Automatic,Silver,Gray,At least 1 accident or damage reported,Yes,6000.0,210.0,3.7,6.0
Maserati,Ghibli S Q4 GranSport,2020,25721.0,Gasoline,3.0L V6 24V GDI DOHC Twin Turbo,Automatic,Blu,Nero,,Yes,52645.0,,3.0,6.0
Land,Rover Discovery Sport SE R-Dynamic,2020,20927.0,Gasoline,2.0 Liter,Automatic,Fuji White,–,,,35998.0,,2.0,
Aston,Martin DBX Base,2021,2353.0,Gasoline,4.0L V8 32V GDI DOHC Twin Turbo,Automatic,Green,Sahara Tan,,Yes,159500.0,,4.0,8.0
Audi,Q3 45 S line Premium,2022,9325.0,Gasoline,2.0L I4 16V GDI DOHC Turbo,Automatic,Mythos Black Metallic,Black,,,33610.0,,2.0,
Ford,Explorer XLT,2020,61001.0,Gasoline,2.3L I4 16V GDI DOHC Turbo,Automatic,Gray,Ebony,At least 1 accident or damage reported,Yes,28616.0,,2.3,
Mercedes-Benz,AMG GLC 63 Base 4MATIC,2018,71962.0,Gasoline,469.0HP 4.0L 8 Cylinder Engine Gasoline Fuel,Automatic,White,Black,,Yes,46900.0,469.0,4.0,8.0
Subaru,BRZ Premium,2023,5800.0,Gasoline,228.0HP 2.4L 4 Cylinder Engine Gasoline Fuel,Manual,Black,Black,,Yes,29990.0,228.0,2.4,4.0
Bmw,640 i,2016,40080.0,Gasoline,315.0HP 3.0L Straight 6 Cylinder Engine Gasoline Fuel,Automatic,Black,Black,,Yes,28499.0,315.0,3.0,6.0
Kia,Stinger GT2,2020,57000.0,Gasoline,365.0HP 3.3L V6 Cylinder Engine Gasoline Fuel,Automatic,Black,Red,At least 1 accident or damage reported,Yes,36500.0,365.0,3.3,6.0
Chevrolet,Bolt EUV Premier,2022,7624.0,,Electric,Automatic,Mosaic Black Metallic,Jet Black,,Yes,31985.0,,,
Subaru,Forester 2.5 XT,2004,122000.0,Gasoline,210.0HP 2.5L 4 Cylinder Engine Gasoline Fuel,Manual,Gold,Black,At least 1 accident or damage reported,Yes,9999.0,210.0,2.5,4.0
Kia,Sportage X-Pro,2023,459.0,Gasoline,2.5L I4 16V PDI DOHC,Automatic,Jungle Green,Black,,,36998.0,,2.5,
Bmw,M4 Base,2016,62500.0,Gasoline,425.0HP 3.0L Straight 6 Cylinder Engine Gasoline Fuel,Automatic,Black,Orange,At least 1 accident or damage reported,Yes,40500.0,425.0,3.0,6.0
Hyundai,Equus Signature,2013,72000.0,Gasoline,429.0HP 5.0L 8 Cylinder Engine Gasoline Fuel,Automatic,Silver,Black,,Yes,17500.0,429.0,5.0,8.0
Mercedes-Benz,AMG E 53 4MATIC,2020,8375.0,Gasoline,"AMG 3L I-6 gasoline direct injection, DOHC, variable valve contr",Automatic,BLACK,BLACK,,,69900.0,,,
Bmw,M550 i xDrive,2020,40000.0,Gasoline,523.0HP 4.4L 8 Cylinder Engine Gasoline Fuel,Dual Clutch,Blue,Black,,Yes,53000.0,523.0,4.4,8.0
Subaru,Impreza WRX STI,2014,77000.0,Gasoline,305.0HP 2.5L 4 Cylinder Engine Gasoline Fuel,Manual,Gray,Black,At least 1 accident or damage reported,Yes,30000.0,305.0,2.5,4.0
Mercedes-Benz,AMG G 63 Base,2019,19593.0,Gasoline,4.0 Liter Twin Turbo,Automatic,Black,Black,,,159998.0,,4.0,
Mazda,Mazda6 Grand Touring,2020,35902.0,Gasoline,2.5L I4 16V GDI DOHC Turbo,Automatic,Deep Crystal Blue Mica,Black,,,22966.0,,2.5,
Hyundai,Veloster Base,2013,800.0,Gasoline,132.0HP 1.6L 4 Cylinder Engine Gasoline Fuel,Dual Clutch,Black,Gray,,Yes,9800.0,132.0,1.6,4.0
Bentley,Bentayga S,2023,2600.0,Gasoline,4.0L V8 32V GDI DOHC Twin Turbo,Automatic,Beluga Black,Hotspur,,Yes,239995.0,,4.0,8.0
Land,Rover Defender X-Dynamic SE,2023,6204.0,Hybrid,3.0 Liter,Automatic,Eiger Grey,–,,,79998.0,,3.0,
Kia,Telluride SX,2020,69185.0,Gasoline,3.8L V6 24V GDI DOHC,Automatic,Ebony Black,Gray,,,37405.0,,3.8,6.0
Maserati,GranTurismo Sport,2015,45000.0,Gasoline,454.0HP 4.7L 8 Cylinder Engine Gasoline Fuel,Automatic,Black,Black,,Yes,41900.0,454.0,4.7,8.0
Bmw,540 i xDrive,2020,37426.0,Gasoline,2.0 Liter Turbo,Automatic,White,Black,,,39998.0,,2.0,
Infiniti,M56 Base,2011,137000.0,Gasoline,420.0HP 5.6L 8 Cylinder Engine Gasoline Fuel,Dual Clutch,Gray,Brown,At least 1 accident or damage reported,Yes,8500.0,420.0,5.6,8.0
Mazda,Mazda3 s Grand Touring,2016,85000.0,,–,Automatic,Black,Black,At least 1 accident or damage reported,Yes,18500.0,,,
Chevrolet,Corvette Stingray w/1LT,2023,4000.0,Gasoline,490.0HP 6.2L 8 Cylinder Engine Gasoline Fuel,Automatic,Black,Red,At least 1 accident or damage reported,Yes,73900.0,490.0,6.2,8.0
Audi,Q5 S line Premium Plus,2023,4648.0,Hybrid,2.0 Liter TFSI,Automatic,Mythos Black,Black,,,47598.0,,2.0,
Lexus,GX 460 Base,2018,52100.0,Gasoline,301.0HP 4.6L 8 Cylinder Engine Gasoline Fuel,Automatic,White,Beige,,Yes,38000.0,301.0,4.6,8.0
Bmw,X1 sDrive28i,2014,50100.0,Gasoline,240.0HP 2.0L 4 Cylinder Engine Gasoline Fuel,Automatic,Brown,Beige,,Yes,10795.0,240.0,2.0,4.0
Alfa,Romeo Stelvio Ti,2020,41000.0,Gasoline,280.0HP 2.0L 4 Cylinder Engine Gasoline Fuel,Automatic,White,Black,,Yes,32400.0,280.0,2.0,4.0
Ram,1500 Big Horn,2021,70968.0,Gasoline,395.0HP 5.7L 8 Cylinder Engine Gasoline Fuel,Automatic,Black,Black,,Yes,34000.0,395.0,5.7,8.0
Bmw,M4 Base,2015,26600.0,Gasoline,425.0HP 3.0L Straight 6 Cylinder Engine Gasoline Fuel,Automatic,White,–,,Yes,53000.0,425.0,3.0,6.0
Tesla,Model X Long Range,2022,15443.0,,670.0HP Electric Motor Electric Fuel System,Automatic,Red,Black,,Yes,84500.0,670.0,,
Volvo,S90 T5 Momentum,2018,95000.0,Gasoline,250.0HP 2.0L 4 Cylinder Engine Gasoline Fuel,Automatic,White,Beige,,Yes,18000.0,250.0,2.0,4.0
Subaru,Impreza WRX Sti,2005,94000.0,Gasoline,300.0HP 2.5L 4 Cylinder Engine Gasoline Fuel,Manual,Black,Blue,,Yes,19500.0,300.0,2.5,4.0
Bmw,X6 xDrive40i,2020,45076.0,Gasoline,3.0 Liter Turbo,Automatic,Blue,Black,,,57998.0,,3.0,
Cadillac,CTS 2.0L Turbo Luxury,2014,110000.0,Gasoline,272.0HP 2.0L 4 Cylinder Engine Gasoline Fuel,Automatic,Gold,Beige,,Yes,11000.0,272.0,2.0,4.0
Land,Rover Discovery Sport HSE,2016,49083.0,Gasoline,2.0L I4 16V GDI DOHC Turbo,Automatic,Indus Silver,Ebony,,,21590.0,,2.0,
Genesis,G90 5.0 Ultimate,2017,63500.0,Gasoline,420.0HP 5.0L 8 Cylinder Engine Gasoline Fuel,Dual Clutch,Silver,Black,,Yes,27500.0,420.0,5.0,8.0
Mercedes-Benz,CLK-Class CLK 350,2009,21500.0,Gasoline,268.0HP 3.5L V6 Cylinder Engine Gasoline Fuel,Automatic,Black,Black,At least 1 accident or damage reported,Yes,18000.0,268.0,3.5,6.0
Land,Rover Range Rover Autobiography,2023,324.0,Gasoline,4.4 Liter,Automatic,Black,Blk,,,199998.0,,4.4,
Kia,Optima EX,2019,68166.0,Gasoline,"1.6L I-4 gasoline direct injection, DOHC, variable valve control",Automatic,Ebony Black,Black,,,20818.0,,1.6,
Toyota,Highlander SE,2018,53607.0,Gasoline,3.5L V6 24V PDI DOHC,Automatic,Midnight Black Metallic,Black,At least 1 accident or damage reported,,31853.0,,3.5,6.0
Mercedes-Benz,Sprinter 4500 High Roof,2019,16813.0,Diesel,188.0HP 3.0L V6 Cylinder Engine Diesel Fuel,Dual Clutch,Gray,Black,,,45900.0,188.0,3.0,6.0
Bmw,X1 xDrive28i,2020,18200.0,Gasoline,228.0HP 2.0L 4 Cylinder Engine Gasoline Fuel,Automatic,White,Beige,At least 1 accident or damage reported,Yes,29500.0,228.0,2.0,4.0
Audi,R8 5.2,2015,51000.0,Gasoline,550.0HP 5.2L 10 Cylinder Engine Gasoline Fuel,Dual Clutch,White,Black,At least 1 accident or damage reported,Yes,102000.0,550.0,5.2,10.0
Audi,S3 2.0T Tech Premium Plus,2018,16400.0,Gasoline,292.0HP 2.0L 4 Cylinder Engine Gasoline Fuel,Automatic,Blue,Red,,Yes,42800.0,292.0,2.0,4.0
Toyota,Tundra Hybrid TRD Pro,2022,7000.0,Hybrid,437.0HP 3.4L V6 Cylinder Engine Gas/Electric Hybrid,Automatic,Orange,–,,Yes,75500.0,437.0,3.4,6.0
Audi,SQ5 3.0T Premium Plus,2022,8497.0,Gasoline,3.0L V6 24V GDI DOHC Turbo,Automatic,Ibis White,Black,,,52900.0,,3.0,6.0
Audi,A6 2.0T Premium Plus,2016,68000.0,Gasoline,252.0HP 2.0L 4 Cylinder Engine Gasoline Fuel,Dual Clutch,White,Black,At least 1 accident or damage reported,Yes,20000.0,252.0,2.0,4.0
Lamborghini,Huracan EVO Base,2022,2523.0,Gasoline,5.2L V10 40V GDI DOHC,Manual,Bianco Icarus Metallic,Nero Ade,,,288900.0,,5.2,10.0
Bmw,328 xi,2007,83000.0,Gasoline,230.0HP 3.0L Straight 6 Cylinder Engine Gasoline Fuel,Automatic,Black,Brown,,Yes,8995.0,230.0,3.0,6.0
Audi,SQ5 3.0T Prestige,2018,25000.0,Gasoline,354.0HP 3.0L V6 Cylinder Engine Gasoline Fuel,Automatic,Gray,Black,,Yes,50000.0,354.0,3.0,6.0
Cadillac,Escalade Sport Platinum,2021,15689.0,Diesel,3.0L I6 24V DDI DOHC Turbo Diesel,Automatic,Infrared Tintcoat,Jet Black,,,97952.0,,3.0,
Bmw,M235 i,2014,125450.0,Gasoline,320.0HP 3.0L Straight 6 Cylinder Engine Gasoline Fuel,Manual,Blue,Black,,Yes,17200.0,320.0,3.0,6.0
Kia,Telluride SX,2023,9822.0,Gasoline,3.8L V6 24V GDI DOHC,Automatic,Midnight Black,Gray,,,50998.0,,3.8,6.0
Chevrolet,Express 3500 Base,2008,144000.0,Gasoline,323.0HP 6.0L 8 Cylinder Engine Gasoline Fuel,Automatic,White,Gray,,Yes,22000.0,323.0,6.0,8.0
Gmc,Acadia SLE,2020,30900.0,Gasoline,2.5L I4 16V GDI DOHC,Automatic,Summit White,Jet Black,,Yes,27654.0,,2.5,
Bmw,X3 xDrive30i,2021,2492.0,Gasoline,2.0 Liter Turbo,Automatic,Phytonic Blue Metallic,Canberra Beige/Black,,,41598.0,,2.0,
Audi,TT 2.0T,2015,126760.0,Gasoline,211.0HP 2.0L 4 Cylinder Engine Gasoline Fuel,Automatic,Black,Black,At least 1 accident or damage reported,Yes,14000.0,211.0,2.0,4.0
Subaru,Outback 3.6R Touring,2017,100680.0,Gasoline,256.0HP 3.6L Flat 6 Cylinder Engine Gasoline Fuel,Automatic,Brown,–,,Yes,20500.0,256.0,3.6,6.0
Mitsubishi,Eclipse Spyder GS,2001,90400.0,Gasoline,140.0HP 2.4L 4 Cylinder Engine Gasoline Fuel,Automatic,Red,–,,Yes,4495.0,140.0,2.4,4.0
Hyundai,Santa Fe SEL,2022,26895.0,Gasoline,2.5L I4 16V PDI DOHC,Automatic,Quartz White,Black,,,29800.0,,2.5,
Bmw,M5 Base,2018,20500.0,Gasoline,600.0HP 4.4L 8 Cylinder Engine Gasoline Fuel,Automatic,Silver,Black,,Yes,67000.0,600.0,4.4,8.0
Dodge,Ram 1500 ST,2011,134000.0,Gasoline,390.0HP 5.7L 8 Cylinder Engine Gasoline Fuel,Automatic,Black,Gray,At least 1 accident or damage reported,Yes,10500.0,390.0,5.7,8.0
Ford,Fusion Energi Titanium,2015,84352.0,Plug-In Hybrid,188.0HP 2.0L 4 Cylinder Engine Plug-In Electric/Gas,,Blue,Black,At least 1 accident or damage reported,Yes,10000.0,188.0,2.0,4.0
Toyota,Tundra Hybrid TRD Pro,2022,19000.0,Hybrid,437.0HP 3.4L V6 Cylinder Engine Gas/Electric Hybrid,Automatic,Orange,Black,,Yes,71000.0,437.0,3.4,6.0
Land,Rover Range Rover Evoque Pure,2015,115550.0,Gasoline,240.0HP 2.0L 4 Cylinder Engine Gasoline Fuel,Automatic,White,Black,,Yes,17500.0,240.0,2.0,4.0
Lincoln,Navigator Base,2009,191775.0,E85 Flex Fuel,310.0HP 5.4L 8 Cylinder Engine Flex Fuel Capability,Automatic,White,Beige,At least 1 accident or damage reported,Yes,9750.0,310.0,5.4,8.0
Ford,Mustang Mach-E Select,2023,923.0,,Standard Range Battery,Automatic,Rapid Red Metallic Tinted Clearcoat,Black Onyx,,,46998.0,,,
Mercedes-Benz,Sprinter 3500 High Roof,2017,124630.0,Diesel,188.0HP 3.0L V6 Cylinder Engine Diesel Fuel,Automatic,Black,Black,,Yes,75000.0,188.0,3.0,6.0
Mercedes-Benz,AMG E 63 S 4MATIC,2019,17000.0,Gasoline,603.0HP 4.0L 8 Cylinder Engine Gasoline Fuel,Automatic,White,Brown,,Yes,95000.0,603.0,4.0,8.0
Bmw,440 i xDrive,2018,73500.0,Gasoline,320.0HP 3.0L Straight 6 Cylinder Engine Gasoline Fuel,Automatic,Black,Blue,,Yes,32000.0,320.0,3.0,6.0
Acura,Integra LS,1998,120000.0,Gasoline,140.0HP 1.8L 4 Cylinder Engine Gasoline Fuel,Automatic,Red,–,At least 1 accident or damage reported,Yes,5500.0,140.0,1.8,4.0
Audi,Q7 55 Prestige,2019,73837.0,Gasoline,3.0L V6 24V GDI DOHC Supercharged,Automatic,Cobra Beige Metallic,Nougat Brown,,Yes,36340.0,,3.0,6.0
Bmw,M6 Base,2014,29500.0,Gasoline,560.0HP 4.4L 8 Cylinder Engine Gasoline Fuel,Dual Clutch,Silver,Black,,Yes,40999.0,560.0,4.4,8.0
Volkswagen,Arteon 2.0T SE,2021,13613.0,Gasoline,2.0 Liter TSI,Automatic,Pure White,Titan Black,,,29798.0,,2.0,
Lexus,LX 600 F SPORT,2023,1185.0,Gasoline,409.0HP 3.4L V6 Cylinder Engine Gasoline Fuel,Automatic,Black,Black,,Yes,120990.0,409.0,3.4,6.0
Infiniti,Q40 Base,2015,143250.0,Gasoline,328.0HP 3.7L V6 Cylinder Engine Gasoline Fuel,Dual Clutch,Silver,Black,,Yes,11500.0,328.0,3.7,6.0
Bmw,Z4 3.0i Roadster,2006,46508.0,Gasoline,215.0HP 3.0L Straight 6 Cylinder Engine Gasoline Fuel,Dual Clutch,Green,Beige,At least 1 accident or damage reported,Yes,11500.0,215.0,3.0,6.0
Bmw,M6 Base,2015,18651.0,Gasoline,560.0HP 4.4L 8 Cylinder Engine Gasoline Fuel,Dual Clutch,Red,Black,,Yes,59549.0,560.0,4.4,8.0
Bmw,X3 M40i,2019,36438.0,Gasoline,3.0 Liter Turbo,Automatic,Alpine White,Oyster W/Contrast,,,39998.0,,3.0,
Kia,Sorento LX,2014,46628.0,Gasoline,2.4L I4 16V GDI DOHC,Automatic,Snow White Pearl,Beige,,,15363.0,,2.4,
Rivian,R1S Adventure Package,2023,5700.0,,835.0HP Electric Motor Electric Fuel System,Automatic,Gray,White,,Yes,95000.0,835.0,,
Bmw,Z4 sDrive28i,2015,57550.0,Gasoline,240.0HP 2.0L 4 Cylinder Engine Gasoline Fuel,Manual,Black,White,,Yes,29995.0,240.0,2.0,4.0
Cadillac,CTS-V Base,2017,48600.0,Gasoline,640.0HP 6.2L 8 Cylinder Engine Gasoline Fuel,Dual Clutch,Black,Black,,Yes,60999.0,640.0,6.2,8.0
Ford,Transit Connect XL,2020,119000.0,Gasoline,169.0HP 2.5L 4 Cylinder Engine Gasoline Fuel,Automatic,White,Black,,Yes,18000.0,169.0,2.5,4.0
Land,Rover Range Rover Velar SVAutobiography Dynamic Edition,2020,36500.0,Gasoline,550.0HP 5.0L 8 Cylinder Engine Gasoline Fuel,Dual Clutch,White,Red,,Yes,72000.0,550.0,5.0,8.0
Lexus,IS 250 Base,2010,121250.0,Gasoline,204.0HP 2.5L V6 Cylinder Engine Gasoline Fuel,Automatic,Black,White,At least 1 accident or damage reported,Yes,13250.0,204.0,2.5,6.0
Bmw,X7 xDrive40i,2023,2437.0,Hybrid,375.0HP 3.0L Straight 6 Cylinder Engine Gasoline/Mild Electric Hybrid,Dual Clutch,Gray,Black,,Yes,78350.0,375.0,3.0,6.0
Volvo,XC90 T6 Momentum,2018,110380.0,Gasoline,316.0HP 2.0L 4 Cylinder Engine Gasoline Fuel,Automatic,Gray,Beige,At least 1 accident or damage reported,Yes,22000.0,316.0,2.0,4.0
Hyundai,Tucson Limited,2008,149000.0,Gasoline,173.0HP 2.7L V6 Cylinder Engine Gasoline Fuel,Automatic,Black,Gray,,Yes,3850.0,173.0,2.7,6.0
Dodge,Durango GT,2021,14684.0,Gasoline,3.6L V6 24V MPFI DOHC,Automatic,DB Black Clearcoat,Black,,,37995.0,,3.6,6.0
Mercedes-Benz,AMG C 43 Base 4MATIC,2017,39000.0,Gasoline,362.0HP 3.0L V6 Cylinder Engine Gasoline Fuel,Automatic,White,Black,At least 1 accident or damage reported,Yes,39000.0,362.0,3.0,6.0
Gmc,Yukon XL SLT,2019,65212.0,Gasoline,5.3L V8 16V GDI OHV,Automatic,Summit White,Jet Black,,Yes,42995.0,,5.3,8.0
Audi,RS Q8 4.0T,2020,41856.0,Gasoline,591.0HP 4.0L 8 Cylinder Engine Gasoline Fuel,Dual Clutch,Gray,Black,,Yes,91500.0,591.0,4.0,8.0
Rivian,R1S Adventure Package,2023,655.0,,835.0HP Electric Motor Electric Fuel System,Automatic,Red,Silver,,Yes,94500.0,835.0,,
Toyota,RAV4 Hybrid XLE,2019,54000.0,Hybrid,219.0HP 2.5L 4 Cylinder Engine Gas/Electric Hybrid,,Gray,Gray,,Yes,33000.0,219.0,2.5,4.0
Alfa,Romeo Stelvio Quadrifoglio,2019,26500.0,Gasoline,505.0HP 2.9L V6 Cylinder Engine Gasoline Fuel,Automatic,Gray,Black,,Yes,53900.0,505.0,2.9,6.0
Land,Rover Range Rover Evoque SE,2020,38356.0,Gasoline,2.0 Liter,Automatic,Firenze Red Metallic,Ebony,,,36598.0,,2.0,
Alfa,Romeo Stelvio Ti Sport,2020,21487.0,Gasoline,2.0L I4 16V GDI SOHC Turbo,Automatic,Anodized Blue Metallic,Ice,,Yes,35345.0,,2.0,
Cadillac,Escalade EXT Base,2007,99000.0,Gasoline,403.0HP 6.2L 8 Cylinder Engine Gasoline Fuel,Automatic,Black,Black,,Yes,22999.0,403.0,6.2,8.0
Ford,F-250 Lariat,2019,35597.0,E85 Flex Fuel,6.2L V8 16V MPFI SOHC Flexible Fuel,Automatic,Black,Black,,,47756.0,,6.2,8.0
Nissan,350Z Enthusiast,2005,130307.0,Gasoline,287.0HP 3.5L V6 Cylinder Engine Gasoline Fuel,Automatic,Blue,Black,,Yes,9950.0,287.0,3.5,6.0
Subaru,Legacy 2.5 i Premium,2010,178000.0,Gasoline,170.0HP 2.5L 4 Cylinder Engine Gasoline Fuel,Automatic,Blue,Black,,Yes,7600.0,170.0,2.5,4.0
Honda,Civic LX,2003,160265.0,Gasoline,115.0HP 1.7L 4 Cylinder Engine Gasoline Fuel,Automatic,White,Gray,At least 1 accident or damage reported,Yes,3000.0,115.0,1.7,4.0
Mclaren,570S Spider,2020,8700.0,Gasoline,562.0HP 3.8L 8 Cylinder Engine Gasoline Fuel,Dual Clutch,Black,Black,,Yes,185000.0,562.0,3.8,8.0
Maserati,Ghibli S Q4,2016,1000.0,Gasoline,404.0HP 3.0L V6 Cylinder Engine Gasoline Fuel,Dual Clutch,Gray,Red,,Yes,36000.0,404.0,3.0,6.0
Jeep,Wagoneer Series II 4x4,2022,29800.0,Gasoline,"HEMI 5.7L V-8 variable valve control, regular unleaded, engine w",Automatic,–,–,,,58900.0,,5.7,
Maserati,Ghibli S Q4,2017,49750.0,Gasoline,404.0HP 3.0L V6 Cylinder Engine Gasoline Fuel,Dual Clutch,White,Red,,Yes,27995.0,404.0,3.0,6.0
Lexus,RX 300 Base,2002,121000.0,Gasoline,220.0HP 3.0L V6 Cylinder Engine Gasoline Fuel,Automatic,Silver,Black,,Yes,6348.0,220.0,3.0,6.0
Lincoln,Aviator Luxury,2005,140000.0,Gasoline,302.0HP 4.6L 8 Cylinder Engine Gasoline Fuel,Automatic,Black,Beige,,Yes,2000.0,302.0,4.6,8.0
Ford,Transit Connect XL,2018,66770.0,E85 Flex Fuel,169.0HP 2.5L 4 Cylinder Engine Flex Fuel Capability,Automatic,Red,–,,,21500.0,169.0,2.5,4.0
Cadillac,SRX Luxury Collection,2016,61549.0,Gasoline,3.6 Liter SIDI DOHC,Automatic,Red,Ebony,At least 1 accident or damage reported,,19998.0,,3.6,
Lincoln,MKS EcoBoost,2016,38100.0,Gasoline,365.0HP 3.5L V6 Cylinder Engine Gasoline Fuel,Automatic,Silver,Beige,,Yes,21000.0,365.0,3.5,6.0
Toyota,Yaris Base,2010,138071.0,Gasoline,106.0HP 1.5L 4 Cylinder Engine Gasoline Fuel,Manual,Red,Gray,,Yes,5000.0,106.0,1.5,4.0
Mercedes-Benz,AMG E 63 S 4MATIC,2019,40000.0,Gasoline,603.0HP 4.0L 8 Cylinder Engine Gasoline Fuel,Dual Clutch,Black,Black,At least 1 accident or damage reported,Yes,72000.0,603.0,4.0,8.0
Mercedes-Benz,GLS 450 Base,2022,41545.0,Hybrid,3.0 Liter DOHC Twin Turbo,Automatic,MANUFAKTUR Diamond White Bright,Macchiato Beige/Black,,,71998.0,,3.0,
Mercedes-Benz,G-Class G 550 4MATIC,2019,47850.0,Gasoline,416.0HP 4.0L 8 Cylinder Engine Gasoline Fuel,Automatic,White,Black,At least 1 accident or damage reported,Yes,127899.0,416.0,4.0,8.0
Hyundai,Veloster Turbo R-Spec,2014,128000.0,Gasoline,201.0HP 1.6L 4 Cylinder Engine Gasoline Fuel,Manual,Blue,Red,,Yes,11000.0,201.0,1.6,4.0
Toyota,4Runner Limited,2019,48156.0,Gasoline,4.0L V6 24V MPFI DOHC,Automatic,Midnight Black Metallic,Sand Beige,,,40368.0,,4.0,6.0
Mercedes-Benz,S-Class S 580 4MATIC,2021,4700.0,Hybrid,496.0HP 4.0L 8 Cylinder Engine Gasoline/Mild Electric Hybrid,Automatic,Black,Black,,Yes,99900.0,496.0,4.0,8.0
Audi,RS 7 4.0T Performance Prestige,2017,39071.0,Gasoline,4.0L V8 32V GDI DOHC Twin Turbo,Automatic,White,Black,,,67900.0,,4.0,8.0
Mazda,MX-5 Miata Base,1999,96680.0,Gasoline,140.0HP 1.8L 4 Cylinder Engine Gasoline Fuel,Manual,Green,Beige,At least 1 accident or damage reported,Yes,12900.0,140.0,1.8,4.0
Mercedes-Benz,AMG C 43 Base,2017,53500.0,Gasoline,362.0HP 3.0L V6 Cylinder Engine Gasoline Fuel,Automatic,White,Brown,At least 1 accident or damage reported,Yes,33999.0,362.0,3.0,6.0
Chevrolet,Corvette Z06,2007,11025.0,Gasoline,505.0HP 7.0L 8 Cylinder Engine Gasoline Fuel,Manual,Orange,Black,,Yes,47500.0,505.0,7.0,8.0
Ford,F-250 King Ranch,2021,44000.0,Diesel,475.0HP 6.7L 8 Cylinder Engine Diesel Fuel,Automatic,White,Brown,At least 1 accident or damage reported,Yes,73000.0,475.0,6.7,8.0
Volkswagen,Tiguan 2.0T SE,2022,11000.0,Gasoline,184.0HP 2.0L 4 Cylinder Engine Gasoline Fuel,Automatic,Blue,White,,Yes,27900.0,184.0,2.0,4.0
Bmw,750 Li xDrive,2012,103000.0,Gasoline,407.0HP 4.4L 8 Cylinder Engine Gasoline Fuel,Automatic,Black,Black,,Yes,16000.0,407.0,4.4,8.0
Bmw,M3 CS,2024,456.0,Gasoline,543.0HP 3.0L Straight 6 Cylinder Engine Gasoline Fuel,Dual Clutch,Black,Black,,Yes,128995.0,543.0,3.0,6.0
Lexus,GX 460 Base,2018,64000.0,Gasoline,301.0HP 4.6L 8 Cylinder Engine Gasoline Fuel,Automatic,Red,Brown,,Yes,37300.0,301.0,4.6,8.0
Audi,Q7 3.0T Premium,2017,108000.0,Gasoline,333.0HP 3.0L V6 Cylinder Engine Gasoline Fuel,Automatic,Gray,Brown,,Yes,25999.0,333.0,3.0,6.0
Alfa,Romeo Stelvio Ti Sport,2018,37045.0,Gasoline,280.0HP 2.0L 4 Cylinder Engine Gasoline Fuel,Dual Clutch,White,Red,At least 1 accident or damage reported,Yes,26600.0,280.0,2.0,4.0
Land,Rover Defender X,2023,5433.0,Hybrid,3.0 Liter,Automatic,Santorin Black,Black,,,95998.0,,3.0,
Bmw,750 i xDrive,2019,28744.0,Gasoline,4.4 Liter DOHC Twin Turbo,Automatic,Black,Black,,,50998.0,,4.4,
Bmw,M3 Base,2015,65800.0,Gasoline,425.0HP 3.0L Straight 6 Cylinder Engine Gasoline Fuel,Dual Clutch,White,Red,,Yes,44950.0,425.0,3.0,6.0
Rolls-Royce,Ghost Base,2021,850.0,Gasoline,563.0HP 6.7L 12 Cylinder Engine Gasoline Fuel,Automatic,White,White,,Yes,314900.0,563.0,6.7,12.0
Audi,e-tron Prestige,2019,33012.0,,355.0HP Electric Motor Electric Fuel System,Automatic,Blue,Beige,,Yes,38000.0,355.0,,
Lexus,IS 250 Base,2011,107818.0,Gasoline,204.0HP 2.5L V6 Cylinder Engine Gasoline Fuel,Automatic,Gray,Beige,At least 1 accident or damage reported,Yes,11400.0,204.0,2.5,6.0
Land,Rover Range Rover Evoque SE Premium,2016,79500.0,Gasoline,240.0HP 2.0L 4 Cylinder Engine Gasoline Fuel,Automatic,White,Black,,Yes,19000.0,240.0,2.0,4.0
Ferrari,California T,2015,20000.0,Gasoline,553.0HP 3.9L 8 Cylinder Engine Gasoline Fuel,Automatic,Red,Brown,At least 1 accident or damage reported,Yes,124990.0,553.0,3.9,8.0
Lexus,LC 500 Base,2018,37000.0,Gasoline,471.0HP 5.0L 8 Cylinder Engine Gasoline Fuel,Automatic,Black,Red,,Yes,63997.0,471.0,5.0,8.0
Kia,EV6 Wind,2022,11945.0,,111.2Ah / FR 70kW / RR 160kW (697V),Automatic,Glacier,Black,,,38998.0,,,
Gmc,Sierra 1500 SLE Crew Cab,2005,131800.0,Gasoline,295.0HP 5.3L 8 Cylinder Engine Gasoline Fuel,Automatic,Silver,Gray,At least 1 accident or damage reported,Yes,5800.0,295.0,5.3,8.0
Lexus,ES 350 Base,2008,146000.0,Gasoline,272.0HP 3.5L V6 Cylinder Engine Gasoline Fuel,Automatic,Red,Beige,,Yes,8995.0,272.0,3.5,6.0
Nissan,370Z NISMO,2010,29000.0,Gasoline,350.0HP 3.7L V6 Cylinder Engine Gasoline Fuel,Manual,Silver,–,,Yes,29000.0,350.0,3.7,6.0
Dodge,Ram 1500 Laramie,2004,141209.0,Gasoline,345.0HP 5.7L 8 Cylinder Engine Gasoline Fuel,Automatic,Black,Black,,Yes,5700.0,345.0,5.7,8.0
Ford,Expedition Limited,2016,85253.0,Gasoline,365.0HP 3.5L V6 Cylinder Engine Gasoline Fuel,Automatic,White,Beige,,Yes,19995.0,365.0,3.5,6.0
Infiniti,QX70 Base,2015,87009.0,Gasoline,325.0HP 3.7L V6 Cylinder Engine Gasoline Fuel,Automatic,Gray,Black,,Yes,17800.0,325.0,3.7,6.0
Bmw,X5 M Base,2023,4348.0,Gasoline,4.4L V8 32V GDI DOHC Twin Turbo,Automatic,Alpine White,Black,,,105900.0,,4.4,8.0
Lincoln,Navigator Select,2016,158000.0,Gasoline,380.0HP 3.5L V6 Cylinder Engine Gasoline Fuel,Dual Clutch,Red,Beige,,Yes,19780.0,380.0,3.5,6.0
Volvo,V60 Cross Country T5,2020,10500.0,Gasoline,250.0HP 2.0L 4 Cylinder Engine Gasoline Fuel,Automatic,White,Black,,Yes,36000.0,250.0,2.0,4.0
Audi,A7 3.0T Premium Plus,2018,45843.0,Gasoline,340.0HP 3.0L V6 Cylinder Engine Gasoline Fuel,Automatic,Silver,Black,,Yes,37000.0,340.0,3.0,6.0
Ford,Bronco Sport Outer Banks,2021,15198.0,Gasoline,1.5L I3 12V PDI DOHC Turbo,Automatic,Blue,Navy Pier,,Yes,31621.0,,1.5,
Volkswagen,Eurovan MV,2001,220000.0,Gasoline,140.0HP 2.8L V6 Cylinder Engine Gasoline Fuel,Automatic,Silver,–,,Yes,5500.0,140.0,2.8,6.0
Jaguar,F-TYPE R,2017,58000.0,Gasoline,550.0HP 5.0L 8 Cylinder Engine Gasoline Fuel,Automatic,Black,Black,,Yes,51500.0,550.0,5.0,8.0
Land,Rover Range Rover Evoque R-Dynamic HSE,2020,30424.0,Hybrid,2.0 Liter,Automatic,Silver,Black,,,44998.0,,2.0,
Ram,1500 Laramie,2021,38012.0,Gasoline,5.7L V8 16V MPFI OHV,Automatic,Delmonico Red Pearlcoat,Black,,Yes,45277.0,,5.7,8.0
Rivian,R1S Adventure Package,2023,2500.0,,835.0HP Electric Motor Electric Fuel System,Automatic,Gray,Gray,,Yes,91000.0,835.0,,
Bmw,M760 i xDrive,2021,11078.0,Gasoline,"6.6L V-12 gasoline direct injection, DOHC, variable valve contro",Automatic,BLACK,WHITE,,,91900.0,,6.6,
Lexus,LX 570 Three-Row,2018,50000.0,Gasoline,383.0HP 5.7L 8 Cylinder Engine Gasoline Fuel,Automatic,White,Black,,Yes,65000.0,383.0,5.7,8.0
Land,Rover Range Rover Velar P250 SE R-Dynamic,2019,58000.0,Gasoline,247.0HP 2.0L 4 Cylinder Engine Gasoline Fuel,Automatic,White,Black,,Yes,38000.0,247.0,2.0,4.0
Acura,MDX w/Technology Package,2023,3415.0,Gasoline,3.5 Liter SOHC,,White,Parchment.,,,54998.0,,3.5,
Lexus,LC 500 Base,2018,61000.0,Gasoline,471.0HP 5.0L 8 Cylinder Engine Gasoline Fuel,Dual Clutch,Black,Black,,Yes,65000.0,471.0,5.0,8.0
Audi,SQ5 3.0T Prestige,2019,48500.0,Gasoline,349.0HP 3.0L V6 Cylinder Engine Gasoline Fuel,Dual Clutch,Gray,Black,At least 1 accident or damage reported,Yes,43500.0,349.0,3.0,6.0
Land,Rover Range Rover Velar P250 SE R-Dynamic,2018,65680.0,Gasoline,247.0HP 2.0L 4 Cylinder Engine Gasoline Fuel,Automatic,Silver,Black,At least 1 accident or damage reported,Yes,34900.0,247.0,2.0,4.0
Ram,1500 Limited,2020,44362.0,Gasoline,5.7L V8 16V MPFI OHV,Automatic,Bright White Clearcoat,Black,,Yes,50658.0,,5.7,8.0
Audi,S4 3.0T Premium,2019,18603.0,Gasoline,3.0L V6 24V GDI DOHC Turbo,Automatic,Brilliant Black,Black,,,42900.0,,3.0,6.0
Audi,A8 4.0,2020,35999.0,Hybrid,4.0 Liter Turbo,Automatic,Mythos Black Metallic,Sarder Brown,,,59598.0,,4.0,
Cadillac,Escalade ESV Sport,2021,8044.0,Gasoline,420.0HP 6.2L 8 Cylinder Engine Gasoline Fuel,Dual Clutch,Black,Beige,,Yes,93000.0,420.0,6.2,8.0
Mercedes-Benz,AMG GT AMG GT S,2016,9738.0,Gasoline,503.0HP 4.0L 8 Cylinder Engine Gasoline Fuel,Automatic,Red,Black,,Yes,85500.0,503.0,4.0,8.0
Bmw,M3 Base,2009,112000.0,Gasoline,420.0HP 4.0L 8 Cylinder Engine Gasoline Fuel,Dual Clutch,Gray,Black,At least 1 accident or damage reported,Yes,28000.0,420.0,4.0,8.0
Honda,Accord EX-L,2009,167300.0,Gasoline,190.0HP 2.4L 4 Cylinder Engine Gasoline Fuel,Automatic,Silver,Black,,Yes,6250.0,190.0,2.4,4.0
Rolls-Royce,Cullinan,2022,115.0,Gasoline,6.7L V12 48V GDI DOHC Twin Turbo,Automatic,–,Grace White,,Yes,449995.0,,6.7,12.0
Cadillac,Escalade Premium,2015,71000.0,Gasoline,420.0HP 6.2L 8 Cylinder Engine Gasoline Fuel,Automatic,Black,Brown,At least 1 accident or damage reported,Yes,35999.0,420.0,6.2,8.0
Acura,RDX Technology Package,2020,31015.0,Gasoline,2.0L I4 16V GDI DOHC Turbo,Automatic,Silver,Ebony,,Yes,36570.0,,2.0,
Bmw,X2 xDrive28i,2022,33000.0,Gasoline,228.0HP 2.0L 4 Cylinder Engine Gasoline Fuel,Dual Clutch,Orange,Black,,Yes,29999.0,228.0,2.0,4.0
Chrysler,Pacifica Touring,2017,63000.0,,–,Automatic,White,Beige,,Yes,20000.0,,,
Buick,Verano Convenience,2013,68325.0,E85 Flex Fuel,180.0HP 2.4L 4 Cylinder Engine Flex Fuel Capability,Dual Clutch,Silver,Gray,,Yes,11995.0,180.0,2.4,4.0
Mercedes-Benz,AMG S 63 Base 4MATIC,2020,20937.0,Gasoline,4.0L V8 32V GDI DOHC Twin Turbo,Automatic,Magnetite Black Metallic,Black,,,104900.0,,4.0,8.0
Ram,2500 Tradesman,2021,34365.0,Gasoline,410.0HP 6.4L 8 Cylinder Engine Gasoline Fuel,Automatic,Gray,Gray,At least 1 accident or damage reported,Yes,48000.0,410.0,6.4,8.0
Mercedes-Benz,Metris Base,2018,32000.0,Gasoline,208.0HP 2.0L 4 Cylinder Engine Gasoline Fuel,Dual Clutch,Black,Black,,Yes,44900.0,208.0,2.0,4.0
Land,Rover Range Rover Evoque S,2020,40237.0,Gasoline,2.0 Liter,Automatic,Carpathian Grey Premium Metallic,Cloud,,,36998.0,,2.0,
Volvo,XC90 T6 Inscription,2020,22500.0,Gasoline,316.0HP 2.0L 4 Cylinder Engine Gasoline Fuel,Automatic,Black,White,,Yes,50000.0,316.0,2.0,4.0
Ford,Expedition King Ranch,2020,58700.0,Gasoline,375.0HP 3.5L V6 Cylinder Engine Gasoline Fuel,Automatic,Black,Brown,At least 1 accident or damage reported,Yes,48999.0,375.0,3.5,6.0
Toyota,Highlander Hybrid Limited,2006,264893.0,Hybrid,208.0HP 3.3L V6 Cylinder Engine Gas/Electric Hybrid,Automatic,Gold,Beige,At least 1 accident or damage reported,Yes,5000.0,208.0,3.3,6.0
Toyota,Tundra SR5 Access Cab,2005,209500.0,Gasoline,282.0HP 4.7L 8 Cylinder Engine Gasoline Fuel,Automatic,Blue,Gray,,Yes,8500.0,282.0,4.7,8.0
Ford,Transit-350 Base,2023,195.0,Gasoline,310.0HP 3.5L V6 Cylinder Engine Gasoline Fuel,Automatic,Blue,Gray,,Yes,87500.0,310.0,3.5,6.0
Chevrolet,Express 3500 LT,2016,120000.0,Diesel,260.0HP 6.6L 8 Cylinder Engine Diesel Fuel,Automatic,White,Gray,,Yes,19500.0,260.0,6.6,8.0
Chevrolet,Bolt EUV Premier,2022,14676.0,,200.0HP Electric Motor Electric Fuel System,Automatic,Black,Blue,,Yes,33000.0,200.0,,
Jeep,Wrangler Unlimited 4xe Sahara,2021,33704.0,Hybrid,2.0L I4 16V GDI DOHC Turbo Hybrid,Automatic,Bright White Clearcoat,Black,,,42998.0,,2.0,
Bmw,X7 xDrive40i,2023,2950.0,Hybrid,375.0HP 3.0L Straight 6 Cylinder Engine Gasoline/Mild Electric Hybrid,Automatic,Black,Brown,,Yes,87000.0,375.0,3.0,6.0
Mercedes-Benz,AMG GT 53 Base,2021,17994.0,Gasoline,3.0L I6 24V GDI DOHC Turbo,Automatic,–,–,,Yes,87500.0,,3.0,
Toyota,Tundra Limited,2020,44101.0,Gasoline,5.7L V8 32V MPFI DOHC,Automatic,Gray,Black,,Yes,45423.0,,5.7,8.0
Bmw,X1 xDrive28i,2021,25918.0,Gasoline,228.0HP 2.0L 4 Cylinder Engine Gasoline Fuel,Dual Clutch,Gray,Black,,Yes,32000.0,228.0,2.0,4.0
Bmw,135 i,2008,87000.0,Gasoline,300.0HP 3.0L Straight 6 Cylinder Engine Gasoline Fuel,Automatic,White,Beige,,Yes,15300.0,300.0,3.0,6.0
Mazda,Mazda3 Touring,2018,28333.0,Gasoline,184.0HP 2.5L 4 Cylinder Engine Gasoline Fuel,Dual Clutch,Blue,Black,,Yes,20500.0,184.0,2.5,4.0
Audi,A7 3.0T Premium Plus,2018,29294.0,Gasoline,340.0HP 3.0L V6 Cylinder Engine Gasoline Fuel,Automatic,White,Beige,,Yes,39999.0,340.0,3.0,6.0
Saturn,Sky Red Line,2008,37000.0,Gasoline,260.0HP 2.0L 4 Cylinder Engine Gasoline Fuel,Automatic,Blue,Black,,Yes,14995.0,260.0,2.0,4.0
Bmw,Z4 2.5i Roadster,2005,138000.0,Gasoline,184.0HP 2.5L Straight 6 Cylinder Engine Gasoline Fuel,Automatic,White,Beige,,Yes,9950.0,184.0,2.5,6.0
Volvo,XC90 Hybrid T8 Inscription,2020,44487.0,Plug-In Hybrid,400.0HP 2.0L 4 Cylinder Engine Plug-In Electric/Gas,Automatic,Blue,Brown,,Yes,65000.0,400.0,2.0,4.0
Acura,TLX A-Spec,2021,16878.0,Gasoline,2.0L I4 16V GDI DOHC Turbo,Automatic,Red,Ebony,,Yes,38781.0,,2.0,
Acura,MDX w/Technology Package,2022,30177.0,Gasoline,3.5L 24V SOHC I-VTEC V6,,Majestic Black Pearl,Espresso,,,46598.0,,3.5,6.0
Chevrolet,Tahoe High Country,2021,53000.0,Gasoline,420.0HP 6.2L 8 Cylinder Engine Gasoline Fuel,Automatic,Black,Black,At least 1 accident or damage reported,Yes,67100.0,420.0,6.2,8.0
Tesla,Model Y Long Range,2021,61308.0,,425.0HP Electric Motor Electric Fuel System,Automatic,White,White,,Yes,42000.0,425.0,,
Mercedes-Benz,GLK-Class GLK 350,2013,99200.0,Gasoline,302.0HP 3.5L V6 Cylinder Engine Gasoline Fuel,Automatic,Silver,Black,,,11495.0,302.0,3.5,6.0
Chevrolet,Traverse LS,2022,32117.0,Gasoline,3.6L V6 24V GDI DOHC,Automatic,Northsky Blue Metallic,Jet Black,,,33299.0,,3.6,6.0
Bmw,550 Gran Turismo i,2013,79341.0,Gasoline,445.0HP 4.4L 8 Cylinder Engine Gasoline Fuel,Automatic,Gold,Brown,,Yes,16800.0,445.0,4.4,8.0
Land,Rover Range Rover Sport HSE,2007,220000.0,Gasoline,300.0HP 4.4L 8 Cylinder Engine Gasoline Fuel,Automatic,White,Beige,,Yes,5750.0,300.0,4.4,8.0
Bmw,430 i xDrive,2021,16900.0,Gasoline,255.0HP 2.0L 4 Cylinder Engine Gasoline Fuel,Automatic,Blue,White,,Yes,43000.0,255.0,2.0,4.0
Porsche,Cayman Base,2007,75137.0,Gasoline,245.0HP 2.7L Flat 6 Cylinder Engine Gasoline Fuel,Manual,Black,Gray,At least 1 accident or damage reported,Yes,24999.0,245.0,2.7,6.0
Ford,Expedition Max King Ranch,2021,37594.0,Gasoline,3.5L V6 24V PDI DOHC Twin Turbo,Automatic,Black,Mesa,,Yes,62595.0,,3.5,6.0
Rivian,R1S Adventure Package,2023,250.0,,835.0HP Electric Motor Electric Fuel System,Automatic,Red,Black,,,94000.0,835.0,,
Mercedes-Benz,GLC 300 GLC 300,2021,12771.0,Gasoline,2.0 Liter Turbo,Automatic,Black,–,,,42598.0,,2.0,
Ford,Mustang Shelby GT500,2012,6400.0,Gasoline,550.0HP 5.4L 8 Cylinder Engine Gasoline Fuel,Manual,Silver,Black,,Yes,48000.0,550.0,5.4,8.0
Tesla,Model Y Long Range,2021,69548.0,,425.0HP Electric Motor Electric Fuel System,Automatic,Black,Black,At least 1 accident or damage reported,Yes,36300.0,425.0,,
Nissan,370Z Base,2009,79893.0,Gasoline,332.0HP 3.7L V6 Cylinder Engine Gasoline Fuel,Automatic,Silver,Black,,Yes,15900.0,332.0,3.7,6.0
Toyota,Sequoia Platinum,2014,124838.0,Gasoline,381.0HP 5.7L 8 Cylinder Engine Gasoline Fuel,Automatic,Black,Gray,,Yes,33000.0,381.0,5.7,8.0
Nissan,NV Passenger NV3500 HD SL V8,2020,14353.0,Gasoline,375.0HP 5.6L 8 Cylinder Engine Gasoline Fuel,Automatic,Black,Gray,,Yes,63900.0,375.0,5.6,8.0
Ford,Transit Connect XL w/Rear Symmetrical Doors,2022,22985.0,Gasoline,169.0HP 2.5L 4 Cylinder Engine Gasoline Fuel,Automatic,White,Gray,,Yes,33500.0,169.0,2.5,4.0
Infiniti,QX80 Base,2014,161894.0,Gasoline,400.0HP 5.6L 8 Cylinder Engine Gasoline Fuel,Automatic,White,Beige,,Yes,18900.0,400.0,5.6,8.0
Aston,Martin V8 Vantage Base,2008,25025.0,Gasoline,380.0HP 4.3L 8 Cylinder Engine Gasoline Fuel,Automatic,White,Black,At least 1 accident or damage reported,Yes,39000.0,380.0,4.3,8.0
Porsche,911 Carrera S,2017,16701.0,Gasoline,3.0 Liter,,Red,–,,,107998.0,,3.0,
Lotus,Evora 400 Base,2017,19650.0,Gasoline,400.0HP 3.5L V6 Cylinder Engine Gasoline Fuel,Manual,Silver,Red,,Yes,69250.0,400.0,3.5,6.0
Land,Rover Range Rover Velar P250 S R-Dynamic,2020,29500.0,Gasoline,247.0HP 2.0L 4 Cylinder Engine Gasoline Fuel,Automatic,Red,White,,Yes,45000.0,247.0,2.0,4.0
Nissan,Xterra S,2007,132272.0,Gasoline,261.0HP 4.0L V6 Cylinder Engine Gasoline Fuel,Manual,Gray,Gray,At least 1 accident or damage reported,Yes,6700.0,261.0,4.0,6.0
Dodge,Charger R/T,2012,122000.0,Gasoline,370.0HP 5.7L 8 Cylinder Engine Gasoline Fuel,Automatic,White,Black,At least 1 accident or damage reported,Yes,13500.0,370.0,5.7,8.0
Buick,Encore GX Essence,2022,18185.0,Gasoline,1.3L I3 12V GDI DOHC Turbo,Automatic,Summit White,Whisper Beige,,,31755.0,,1.3,
Nissan,Leaf S,2018,56450.0,,147.0HP Electric Motor Electric Fuel System,Automatic,Black,Black,At least 1 accident or damage reported,Yes,13999.0,147.0,,
Nissan,Leaf SL,2012,102000.0,,107.0HP Electric Motor Electric Fuel System,Automatic,Silver,Gray,,Yes,4200.0,107.0,,
Jeep,Grand Wagoneer Series III,2022,18428.0,Gasoline,6.4 Liter,Automatic,Baltic Gray,Black,,,83998.0,,6.4,
Nissan,Z Proto Spec,2023,535.0,Gasoline,400.0HP 3.0L V6 Cylinder Engine Gasoline Fuel,Manual,Yellow,Black,,Yes,65990.0,400.0,3.0,6.0
Land,Rover Range Rover Sport HSE,2013,81648.0,Gasoline,"5L V-8 gasoline direct injection, DOHC, variable valve control,",Automatic,Fuji White,–,,,15900.0,,,
Porsche,Boxster S,2003,138202.0,Gasoline,3.2L H6 24V MPFI DOHC,Manual,Silver,Black,At least 1 accident or damage reported,Yes,22550.0,,3.2,
Bentley,Continental GT Base,2004,69600.0,Gasoline,550.0HP 6.0L 12 Cylinder Engine Gasoline Fuel,Automatic,Silver,Black,,Yes,37900.0,550.0,6.0,12.0
Jaguar,F-TYPE R,2018,39900.0,Gasoline,550.0HP 5.0L 8 Cylinder Engine Gasoline Fuel,Automatic,White,Black,,Yes,53600.0,550.0,5.0,8.0
Cadillac,Escalade ESV Sport,2021,36500.0,Gasoline,420.0HP 6.2L 8 Cylinder Engine Gasoline Fuel,Dual Clutch,White,Black,,Yes,85000.0,420.0,6.2,8.0
Audi,TT 2.0T,2018,42650.0,Gasoline,220.0HP 2.0L 4 Cylinder Engine Gasoline Fuel,Dual Clutch,Gray,Black,,Yes,31990.0,220.0,2.0,4.0
Jeep,Wrangler Unlimited Sahara,2020,68816.0,Gasoline,2.0L I4 16V GDI DOHC Turbo,Automatic,Black Clearcoat,Black,,Yes,35297.0,,2.0,
Audi,S6 4.0T,2016,91188.0,Gasoline,450.0HP 4.0L 8 Cylinder Engine Gasoline Fuel,Automatic,Black,Black,,Yes,29995.0,450.0,4.0,8.0
Gmc,Sierra 2500 SLE,2015,116210.0,E85 Flex Fuel,360.0HP 6.0L 8 Cylinder Engine Flex Fuel Capability,,Black,Beige,,Yes,31900.0,360.0,6.0,8.0
Tesla,Model 3 Long Range,2022,3077.0,,Dual Motor - Standard,Automatic,Silver,Black,,,44998.0,,,
Mazda,CX-90 Premium,2024,3880.0,Gasoline,2.5L,Automatic,Machine Gray Metallic,Black,,Yes,52991.0,,2.5,
Ford,C-Max Energi SE,2017,67482.0,Plug-In Hybrid,188.0HP 2.0L 4 Cylinder Engine Plug-In Electric/Gas,,Gray,Black,At least 1 accident or damage reported,Yes,11499.0,188.0,2.0,4.0
Cadillac,Escalade ESV Platinum,2018,67726.0,Gasoline,420.0HP 6.2L 8 Cylinder Engine Gasoline Fuel,Automatic,Black,Black,,Yes,52000.0,420.0,6.2,8.0
Audi,TT 3.2 Cabriolet quattro,2008,207000.0,Gasoline,250.0HP 3.2L V6 Cylinder Engine Gasoline Fuel,Manual,Black,Black,At least 1 accident or damage reported,Yes,10500.0,250.0,3.2,6.0
Hyundai,Santa Fe SE,2021,35550.0,Gasoline,2.5L I4 16V PDI DOHC,Automatic,Twilight Black,Black,At least 1 accident or damage reported,Yes,25987.0,,2.5,
Mercedes-Benz,AMG GLE AMG GLE 63 S-Model 4MATIC,2016,44000.0,Gasoline,577.0HP 5.5L 8 Cylinder Engine Gasoline Fuel,Automatic,Black,Black,,Yes,46599.0,577.0,5.5,8.0
Mercedes-Benz,SL-Class SL 550,2015,11249.0,Gasoline,429.0HP 4.7L 8 Cylinder Engine Gasoline Fuel,Automatic,White,Beige,,Yes,54500.0,429.0,4.7,8.0
Acura,MDX 3.5L Technology Package,2014,111650.0,Gasoline,290.0HP 3.5L V6 Cylinder Engine Gasoline Fuel,Automatic,Green,Beige,At least 1 accident or damage reported,Yes,17500.0,290.0,3.5,6.0
Ram,2500 Laramie,2019,18526.0,Diesel,6.7L I6 24V DDI OHV Turbo Diesel,Automatic,Pearl White,Black,,,67999.0,,6.7,
Audi,A7 Premium,2012,103272.0,Gasoline,310.0HP 3.0L V6 Cylinder Engine Gasoline Fuel,Automatic,Black,Brown,,Yes,15500.0,310.0,3.0,6.0
Bmw,M2 Base,2023,1160.0,Gasoline,453.0HP 3.0L Straight 6 Cylinder Engine Gasoline Fuel,Manual,Gray,Black,,Yes,73600.0,453.0,3.0,6.0
Ram,1500 Laramie,2019,107714.0,Gasoline,5.7L V8 16V MPFI OHV,Automatic,Diamond Black,Black,,Yes,34918.0,,5.7,8.0
Audi,Q5 2.0T Premium Plus,2013,111773.0,Gasoline,211.0HP 2.0L 4 Cylinder Engine Gasoline Fuel,Automatic,Brown,Beige,,Yes,17000.0,211.0,2.0,4.0
Cadillac,XTS Luxury,2019,54002.0,Gasoline,304.0HP 3.6L V6 Cylinder Engine Gasoline Fuel,Automatic,Black,Beige,At least 1 accident or damage reported,Yes,22500.0,304.0,3.6,6.0
Volkswagen,Jetta 1.4T SE,2016,87000.0,Gasoline,150.0HP 1.4L 4 Cylinder Engine Gasoline Fuel,Dual Clutch,Gray,Gray,At least 1 accident or damage reported,Yes,13000.0,150.0,1.4,4.0
Ford,Focus RS Base,2016,49700.0,Gasoline,350.0HP 2.3L 4 Cylinder Engine Gasoline Fuel,Manual,Blue,Black,,Yes,31700.0,350.0,2.3,4.0
Mercedes-Benz,AMG C 63 S,2017,34500.0,Gasoline,503.0HP 4.0L 8 Cylinder Engine Gasoline Fuel,Automatic,Gray,Black,,Yes,64600.0,503.0,4.0,8.0
Ford,Bronco Sport Big Bend,2021,31729.0,Gasoline,1.5L I3 12V PDI DOHC Turbo,Automatic,Maroon,Medium Dark Slate,At least 1 accident or damage reported,Yes,29614.0,,1.5,
Jeep,Gladiator Overland,2021,7388.0,Gasoline,3.6L V6 24V MPFI DOHC,Automatic,Firecracker Red Clearcoat,Black,,Yes,43663.0,,3.6,6.0
Bmw,330e iPerformance,2017,41550.0,Plug-In Hybrid,247.0HP 2.0L 4 Cylinder Engine Plug-In Electric/Gas,Dual Clutch,Silver,Black,,Yes,20995.0,247.0,2.0,4.0
Mercedes-Benz,GLC 300 Base 4MATIC,2018,44486.0,Gasoline,2.0L I4 16V GDI DOHC Turbo,Automatic,Gray,Black,,,25625.0,,2.0,
Acura,MDX 3.7L Advance,2013,20750.0,Gasoline,300.0HP 3.7L V6 Cylinder Engine Gasoline Fuel,Automatic,Black,Black,,Yes,33000.0,300.0,3.7,6.0
Genesis,G70 3.3T,2022,12000.0,Gasoline,365.0HP 3.3L V6 Cylinder Engine Gasoline Fuel,Automatic,Green,Beige,,Yes,41000.0,365.0,3.3,6.0
Lexus,LX 570 Three-Row,2021,14206.0,Gasoline,383.0HP 5.7L 8 Cylinder Engine Gasoline Fuel,Automatic,Black,Black,,Yes,98000.0,383.0,5.7,8.0
Jeep,Grand Cherokee L Limited,2022,31700.0,Gasoline,293.0HP 3.6L V6 Cylinder Engine Gasoline Fuel,Automatic,Gray,Black,,Yes,43500.0,293.0,3.6,6.0
Hyundai,IONIQ Plug-In Hybrid SEL,2022,13044.0,Plug-In Hybrid,139.0HP 1.6L 4 Cylinder Engine Plug-In Electric/Gas,Automatic,Blue,Gray,At least 1 accident or damage reported,Yes,24999.0,139.0,1.6,4.0
Kia,Sportage LX,2009,100730.0,Gasoline,173.0HP 2.7L V6 Cylinder Engine Gasoline Fuel,Automatic,Gold,Gold,,Yes,6975.0,173.0,2.7,6.0
Bmw,X5 PHEV xDrive45e,2023,5338.0,Plug-In Hybrid,389.0HP 3.0L Straight 6 Cylinder Engine Plug-In Electric/Gas,Automatic,Blue,White,,Yes,76500.0,389.0,3.0,6.0
Ford,Expedition EL XLT,2014,85149.0,Gasoline,5.4 Liter,Automatic,Oxford White,Camel Leather,,,23598.0,,5.4,
Bmw,X6 M Base,2018,48291.0,Gasoline,567.0HP 4.4L 8 Cylinder Engine Gasoline Fuel,Dual Clutch,Gray,Brown,,Yes,67250.0,567.0,4.4,8.0
Volkswagen,Eurovan MV,2001,111887.0,Gasoline,140.0HP 2.8L V6 Cylinder Engine Gasoline Fuel,Automatic,Blue,Gray,,Yes,14000.0,140.0,2.8,6.0
Rolls-Royce,Ghost Base,2010,79000.0,Gasoline,563.0HP 6.6L 12 Cylinder Engine Gasoline Fuel,Automatic,Silver,Black,,Yes,69000.0,563.0,6.6,12.0
Lincoln,Navigator Reserve,2016,125000.0,Gasoline,380.0HP 3.5L V6 Cylinder Engine Gasoline Fuel,Dual Clutch,Gray,Beige,,Yes,26500.0,380.0,3.5,6.0
Mercedes-Benz,GLA 250 Base 4MATIC,2022,13777.0,Gasoline,221.0HP 2.0L 4 Cylinder Engine Gasoline Fuel,Automatic,Black,Black,At least 1 accident or damage reported,Yes,39777.0,221.0,2.0,4.0
Ram,1500 Big Horn,2022,14920.0,Gasoline,3.6L V6 24V MPFI DOHC,Automatic,Diamond Black,Black,,Yes,41741.0,,3.6,6.0
Jeep,Grand Cherokee L Summit,2022,14627.0,Gasoline,3.6L V6 24V MPFI DOHC,Automatic,Diamond Black,Tupelo,,,56740.0,,3.6,6.0
Volvo,S80 3.2,2010,90050.0,Gasoline,235.0HP 3.2L Straight 6 Cylinder Engine Gasoline Fuel,Automatic,Brown,Beige,,Yes,5800.0,235.0,3.2,6.0
Subaru,BRZ Premium,2014,45000.0,Gasoline,200.0HP 2.0L 4 Cylinder Engine Gasoline Fuel,Manual,Blue,Black,At least 1 accident or damage reported,Yes,25000.0,200.0,2.0,4.0
Chevrolet,Corvette Base,1998,7666.0,Gasoline,340.0HP 5.7L 8 Cylinder Engine Gasoline Fuel,Automatic,Red,Black,,Yes,39500.0,340.0,5.7,8.0
Hummer,H2 SUT,2006,89900.0,Gasoline,325.0HP 6.0L 8 Cylinder Engine Gasoline Fuel,Automatic,Red,Beige,,Yes,29994.0,325.0,6.0,8.0
Audi,RS 7 4.0T,2021,14724.0,Hybrid,4.0 Liter TFSI,Automatic,Glacier White,Black/Red,,,101998.0,,4.0,
Ford,Edge Sport,2011,132000.0,Gasoline,305.0HP 3.7L V6 Cylinder Engine Gasoline Fuel,Dual Clutch,Black,Black,At least 1 accident or damage reported,Yes,10999.0,305.0,3.7,6.0
Gmc,Terrain SLT,2010,32652.0,Gasoline,182.0HP 2.4L 4 Cylinder Engine Gasoline Fuel,Automatic,Red,Brown,,Yes,6500.0,182.0,2.4,4.0
Land,Rover Range Rover 5.0L Supercharged Autobiography LWB,2018,36632.0,Gasoline,518.0HP 5.0L 8 Cylinder Engine Gasoline Fuel,Automatic,Blue,Blue,,,72567.0,518.0,5.0,8.0
Jeep,Grand Cherokee WK Laredo X,2022,11164.0,Gasoline,293.0HP 3.6L V6 Cylinder Engine Gasoline Fuel,Automatic,Black,Black,,Yes,37500.0,293.0,3.6,6.0
Bmw,M4 Base,2020,22655.0,Gasoline,425.0HP 3.0L Straight 6 Cylinder Engine Gasoline Fuel,Automatic,Silver,Black,,Yes,63999.0,425.0,3.0,6.0
Mercedes-Benz,AMG GT 63 S 4-Door,2019,9500.0,Gasoline,630.0HP 4.0L 8 Cylinder Engine Gasoline Fuel,Dual Clutch,Gray,Gray,,Yes,135000.0,630.0,4.0,8.0
Chevrolet,Camaro 1LT,2021,10300.0,Gasoline,335.0HP 3.6L V6 Cylinder Engine Gasoline Fuel,Manual,Black,Black,,Yes,29900.0,335.0,3.6,6.0
Bmw,X6 M Base,2018,48000.0,Gasoline,567.0HP 4.4L 8 Cylinder Engine Gasoline Fuel,Automatic,Blue,Black,,Yes,54000.0,567.0,4.4,8.0
Mercedes-Benz,CLK-Class 550,2007,138000.0,Gasoline,382.0HP 5.5L 8 Cylinder Engine Gasoline Fuel,Automatic,Silver,Black,At least 1 accident or damage reported,Yes,10000.0,382.0,5.5,8.0
Ram,1500 TRX,2022,24058.0,Gasoline,"HEMI 6.2L V-8 intercooled supercharger, premium unleaded, engine",Automatic,Flame Red Clearcoat,BLACK,,,81900.0,,6.2,
Audi,RS 7 4.0T Prestige,2016,31500.0,Gasoline,560.0HP 4.0L 8 Cylinder Engine Gasoline Fuel,Automatic,Gray,Black,,Yes,67000.0,560.0,4.0,8.0
Porsche,Macan S,2020,19701.0,Gasoline,3.0 Liter,Automatic,–,–,,,55998.0,,3.0,
Genesis,GV70 3.5T Sport,2022,10200.0,Gasoline,375.0HP 3.5L V6 Cylinder Engine Gasoline Fuel,Automatic,White,Black,,Yes,50500.0,375.0,3.5,6.0
Aston,Martin V8 Vantage Base,2008,62378.0,Gasoline,380.0HP 4.3L 8 Cylinder Engine Gasoline Fuel,Manual,Red,Beige,At least 1 accident or damage reported,Yes,33995.0,380.0,4.3,8.0
Nissan,350Z Touring,2006,84200.0,Gasoline,300.0HP 3.5L V6 Cylinder Engine Gasoline Fuel,Manual,Silver,Gray,,Yes,10200.0,300.0,3.5,6.0
Toyota,Sequoia SR5,2013,138700.0,E85 Flex Fuel,381.0HP 5.7L 8 Cylinder Engine Flex Fuel Capability,Automatic,White,Gray,At least 1 accident or damage reported,Yes,18800.0,381.0,5.7,8.0
Chevrolet,Tahoe Premier,2021,41050.0,Gasoline,355.0HP 5.3L 8 Cylinder Engine Gasoline Fuel,Automatic,Gray,Gray,,Yes,62900.0,355.0,5.3,8.0
Jeep,Compass Limited,2020,39192.0,Gasoline,2.4L I4 16V MPFI SOHC,Automatic,White Clearcoat,Black,,,24590.0,,2.4,
Bmw,430 430i,2022,7758.0,Gasoline,2.0 Liter Turbo,Automatic,Black,Black,,,47998.0,,2.0,
Ford,Bronco Sport Outer Banks,2021,31654.0,Gasoline,1.5L I3 12V PDI DOHC Turbo,Automatic,Rapid Red Metallic Tinted Clearcoat,Navy Pier,,,33410.0,,1.5,
Mercedes-Benz,AMG C 63 Base,2017,63000.0,Gasoline,469.0HP 4.0L 8 Cylinder Engine Gasoline Fuel,Automatic,White,Black,At least 1 accident or damage reported,Yes,42000.0,469.0,4.0,8.0
Volvo,S40 T5,2005,257700.0,Gasoline,218.0HP 2.5L 5 Cylinder Engine Gasoline Fuel,Manual,Red,Beige,,Yes,3550.0,218.0,2.5,5.0
Mercedes-Benz,GLE 350 Base 4MATIC,2017,57000.0,Gasoline,302.0HP 3.5L V6 Cylinder Engine Gasoline Fuel,Automatic,White,Black,At least 1 accident or damage reported,Yes,29500.0,302.0,3.5,6.0
Chevrolet,Silverado 1500 1LT,2017,89000.0,Gasoline,355.0HP 5.3L 8 Cylinder Engine Gasoline Fuel,Automatic,Gray,Gray,,Yes,29999.0,355.0,5.3,8.0
Chevrolet,Tahoe LTZ,2015,134500.0,Gasoline,355.0HP 5.3L 8 Cylinder Engine Gasoline Fuel,Automatic,Black,Black,,Yes,28000.0,355.0,5.3,8.0
Acura,MDX Technology,2022,15895.0,Gasoline,3.5L V6 24V GDI SOHC,Automatic,Majestic Black Pearl,Parchment,,,47950.0,,3.5,6.0
Bentley,Bentayga Speed,2020,15109.0,Gasoline,6.0L W12 48V PDI DOHC Twin Turbo,Automatic,Ice,Beluga Hide,,,162950.0,,6.0,
Rolls-Royce,Cullinan,2022,398.0,Gasoline,6.7L V12 48V GDI DOHC Twin Turbo,Automatic,Silver,Charles Blue,,Yes,695000.0,,6.7,12.0
Genesis,GV70 2.5T,2022,20319.0,Gasoline,300.0HP 2.5L 4 Cylinder Engine Gasoline Fuel,Dual Clutch,White,Black,,Yes,44249.0,300.0,2.5,4.0
Pontiac,Firebird Base,1999,158000.0,Gasoline,200.0HP 3.8L V6 Cylinder Engine Gasoline Fuel,Automatic,White,Black,At least 1 accident or damage reported,Yes,2500.0,200.0,3.8,6.0
Lexus,GX 460 Base,2021,40906.0,Gasoline,4.6 Liter,Automatic,Black,Black,,,51998.0,,4.6,
Bmw,ALPINA B7 ALPINA B7 xDrive,2020,33749.0,Gasoline,4.4 Liter Twin Turbo,Automatic,Blue,Red,,,85998.0,,4.4,
Bmw,M4 Competition xDrive,2023,1120.0,Gasoline,503.0HP 3.0L Straight 6 Cylinder Engine Gasoline Fuel,Automatic,Gray,White,,Yes,92900.0,503.0,3.0,6.0
Jeep,Grand Cherokee L Limited,2021,26088.0,Gasoline,3.6L V6 24V MPFI DOHC,Automatic,Silver Zynith,Global Black,,,38383.0,,3.6,6.0
Kia,Forte GT-Line,2022,14950.0,Gasoline,147.0HP 2.0L 4 Cylinder Engine Gasoline Fuel,Automatic,Silver,Gray,At least 1 accident or damage reported,Yes,24000.0,147.0,2.0,4.0
Kia,Forte LX,2018,47466.0,Gasoline,"2L I-4 DOHC, D-CVVT variable valve control, engine with 147HP",Automatic,Silky Silver,Black,,,14699.0,,,
Bmw,X6 M Base,2022,10376.0,Gasoline,4.4L V8 32V GDI DOHC Twin Turbo,Automatic,Ametrin Metallic,Black,,,98900.0,,4.4,8.0
Ram,ProMaster 3500 High Roof,2021,18500.0,Gasoline,280.0HP 3.6L V6 Cylinder Engine Gasoline Fuel,Automatic,White,Black,,Yes,41950.0,280.0,3.6,6.0
Volkswagen,Atlas Cross Sport 3.6L V6 SEL Premium,2021,24596.0,Gasoline,3.6L V6 24V GDI DOHC,Automatic,Deep Black Pearl Effect,Titan Black / Quarzit,,,38322.0,,3.6,6.0
Hyundai,Santa Fe SEL,2021,2905.0,Gasoline,2.5L I4 16V PDI DOHC,Automatic,Shimmering Silver,Black,,,27599.0,,2.5,
Jaguar,XF 3.0 Portfolio,2015,71290.0,Gasoline,340.0HP 3.0L V6 Cylinder Engine Gasoline Fuel,Automatic,Brown,Black,At least 1 accident or damage reported,Yes,21000.0,340.0,3.0,6.0
Audi,A7 55 Premium Plus,2022,15000.0,Hybrid,335.0HP 3.0L V6 Cylinder Engine Gasoline/Mild Electric Hybrid,Automatic,Gray,Black,,Yes,63000.0,335.0,3.0,6.0
Infiniti,QX30 Premium,2017,37900.0,Gasoline,208.0HP 2.0L 4 Cylinder Engine Gasoline Fuel,Automatic,Gray,Black,,Yes,22000.0,208.0,2.0,4.0
Mercedes-Benz,AMG G 63 4MATIC,2022,2000.0,Gasoline,577.0HP 4.0L 8 Cylinder Engine Gasoline Fuel,Dual Clutch,Black,Black,,,244896.0,577.0,4.0,8.0
Mercedes-Benz,AMG C 43 AMG C 43 4MATIC,2019,32500.0,Gasoline,385.0HP 3.0L V6 Cylinder Engine Gasoline Fuel,Automatic,Black,Black,,Yes,43500.0,385.0,3.0,6.0
Mitsubishi,Lancer Evolution Base,2003,61491.0,Gasoline,271.0HP 2.0L 4 Cylinder Engine Gasoline Fuel,Manual,Blue,Black,At least 1 accident or damage reported,Yes,28000.0,271.0,2.0,4.0
Jeep,Wrangler Unlimited Sport,2013,77634.0,Gasoline,3.6L V6 24V MPFI DOHC,Automatic,Gecko Pearlcoat,Black,,,24590.0,,3.6,6.0
Audi,A3 2.0 TDI Premium Plus,2015,83000.0,Diesel,150.0HP 2.0L 4 Cylinder Engine Diesel Fuel,Automatic,Black,Black,At least 1 accident or damage reported,Yes,18999.0,150.0,2.0,4.0
Volkswagen,Jetta GLX VR6,2002,121800.0,Gasoline,174.0HP 2.8L V6 Cylinder Engine Gasoline Fuel,Manual,Black,Black,,Yes,4300.0,174.0,2.8,6.0
Bmw,ALPINA B7 ALPINA B7 xDrive,2020,65852.0,Gasoline,4.4 Liter Twin Turbo,Automatic,Black,Mocha,,,68998.0,,4.4,
Bentley,Bentayga Azure First Edition,2023,1335.0,Gasoline,4.0L V8 32V GDI DOHC Twin Turbo,Automatic,Onyx,Portland,,Yes,272950.0,,4.0,8.0
Mercedes-Benz,CLA-Class CLA 250,2014,83315.0,Gasoline,208.0HP 2.0L 4 Cylinder Engine Gasoline Fuel,Automatic,White,White,,Yes,15000.0,208.0,2.0,4.0
Bmw,i8 Base,2019,18421.0,Plug-In Hybrid,369.0HP 1.5L 3 Cylinder Engine Plug-In Electric/Gas,Automatic,Black,Black,,,85000.0,369.0,1.5,3.0
Lexus,CT 200h Premium,2015,101000.0,Hybrid,134.0HP 1.8L 4 Cylinder Engine Gas/Electric Hybrid,Automatic,Black,Black,At least 1 accident or damage reported,Yes,16500.0,134.0,1.8,4.0
Toyota,Tundra SR5,2022,29322.0,Gasoline,3.4L V6 24V PDI DOHC Twin Turbo,Automatic,Gray,Black,,,44999.0,,3.4,6.0
Mercedes-Benz,SLC 300 Base,2019,23900.0,Gasoline,241.0HP 2.0L 4 Cylinder Engine Gasoline Fuel,Automatic,White,Black,,Yes,35999.0,241.0,2.0,4.0
Mercedes-Benz,AMG C AMG C 63 S,2016,40515.0,Gasoline,4.0L V8 32V GDI DOHC Twin Turbo,Automatic,Black,Black,At least 1 accident or damage reported,,47999.0,,4.0,8.0
Ford,F-150 XLT,2020,67516.0,Gasoline,3.5L V6 24V PDI DOHC Twin Turbo,Automatic,Gray,Medium Light Camel,,Yes,36994.0,,3.5,6.0
Mazda,CX-9 Grand Touring,2010,155000.0,Gasoline,273.0HP 3.7L V6 Cylinder Engine Gasoline Fuel,Automatic,Silver,Black,,Yes,8300.0,273.0,3.7,6.0
Honda,Ridgeline RTL-E,2019,26998.0,Gasoline,3.5L V6 24V GDI SOHC,Automatic,Black,Black,,,35557.0,,3.5,6.0
Bentley,Bentayga Onyx Edition,2018,18500.0,Gasoline,600.0HP 6.0L 12 Cylinder Engine Gasoline Fuel,Automatic,Black,Brown,,Yes,115000.0,600.0,6.0,12.0
Mini,Cooper S Clubman Base,2009,137600.0,Gasoline,172.0HP 1.6L 4 Cylinder Engine Gasoline Fuel,Manual,Gold,Black,,Yes,6880.0,172.0,1.6,4.0
Nissan,Murano SL,2005,125500.0,Gasoline,245.0HP 3.5L V6 Cylinder Engine Gasoline Fuel,,Black,Beige,,Yes,3950.0,245.0,3.5,6.0
Bentley,Bentayga V8,2019,22039.0,Gasoline,542.0HP 4.0L 8 Cylinder Engine Gasoline Fuel,Automatic,White,Black,,Yes,113990.0,542.0,4.0,8.0
Nissan,Juke SV,2011,137483.0,Gasoline,188.0HP 1.6L 4 Cylinder Engine Gasoline Fuel,,White,Gray,,Yes,3200.0,188.0,1.6,4.0
Ford,Expedition Max Limited,2019,67500.0,Gasoline,375.0HP 3.5L V6 Cylinder Engine Gasoline Fuel,Automatic,Gray,Black,,Yes,40500.0,375.0,3.5,6.0
Ford,Expedition Max King Ranch,2020,52000.0,Gasoline,375.0HP 3.5L V6 Cylinder Engine Gasoline Fuel,Automatic,Gray,Brown,At least 1 accident or damage reported,Yes,53722.0,375.0,3.5,6.0
Lamborghini,Murcielago Base,2006,10000.0,Gasoline,571.0HP 6.2L 12 Cylinder Engine Gasoline Fuel,Automatic,Red,Black,,Yes,259000.0,571.0,6.2,12.0
Chevrolet,Suburban LT,2017,195361.0,Gasoline,355.0HP 5.3L 8 Cylinder Engine Gasoline Fuel,,Black,Black,At least 1 accident or damage reported,Yes,26000.0,355.0,5.3,8.0
Bentley,Bentayga Onyx Edition,2018,32500.0,Gasoline,600.0HP 6.0L 12 Cylinder Engine Gasoline Fuel,Automatic,Black,Beige,At least 1 accident or damage reported,Yes,103000.0,600.0,6.0,12.0
Bmw,M760 i xDrive,2019,14806.0,Gasoline,601.0HP 6.6L 12 Cylinder Engine Gasoline Fuel,Dual Clutch,Black,Black,At least 1 accident or damage reported,Yes,81330.0,601.0,6.6,12.0
Genesis,GV70 2.5T,2022,11000.0,Gasoline,300.0HP 2.5L 4 Cylinder Engine Gasoline Fuel,Automatic,White,–,At least 1 accident or damage reported,Yes,48950.0,300.0,2.5,4.0
Chevrolet,Tahoe LT,2011,92530.0,E85 Flex Fuel,320.0HP 5.3L 8 Cylinder Engine Flex Fuel Capability,Automatic,Red,Black,At least 1 accident or damage reported,Yes,18500.0,320.0,5.3,8.0
Dodge,Durango GT,2017,34845.0,Gasoline,295.0HP 3.6L V6 Cylinder Engine Gasoline Fuel,Automatic,White,Black,At least 1 accident or damage reported,Yes,30000.0,295.0,3.6,6.0
Porsche,718 Cayman GTS,2018,16280.0,Gasoline,365.0HP 2.5L 4 Cylinder Engine Gasoline Fuel,Dual Clutch,Red,Black,,Yes,85500.0,365.0,2.5,4.0
Porsche,Cayman Base,2011,77000.0,Gasoline,265.0HP 2.9L Flat 6 Cylinder Engine Gasoline Fuel,Automatic,Red,Beige,,Yes,32000.0,265.0,2.9,6.0
Porsche,Panamera Turbo,2010,63000.0,Gasoline,500.0HP 4.8L 8 Cylinder Engine Gasoline Fuel,Automatic,Black,Beige,At least 1 accident or damage reported,Yes,38500.0,500.0,4.8,8.0
Lexus,ES 350 Base,2016,39700.0,Gasoline,268.0HP 3.5L V6 Cylinder Engine Gasoline Fuel,Automatic,White,Beige,,Yes,25500.0,268.0,3.5,6.0
Kia,Optima Hybrid LX,2013,103111.0,Hybrid,199.0HP 2.4L 4 Cylinder Engine Gas/Electric Hybrid,Automatic,Silver,Beige,At least 1 accident or damage reported,Yes,9200.0,199.0,2.4,4.0
Land,Rover Range Rover Velar R-Dynamic SE,2019,75897.0,Gasoline,2.0 Liter,Automatic,Black,Black,,,35998.0,,2.0,
Jaguar,XF S,2017,55000.0,Gasoline,380.0HP 3.0L V6 Cylinder Engine Gasoline Fuel,Dual Clutch,Gray,Red,,Yes,34000.0,380.0,3.0,6.0
Lexus,GX 470 Base,2005,114000.0,Gasoline,270.0HP 4.7L 8 Cylinder Engine Gasoline Fuel,Automatic,Silver,Gray,At least 1 accident or damage reported,Yes,13450.0,270.0,4.7,8.0
Mercedes-Benz,GL-Class GL 550,2011,80124.0,Gasoline,382.0HP 5.5L 8 Cylinder Engine Gasoline Fuel,Automatic,Black,Black,,Yes,17500.0,382.0,5.5,8.0
Bmw,X6 M Base,2023,7000.0,Gasoline,600.0HP 4.4L 8 Cylinder Engine Gasoline Fuel,Dual Clutch,Gray,Gray,,Yes,144900.0,600.0,4.4,8.0
Ram,1500 Longhorn,2023,4285.0,Gasoline,5.7L V8 16V MPFI OHV,Automatic,Delmonico Red Pearlcoat,Black / Saddle,,Yes,65688.0,,5.7,8.0
Lamborghini,Huracan LP580-2S,2019,17175.0,Gasoline,5.2L V10 40V GDI DOHC,Automatic,Rosso Mars Metallic,Nero Ade,,,234900.0,,5.2,10.0
Toyota,Highlander Hybrid Limited Platinum,2017,34049.0,Hybrid,3.5L V6 24V PDI DOHC Hybrid,Automatic,Shoreline Blue Pearl,Ash,,,37999.0,,3.5,6.0
Audi,e-tron Prestige,2019,16000.0,,355.0HP Electric Motor Electric Fuel System,Automatic,White,Beige,At least 1 accident or damage reported,Yes,39990.0,355.0,,
Gmc,Suburban 2500,1996,95000.0,Gasoline,290.0HP 7.4L 8 Cylinder Engine Gasoline Fuel,Automatic,White,Gray,,Yes,25000.0,290.0,7.4,8.0
Land,Rover Range Rover Velar SVAutobiography Dynamic Edition,2020,59355.0,Gasoline,V8,Automatic,Santorini Black,Ebony / Pimento,,Yes,72995.0,,,8.0
Chevrolet,Bolt EUV Premier,2022,31000.0,,200.0HP Electric Motor Electric Fuel System,Automatic,Red,White,,Yes,36000.0,200.0,,
Bmw,M240 i,2019,19300.0,Gasoline,335.0HP 3.0L Straight 6 Cylinder Engine Gasoline Fuel,Automatic,White,Red,,Yes,36000.0,335.0,3.0,6.0
Cadillac,Escalade EXT Base,2009,155000.0,E85 Flex Fuel,403.0HP 6.2L 8 Cylinder Engine Flex Fuel Capability,Automatic,Red,Beige,At least 1 accident or damage reported,Yes,16900.0,403.0,6.2,8.0
Scion,tC Release Series 6.0,2010,120010.0,Gasoline,161.0HP 2.4L 4 Cylinder Engine Gasoline Fuel,Automatic,Gray,Black,At least 1 accident or damage reported,Yes,6500.0,161.0,2.4,4.0
Kia,Optima EX,2012,152520.0,Gasoline,200.0HP 2.4L 4 Cylinder Engine Gasoline Fuel,Automatic,White,Beige,,Yes,10900.0,200.0,2.4,4.0
Honda,Civic EX,1993,58981.0,,–,Automatic,White,Beige,,Yes,9599.0,,,
Maserati,Quattroporte Base,2005,32000.0,Gasoline,394.0HP 4.2L 8 Cylinder Engine Gasoline Fuel,Dual Clutch,Red,Beige,At least 1 accident or damage reported,Yes,2954083.0,394.0,4.2,8.0
Porsche,Panamera Turbo,2015,47000.0,Gasoline,520.0HP 4.8L 8 Cylinder Engine Gasoline Fuel,Dual Clutch,Black,Brown,,Yes,50000.0,520.0,4.8,8.0
Genesis,G70 2.0T,2023,2046.0,Gasoline,252.0HP 2.0L 4 Cylinder Engine Gasoline Fuel,Automatic,Green,Gray,,Yes,43499.0,252.0,2.0,4.0
Chevrolet,Trailblazer LS,2021,24965.0,Gasoline,1.2L I3 12V GDI DOHC Turbo,Automatic,Mosaic Black Metallic,Jet Black,At least 1 accident or damage reported,Yes,22995.0,,1.2,
Toyota,Camry LE,2005,108000.0,Gasoline,160.0HP 2.4L 4 Cylinder Engine Gasoline Fuel,Automatic,Beige,Gray,,Yes,7850.0,160.0,2.4,4.0
Toyota,Sienna LE,2015,76000.0,Gasoline,266.0HP 3.5L V6 Cylinder Engine Gasoline Fuel,Automatic,Red,Gray,,Yes,18300.0,266.0,3.5,6.0
Porsche,911 Carrera S,2014,30000.0,Gasoline,400.0HP 3.8L Flat 6 Cylinder Engine Gasoline Fuel,Automatic,Black,Brown,,Yes,78500.0,400.0,3.8,6.0
Volvo,V60 T6 R-Design Platinum,2015,59271.0,Gasoline,325.0HP 3.0L Straight 6 Cylinder Engine Gasoline Fuel,Automatic,Blue,Black,,Yes,29900.0,325.0,3.0,6.0
Lexus,LX 600 Premium,2023,1500.0,Gasoline,409.0HP 3.4L V6 Cylinder Engine Gasoline Fuel,Automatic,Gray,Black,,,119500.0,409.0,3.4,6.0
Bmw,330e iPerformance,2017,52500.0,Plug-In Hybrid,247.0HP 2.0L 4 Cylinder Engine Plug-In Electric/Gas,Dual Clutch,Blue,Black,At least 1 accident or damage reported,Yes,24950.0,247.0,2.0,4.0
Tesla,Model Y Long Range,2020,23100.0,,425.0HP Electric Motor Electric Fuel System,Automatic,Blue,White,,Yes,36495.0,425.0,,
Fiat,124 Spider Abarth,2017,45000.0,Gasoline,164.0HP 1.4L 4 Cylinder Engine Gasoline Fuel,Manual,Gray,Black,At least 1 accident or damage reported,Yes,22500.0,164.0,1.4,4.0
Dodge,Ram 1500 Quad Cab,2002,179000.0,Gasoline,245.0HP 5.9L 8 Cylinder Engine Gasoline Fuel,Automatic,Black,Black,At least 1 accident or damage reported,Yes,6500.0,245.0,5.9,8.0
Toyota,Supra A91-MT Edition,2023,1500.0,Gasoline,382.0HP 3.0L Straight 6 Cylinder Engine Gasoline Fuel,Manual,Gray,Orange,,Yes,84900.0,382.0,3.0,6.0
Bmw,X7 xDrive40i,2022,38671.0,Hybrid,3.0 Liter Turbo,Automatic,Gray,Blk,,,66998.0,,3.0,
Jeep,Wrangler Unlimited X,2007,135465.0,Gasoline,205.0HP 3.8L V6 Cylinder Engine Gasoline Fuel,Automatic,Black,Gray,,Yes,15750.0,205.0,3.8,6.0
Mini,Countryman Cooper S ALL4,2014,79000.0,Gasoline,181.0HP 1.6L 4 Cylinder Engine Gasoline Fuel,Dual Clutch,White,Black,,Yes,17000.0,181.0,1.6,4.0
Nissan,Maxima SV,2012,42259.0,Gasoline,290.0HP 3.5L V6 Cylinder Engine Gasoline Fuel,,Black,Black,At least 1 accident or damage reported,Yes,17000.0,290.0,3.5,6.0
Toyota,Camry Solara SLE V6,2006,159890.0,Gasoline,225.0HP 3.3L V6 Cylinder Engine Gasoline Fuel,Automatic,Blue,Gray,At least 1 accident or damage reported,Yes,6500.0,225.0,3.3,6.0
Maserati,Grecale Modena,2023,2200.0,Hybrid,325.0HP 2.0L 4 Cylinder Engine Gasoline/Mild Electric Hybrid,Dual Clutch,Black,Red,,Yes,75000.0,325.0,2.0,4.0
Lexus,RX 450h Base,2022,15833.0,Hybrid,308.0HP 3.5L V6 Cylinder Engine Gas/Electric Hybrid,,White,Beige,,Yes,52000.0,308.0,3.5,6.0
Bmw,328 i xDrive,2013,96000.0,Gasoline,240.0HP 2.0L 4 Cylinder Engine Gasoline Fuel,Dual Clutch,Black,Black,At least 1 accident or damage reported,Yes,13500.0,240.0,2.0,4.0
Bmw,135 i,2009,72900.0,Gasoline,300.0HP 3.0L Straight 6 Cylinder Engine Gasoline Fuel,Automatic,Gray,Gray,,Yes,15500.0,300.0,3.0,6.0
Bmw,X7 M50i,2021,7121.0,Gasoline,4.4 Liter Twin Turbo,Automatic,Gray,Black,,,94998.0,,4.4,
Hyundai,Tucson Hybrid SEL Convenience,2023,3402.0,Hybrid,226.0HP 1.6L 4 Cylinder Engine Gas/Electric Hybrid,Automatic,White,Black,,Yes,44000.0,226.0,1.6,4.0
Volvo,C30 T5 Premier Plus,2013,73000.0,Gasoline,227.0HP 2.5L 5 Cylinder Engine Gasoline Fuel,Automatic,Silver,Black,,Yes,13900.0,227.0,2.5,5.0
Karma,Revero Base,2018,21000.0,,403.0HP 2.0L Electric Motor Electric Fuel System,Automatic,White,Black,,Yes,51000.0,403.0,2.0,
Bmw,X7 xDrive40i,2021,30309.0,Hybrid,3.0 Liter Turbo,Automatic,Blue,Tan,,,63598.0,,3.0,
Ford,Mustang Mach-E California Route 1,2021,24000.0,,290.0HP Electric Motor Electric Fuel System,Automatic,White,Black,,Yes,38000.0,290.0,,
Bmw,740 i,2016,73000.0,Gasoline,320.0HP 3.0L Straight 6 Cylinder Engine Gasoline Fuel,Dual Clutch,Black,Black,,Yes,23999.0,320.0,3.0,6.0
Ford,Edge SEL,2019,26465.0,Gasoline,2.0L I4 16V GDI DOHC Turbo,Automatic,White Platinum Tri-Coat Metallic,Ebony,,,24998.0,,2.0,
Volkswagen,Arteon 2.0T SEL Premium R-Line,2020,26870.0,Gasoline,2.0L I4 16V GDI DOHC Turbo,Automatic,Deep Black Pearl Effect,Mistral Gray / Raven,At least 1 accident or damage reported,Yes,34645.0,,2.0,
Honda,Pilot EX,2004,184000.0,Gasoline,240.0HP 3.5L V6 Cylinder Engine Gasoline Fuel,Automatic,Blue,Gray,At least 1 accident or damage reported,Yes,10500.0,240.0,3.5,6.0
Bmw,X7 ALPINA XB7,2022,4514.0,Gasoline,4.4 Liter Twin Turbo,Automatic,Gray,Black,,,132998.0,,4.4,
Ram,2500 Tradesman,2022,1300.0,Gasoline,410.0HP 6.4L 8 Cylinder Engine Gasoline Fuel,Automatic,Red,Black,,Yes,48000.0,410.0,6.4,8.0
Jeep,Grand Cherokee Limited,2018,49924.0,Gasoline,293.0HP 3.6L V6 Cylinder Engine Gasoline Fuel,Automatic,White,Black,,Yes,26500.0,293.0,3.6,6.0
Gmc,Yukon Denali,2019,36526.0,Gasoline,420.0HP 6.2L 8 Cylinder Engine Gasoline Fuel,Automatic,Red,Black,,Yes,57850.0,420.0,6.2,8.0
Bmw,M6 Base,2015,37000.0,Gasoline,560.0HP 4.4L 8 Cylinder Engine Gasoline Fuel,Dual Clutch,Silver,Silver,,Yes,45950.0,560.0,4.4,8.0
Acura,MDX 3.5L w/Advance & Entertainment Pkgs,2017,79884.0,Gasoline,3.5L V6 24V GDI SOHC,Automatic,Gray,Graystone,At least 1 accident or damage reported,,24840.0,,3.5,6.0
Volkswagen,Beetle 1.8T,2016,30000.0,Gasoline,170.0HP 1.8L 4 Cylinder Engine Gasoline Fuel,Dual Clutch,Blue,Beige,At least 1 accident or damage reported,Yes,19000.0,170.0,1.8,4.0
Bmw,X6 M Base,2021,11102.0,Gasoline,600.0HP 4.4L 8 Cylinder Engine Gasoline Fuel,Automatic,Black,Black,,Yes,101000.0,600.0,4.4,8.0
Ford,Mustang GT Premium,2012,105500.0,Gasoline,412.0HP 5.0L 8 Cylinder Engine Gasoline Fuel,Manual,Silver,Black,,Yes,19000.0,412.0,5.0,8.0
Bmw,X7 xDrive50i,2019,31157.0,Gasoline,4.4 Liter GDI DOHC Twin Turbo,Automatic,Black,Blk,,,65998.0,,4.4,
Kia,Sorento LX V6,2019,86204.0,Gasoline,3.3L V6 24V GDI DOHC,Automatic,Sparkling Silver,Satin Black,At least 1 accident or damage reported,,20708.0,,3.3,6.0
Bmw,435 i,2014,80211.0,Gasoline,300.0HP 3.0L Straight 6 Cylinder Engine Gasoline Fuel,Automatic,Gray,Red,At least 1 accident or damage reported,Yes,17995.0,300.0,3.0,6.0
Aston,Martin V8 Vantage Base,2010,25991.0,Gasoline,420.0HP 4.7L 8 Cylinder Engine Gasoline Fuel,Automatic,Silver,Black,,Yes,69995.0,420.0,4.7,8.0
Mercedes-Benz,CLK-Class CLK 350,2008,73000.0,Gasoline,268.0HP 3.5L V6 Cylinder Engine Gasoline Fuel,Automatic,Black,Black,,Yes,8400.0,268.0,3.5,6.0
Bmw,740 i,2018,40989.0,Gasoline,320.0HP 3.0L Straight 6 Cylinder Engine Gasoline Fuel,Automatic,Black,Gold,,Yes,35000.0,320.0,3.0,6.0
Dodge,Caliber Express,2010,102681.0,Gasoline,158.0HP 2.0L 4 Cylinder Engine Gasoline Fuel,Manual,Red,Black,,Yes,6000.0,158.0,2.0,4.0
Acura,ZDX Base,2010,123000.0,Gasoline,300.0HP 3.7L V6 Cylinder Engine Gasoline Fuel,Dual Clutch,Black,Black,At least 1 accident or damage reported,Yes,13888.0,300.0,3.7,6.0
Jeep,Wrangler X,2005,160900.0,Gasoline,190.0HP 4.0L Straight 6 Cylinder Engine Gasoline Fuel,Automatic,Black,–,At least 1 accident or damage reported,Yes,7200.0,190.0,4.0,6.0
Bmw,M3 Base,2011,105000.0,Gasoline,414.0HP 4.0L 8 Cylinder Engine Gasoline Fuel,Manual,Silver,Black,At least 1 accident or damage reported,Yes,21900.0,414.0,4.0,8.0
Kia,Sportage Plug-In Hybrid X-Line,2023,1340.0,Plug-In Hybrid,177.0HP 1.6L 4 Cylinder Engine Plug-In Electric/Gas,Automatic,Black,Black,,Yes,41000.0,177.0,1.6,4.0
Ford,Mustang Mach-E Premium,2021,17850.0,,266.0HP Electric Motor Electric Fuel System,Automatic,Red,Black,,Yes,41999.0,266.0,,
Bmw,M3 Base,2011,72277.0,Gasoline,414.0HP 4.0L 8 Cylinder Engine Gasoline Fuel,Dual Clutch,Gray,Red,,Yes,34950.0,414.0,4.0,8.0
Jeep,Wrangler Rubicon,2023,7000.0,Hybrid,285.0HP 3.6L V6 Cylinder Engine Gasoline/Mild Electric Hybrid,Automatic,Gray,Black,,Yes,46000.0,285.0,3.6,6.0
Porsche,Panamera 4 Platinum Edition,2022,10627.0,Gasoline,"2.9L V-6 gasoline direct injection, DOHC, variable valve control",Automatic,Chalk,BLACK,,,99000.0,,2.9,
Ford,Explorer XLT,2020,67015.0,Gasoline,2.3L I4 16V GDI DOHC Turbo,Automatic,Oxford White,Sandstone,,,28590.0,,2.3,
Bmw,M4 Base,2018,19600.0,Gasoline,425.0HP 3.0L Straight 6 Cylinder Engine Gasoline Fuel,Automatic,Black,Black,At least 1 accident or damage reported,Yes,62000.0,425.0,3.0,6.0
Ford,Mustang Mach-E Premium,2022,5800.0,,346.0HP Electric Motor Electric Fuel System,Automatic,White,White,,Yes,42500.0,346.0,,
Fiat,500e Battery Electric,2017,33812.0,,111.0HP Electric Motor Electric Fuel System,Automatic,Silver,Black,,Yes,14999.0,111.0,,
Cadillac,Escalade Luxury,2015,99897.0,Gasoline,420.0HP 6.2L 8 Cylinder Engine Gasoline Fuel,Automatic,Black,Black,,Yes,26950.0,420.0,6.2,8.0
Mercedes-Benz,SL-Class SL 550,2014,127500.0,Gasoline,429.0HP 4.7L 8 Cylinder Engine Gasoline Fuel,Dual Clutch,White,White,,Yes,29000.0,429.0,4.7,8.0
Ford,Expedition Limited,2021,23842.0,Gasoline,3.5L V6 24V PDI DOHC Twin Turbo,Automatic,Gray,Medium Stone,,Yes,59203.0,,3.5,6.0
Rivian,R1S Adventure Package,2023,2108.0,,835.0HP Electric Motor Electric Fuel System,Automatic,Silver,White,,Yes,91000.0,835.0,,
Bmw,M6 Base,2014,65550.0,Gasoline,560.0HP 4.4L 8 Cylinder Engine Gasoline Fuel,Dual Clutch,Black,Black,,Yes,39985.0,560.0,4.4,8.0
Lamborghini,Huracan LP580-2,2017,22000.0,Gasoline,573.0HP 5.2L 10 Cylinder Engine Gasoline Fuel,Dual Clutch,White,Black,,Yes,210000.0,573.0,5.2,10.0
Ford,Bronco Wildtrak Advanced,2022,15600.0,Gasoline,315.0HP 2.7L V6 Cylinder Engine Gasoline Fuel,Dual Clutch,Gray,–,At least 1 accident or damage reported,Yes,68995.0,315.0,2.7,6.0
Lexus,LC 500 Base,2021,22400.0,Gasoline,471.0HP 5.0L 8 Cylinder Engine Gasoline Fuel,Automatic,White,Red,,Yes,81900.0,471.0,5.0,8.0
Lexus,LS 460 Crafted Line,2015,89150.0,Gasoline,360.0HP 4.6L 8 Cylinder Engine Gasoline Fuel,Automatic,White,Black,,Yes,31900.0,360.0,4.6,8.0
Bmw,M4 Base,2023,15000.0,Gasoline,"3L I-6 gasoline direct injection, DOHC, Double VANOS variable va",Automatic,BLUE,ORANGE,,,81000.0,,,
Audi,A3 2.0T Tech Premium,2018,49500.0,Gasoline,220.0HP 2.0L 4 Cylinder Engine Gasoline Fuel,Automatic,Blue,Gray,,Yes,25000.0,220.0,2.0,4.0
Audi,S8 4.2 quattro,2003,126000.0,Gasoline,360.0HP 4.2L 8 Cylinder Engine Gasoline Fuel,Dual Clutch,Gray,Black,,,13850.0,360.0,4.2,8.0
Volkswagen,Golf GTI 2.0T Autobahn 4-Door,2015,85385.0,Gasoline,210.0HP 2.0L 4 Cylinder Engine Gasoline Fuel,Manual,Gray,Black,,Yes,15550.0,210.0,2.0,4.0
Cadillac,Escalade Sport,2023,3000.0,Diesel,277.0HP 3.0L Straight 6 Cylinder Engine Diesel Fuel,Automatic,White,Brown,,Yes,123999.0,277.0,3.0,6.0
Hyundai,Tucson SE,2018,66126.0,Gasoline,2.0L I4 16V GDI DOHC,Automatic,Dazzling White,Gray,,,19190.0,,2.0,
Toyota,GR86 Premium,2023,1075.0,Gasoline,228.0HP 2.4L 4 Cylinder Engine Gasoline Fuel,Manual,White,Black,,Yes,35000.0,228.0,2.4,4.0
Ford,Bronco Raptor,2023,2489.0,Gasoline,3.0L V6 24V GDI DOHC Twin Turbo,Automatic,Oxford White,Black Onyx,,,98900.0,,3.0,6.0
Hyundai,Santa Fe SEL,2021,25000.0,Gasoline,191.0HP 2.5L 4 Cylinder Engine Gasoline Fuel,Automatic,Black,Gray,,Yes,28500.0,191.0,2.5,4.0
Nissan,Armada Platinum,2017,92000.0,Gasoline,390.0HP 5.6L 8 Cylinder Engine Gasoline Fuel,Automatic,Black,Black,,Yes,20900.0,390.0,5.6,8.0
Lexus,GX 470 Base,2008,123500.0,Gasoline,263.0HP 4.7L 8 Cylinder Engine Gasoline Fuel,Automatic,White,Gray,At least 1 accident or damage reported,Yes,14500.0,263.0,4.7,8.0
Cadillac,CTS Premium,2013,105000.0,Gasoline,318.0HP 3.6L V6 Cylinder Engine Gasoline Fuel,Automatic,Black,Black,At least 1 accident or damage reported,Yes,12000.0,318.0,3.6,6.0
Audi,R8 Base,2008,49000.0,Gasoline,420.0HP 4.2L 8 Cylinder Engine Gasoline Fuel,Manual,Black,Black,,Yes,63000.0,420.0,4.2,8.0
Jaguar,F-PACE S,2020,28357.0,Gasoline,3.0 Liter,Automatic,Santorini Black Metallic,Pimento Red w/Ebony,,,47598.0,,3.0,
Chevrolet,Silverado 1500 1LT,2018,81000.0,E85 Flex Fuel,285.0HP 4.3L V6 Cylinder Engine Flex Fuel Capability,Automatic,Red,Gray,,Yes,32000.0,285.0,4.3,6.0
Ford,Expedition Limited,2021,45000.0,Gasoline,375.0HP 3.5L V6 Cylinder Engine Gasoline Fuel,Dual Clutch,Gray,Black,,Yes,52000.0,375.0,3.5,6.0
Toyota,Sequoia Platinum,2011,173456.0,E85 Flex Fuel,381.0HP 5.7L 8 Cylinder Engine Flex Fuel Capability,Automatic,Black,Gray,At least 1 accident or damage reported,Yes,16000.0,381.0,5.7,8.0
Bmw,M440 i,2021,13700.0,Hybrid,382.0HP 3.0L Straight 6 Cylinder Engine Gasoline/Mild Electric Hybrid,Automatic,Black,Beige,,,60000.0,382.0,3.0,6.0
Audi,A8 L 55,2019,93400.0,Hybrid,335.0HP 3.0L V6 Cylinder Engine Gasoline/Mild Electric Hybrid,Automatic,Silver,Brown,,Yes,42500.0,335.0,3.0,6.0
Toyota,Avalon XLE,2015,90000.0,Gasoline,268.0HP 3.5L V6 Cylinder Engine Gasoline Fuel,Automatic,White,Beige,,Yes,18200.0,268.0,3.5,6.0
Porsche,Macan Base,2017,40600.0,Gasoline,252.0HP 2.0L 4 Cylinder Engine Gasoline Fuel,Automatic,Gray,Black,,Yes,32000.0,252.0,2.0,4.0
Lexus,IS 350 F Sport,2023,20121.0,Gasoline,311.0HP 3.5L V6 Cylinder Engine Gasoline Fuel,Automatic,Gray,Red,,Yes,47124.0,311.0,3.5,6.0
Mercedes-Benz,Metris Base,2020,3921.0,Gasoline,2.0L I4 16V GDI DOHC Turbo,Automatic,Black,White,,Yes,175000.0,,2.0,
Lexus,RX 350 Base,2011,187450.0,Gasoline,275.0HP 3.5L V6 Cylinder Engine Gasoline Fuel,Automatic,Silver,Beige,At least 1 accident or damage reported,Yes,10400.0,275.0,3.5,6.0
Toyota,Supra A91 Edition,2021,6400.0,Gasoline,382.0HP 3.0L Straight 6 Cylinder Engine Gasoline Fuel,Dual Clutch,Gray,Black,,Yes,68000.0,382.0,3.0,6.0
Mercedes-Benz,AMG C 43 Base 4MATIC,2017,54500.0,Gasoline,362.0HP 3.0L V6 Cylinder Engine Gasoline Fuel,Automatic,White,Black,,Yes,37995.0,362.0,3.0,6.0
Bmw,X6 xDrive50i,2017,78500.0,Gasoline,445.0HP 4.4L 8 Cylinder Engine Gasoline Fuel,Automatic,Red,Brown,At least 1 accident or damage reported,Yes,42000.0,445.0,4.4,8.0
Chevrolet,Tahoe LT,2018,75000.0,Gasoline,355.0HP 5.3L 8 Cylinder Engine Gasoline Fuel,Automatic,Silver,Black,,Yes,36000.0,355.0,5.3,8.0
Ford,F-150 SVT Raptor,2014,89988.0,Gasoline,411.0HP 6.2L 8 Cylinder Engine Gasoline Fuel,Automatic,Red,Red,At least 1 accident or damage reported,Yes,42500.0,411.0,6.2,8.0
Subaru,Outback 3.0 R VDC Limited,2005,107000.0,Gasoline,250.0HP 3.0L Flat 6 Cylinder Engine Gasoline Fuel,Automatic,Gold,Beige,,Yes,7100.0,250.0,3.0,6.0
Alfa,Romeo Giulia Ti,2019,21400.0,Gasoline,280.0HP 2.0L 4 Cylinder Engine Gasoline Fuel,Automatic,White,Black,,Yes,28500.0,280.0,2.0,4.0
Mazda,CX-7 Grand Touring,2007,83150.0,Gasoline,244.0HP 2.3L 4 Cylinder Engine Gasoline Fuel,Automatic,White,Beige,,Yes,6950.0,244.0,2.3,4.0
Ford,F-150 Platinum,2018,92000.0,Diesel,250.0HP 3.0L V6 Cylinder Engine Diesel Fuel,Automatic,Black,Black,At least 1 accident or damage reported,Yes,36500.0,250.0,3.0,6.0
Mercedes-Benz,GLE 350 Base 4MATIC,2021,15042.0,Gasoline,2.0L I4 16V GDI DOHC Turbo,Automatic,Selenite Gray Metallic,Macchiato,,,54599.0,,2.0,
Audi,A7 3.0T Premium Plus,2017,39000.0,Gasoline,333.0HP 3.0L V6 Cylinder Engine Gasoline Fuel,Dual Clutch,Black,Black,At least 1 accident or damage reported,Yes,35000.0,333.0,3.0,6.0
Ram,2500 Laramie,2017,67483.0,Gasoline,410.0HP 6.4L 8 Cylinder Engine Gasoline Fuel,Automatic,Brown,Beige,At least 1 accident or damage reported,Yes,46500.0,410.0,6.4,8.0
Tesla,Model S 70D,2015,62089.0,,329.0HP Electric Motor Electric Fuel System,Automatic,Black,Beige,,Yes,29975.0,329.0,,
Audi,S8 4.0T Plus,2017,54300.0,Gasoline,605.0HP 4.0L 8 Cylinder Engine Gasoline Fuel,Automatic,Black,Black,,Yes,53500.0,605.0,4.0,8.0
Hyundai,Sonata Hybrid Limited,2022,30565.0,Hybrid,192.0HP 2.0L 4 Cylinder Engine Gas/Electric Hybrid,Automatic,Gray,Black,,Yes,29000.0,192.0,2.0,4.0
Audi,A8 L 4.0T,2016,142666.0,Gasoline,450.0HP 4.0L 8 Cylinder Engine Gasoline Fuel,Automatic,Black,Black,At least 1 accident or damage reported,Yes,22000.0,450.0,4.0,8.0
Ford,Ranger Sport SuperCab,2009,166200.0,Gasoline,207.0HP 4.0L V6 Cylinder Engine Gasoline Fuel,Automatic,Blue,Gray,At least 1 accident or damage reported,Yes,6999.0,207.0,4.0,6.0
Infiniti,Q50 Hybrid Premium,2015,88977.0,Hybrid,354.0HP 3.5L V6 Cylinder Engine Gas/Electric Hybrid,Automatic,Gray,Black,At least 1 accident or damage reported,Yes,19977.0,354.0,3.5,6.0
Bmw,M3 Base,2011,114890.0,Gasoline,414.0HP 4.0L 8 Cylinder Engine Gasoline Fuel,Dual Clutch,White,Beige,,Yes,20990.0,414.0,4.0,8.0
Mercedes-Benz,E-Class E 350 4MATIC,2009,171000.0,Gasoline,268.0HP 3.5L V6 Cylinder Engine Gasoline Fuel,Automatic,Black,Black,At least 1 accident or damage reported,Yes,4750.0,268.0,3.5,6.0
Ford,Explorer sport,2019,90067.0,Gasoline,3.5L V6 24V GDI DOHC Twin Turbo,Automatic,Black,Ebony Black,,,28590.0,,3.5,6.0
Chevrolet,Camaro 1LT,2014,97579.0,Gasoline,323.0HP 3.6L V6 Cylinder Engine Gasoline Fuel,Dual Clutch,Black,Black,At least 1 accident or damage reported,Yes,15000.0,323.0,3.6,6.0
Mazda,MX-5 Miata RF Grand Touring,2017,52000.0,Gasoline,155.0HP 2.0L 4 Cylinder Engine Gasoline Fuel,Manual,Black,Black,At least 1 accident or damage reported,Yes,20500.0,155.0,2.0,4.0
Jeep,Grand Cherokee L Limited,2021,25968.0,Gasoline,3.6L V6 24V MPFI DOHC,Automatic,Metallic,Global Black,,,38405.0,,3.6,6.0
Mini,Hardtop Cooper S,2016,41680.0,Gasoline,189.0HP 2.0L 4 Cylinder Engine Gasoline Fuel,Automatic,Silver,Black,,Yes,17495.0,189.0,2.0,4.0
Saab,9-3 SE,2002,77200.0,Gasoline,205.0HP 2.0L 4 Cylinder Engine Gasoline Fuel,Manual,Black,Beige,,Yes,7500.0,205.0,2.0,4.0
Bmw,X5 xDrive40i,2019,50000.0,Gasoline,335.0HP 3.0L Straight 6 Cylinder Engine Gasoline Fuel,Automatic,Blue,Gold,,Yes,43000.0,335.0,3.0,6.0
Porsche,Macan,2021,21613.0,Gasoline,2.0 Liter,Automatic,White,–,,,58998.0,,2.0,
Audi,Q3 S line Premium Plus,2022,17377.0,Gasoline,2.0 Liter TFSI,Automatic,Glacier White,Pearl Beige,,,39998.0,,2.0,
Gmc,Acadia SLE,2020,30426.0,Gasoline,2.5L I4 16V GDI DOHC,Automatic,Ebony Twilight Metallic,Jet Black,,,29645.0,,2.5,
Audi,allroad 2.7T,2005,153000.0,Gasoline,250.0HP 2.7L V6 Cylinder Engine Gasoline Fuel,Manual,Blue,Blue,At least 1 accident or damage reported,Yes,6500.0,250.0,2.7,6.0
Mercury,Marauder Base,2004,56600.0,Gasoline,302.0HP 4.6L 8 Cylinder Engine Gasoline Fuel,,Silver,Black,,Yes,23000.0,302.0,4.6,8.0
Hyundai,Genesis 3.8,2015,116612.0,Gasoline,311.0HP 3.8L V6 Cylinder Engine Gasoline Fuel,Automatic,White,White,At least 1 accident or damage reported,Yes,12700.0,311.0,3.8,6.0
Audi,SQ5 3.0T Premium Plus,2018,72000.0,Gasoline,354.0HP 3.0L V6 Cylinder Engine Gasoline Fuel,Automatic,Blue,Black,At least 1 accident or damage reported,Yes,30000.0,354.0,3.0,6.0
Audi,A8 L 55,2019,39000.0,Hybrid,335.0HP 3.0L V6 Cylinder Engine Gasoline/Mild Electric Hybrid,Automatic,Black,Brown,,Yes,50000.0,335.0,3.0,6.0
Lincoln,Navigator Base,2008,149000.0,Gasoline,300.0HP 5.4L 8 Cylinder Engine Gasoline Fuel,Automatic,Gold,Beige,,Yes,10099.0,300.0,5.4,8.0
Bmw,M4 Base,2018,19300.0,Gasoline,425.0HP 3.0L Straight 6 Cylinder Engine Gasoline Fuel,Manual,White,Silver,,Yes,64000.0,425.0,3.0,6.0
Mazda,CX-9 Carbon Edition,2021,27836.0,Gasoline,2.5L I4 16V GDI DOHC Turbo,Automatic,Polymetal Gray Metallic,Red,,Yes,36969.0,,2.5,
Chevrolet,Corvette Stingray w/1LT,2023,3273.0,Gasoline,490.0HP 6.2L 8 Cylinder Engine Gasoline Fuel,Dual Clutch,Black,Red,,Yes,78999.0,490.0,6.2,8.0
Ford,F-150 Lariat,2017,74349.0,Gasoline,375.0HP 3.5L V6 Cylinder Engine Gasoline Fuel,Automatic,White,–,,Yes,36000.0,375.0,3.5,6.0
Ford,F-250 Lariat,2019,85000.0,Diesel,450.0HP 6.7L 8 Cylinder Engine Diesel Fuel,Automatic,White,Black,At least 1 accident or damage reported,Yes,55000.0,450.0,6.7,8.0
Ferrari,Roma Base,2022,2250.0,Gasoline,611.0HP 3.9L 8 Cylinder Engine Gasoline Fuel,Automatic,Gray,Blue,,Yes,259500.0,611.0,3.9,8.0
Mercedes-Benz,GLS 450 Base 4MATIC,2017,46100.0,Gasoline,362.0HP 3.0L V6 Cylinder Engine Gasoline Fuel,Automatic,Black,Beige,At least 1 accident or damage reported,Yes,33000.0,362.0,3.0,6.0
Hyundai,Santa Fe SEL Plus 2.4,2019,49500.0,Gasoline,185.0HP 2.4L 4 Cylinder Engine Gasoline Fuel,Automatic,Silver,Gray,,Yes,28000.0,185.0,2.4,4.0
Mercedes-Benz,E-Class E 350,2012,31130.0,Gasoline,302.0HP 3.5L V6 Cylinder Engine Gasoline Fuel,Automatic,Black,Black,,Yes,23500.0,302.0,3.5,6.0
Ford,F-250 XLT SuperCab Super Duty,2008,149460.0,Diesel,350.0HP 6.4L 8 Cylinder Engine Diesel Fuel,Automatic,Blue,Gray,At least 1 accident or damage reported,Yes,12240.0,350.0,6.4,8.0
Mercury,Marauder Base,2003,90000.0,Gasoline,302.0HP 4.6L 8 Cylinder Engine Gasoline Fuel,Automatic,Blue,Beige,At least 1 accident or damage reported,Yes,15500.0,302.0,4.6,8.0
Ford,Transit-350 XLT,2021,48000.0,E85 Flex Fuel,275.0HP 3.5L V6 Cylinder Engine Flex Fuel Capability,Automatic,White,Gray,,Yes,57000.0,275.0,3.5,6.0
Mercedes-Benz,C-Class C 300 4MATIC Sport,2013,98000.0,Gasoline,248.0HP 3.5L V6 Cylinder Engine Gasoline Fuel,Automatic,White,Beige,At least 1 accident or damage reported,Yes,15500.0,248.0,3.5,6.0
Volkswagen,Arteon SEL R-Line,2022,18655.0,Gasoline,2.0 Liter TSI,Automatic,Oryx White Prl,Titan Black,,,38698.0,,2.0,
Chevrolet,Suburban 2500 LS,2006,60000.0,Gasoline,325.0HP 8.1L 8 Cylinder Engine Gasoline Fuel,Automatic,Brown,Brown,At least 1 accident or damage reported,Yes,24950.0,325.0,8.1,8.0
Chevrolet,Suburban 1500 LT,2014,169500.0,E85 Flex Fuel,320.0HP 5.3L 8 Cylinder Engine Flex Fuel Capability,Automatic,Purple,Brown,,Yes,15000.0,320.0,5.3,8.0
Mitsubishi,Eclipse GS,2008,189500.0,Gasoline,162.0HP 2.4L 4 Cylinder Engine Gasoline Fuel,Manual,Red,Black,,Yes,6000.0,162.0,2.4,4.0
Toyota,Land Cruiser Base,2016,91000.0,Gasoline,381.0HP 5.7L 8 Cylinder Engine Gasoline Fuel,Automatic,Black,Brown,,Yes,68500.0,381.0,5.7,8.0
Genesis,G80 2.5T,2022,7396.0,Gasoline,2.5L I4 16V PDI DOHC Turbo,Automatic,Black Forest Green,Black,,,41299.0,,2.5,
Toyota,Tundra SR5 Access Cab,2004,229450.0,Gasoline,240.0HP 4.7L 8 Cylinder Engine Gasoline Fuel,Automatic,Gray,Gray,,Yes,8250.0,240.0,4.7,8.0
Maserati,Quattroporte Modena Q4,2023,8603.0,Gasoline,3.0L V6 24V GDI DOHC Twin Turbo,Automatic,Blu,Tan,,,125900.0,,3.0,6.0
Audi,RS 5 4.2,2014,49098.0,Gasoline,450.0HP 4.2L 8 Cylinder Engine Gasoline Fuel,Dual Clutch,White,Black,At least 1 accident or damage reported,Yes,44900.0,450.0,4.2,8.0
Nissan,Rogue S,2022,21212.0,Gasoline,1.5L I3 12V GDI DOHC Turbo,Automatic,Gun Metallic,Charcoal,,,28906.0,,1.5,
Porsche,Panamera 4S,2010,62743.0,Gasoline,400.0HP 4.8L 8 Cylinder Engine Gasoline Fuel,Dual Clutch,Silver,Gray,,Yes,28600.0,400.0,4.8,8.0
Bmw,M440 i xDrive,2021,24300.0,Hybrid,382.0HP 3.0L Straight 6 Cylinder Engine Gasoline/Mild Electric Hybrid,Automatic,Gray,Beige,,Yes,49999.0,382.0,3.0,6.0
Cadillac,Escalade Premium,2010,104000.0,E85 Flex Fuel,403.0HP 6.2L 8 Cylinder Engine Flex Fuel Capability,Automatic,Gray,–,,Yes,19500.0,403.0,6.2,8.0
Volvo,S60 T6 Momentum,2020,46250.0,Gasoline,2.0L I4 16V GDI DOHC,Automatic,White,Charcoal,At least 1 accident or damage reported,Yes,27800.0,,2.0,
Mazda,CX-9 Touring Plus,2023,1930.0,Gasoline,2.5L I4 16V GDI DOHC Turbo,Automatic,Jet Black Mica,Black,At least 1 accident or damage reported,Yes,40655.0,,2.5,
Chrysler,Pacifica Hybrid Touring L,2022,61494.0,Hybrid,3.6L V6 24V MPFI DOHC Hybrid,Automatic,Bright White Clearcoat,Black,,,35850.0,,3.6,6.0
Jeep,Wrangler Unlimited Sport,2020,24040.0,Gasoline,2.0L I4 16V GDI DOHC Turbo,Automatic,Black Clearcoat,Black,,Yes,35273.0,,2.0,
Toyota,Highlander Base,2001,231581.0,Gasoline,220.0HP 3.0L V6 Cylinder Engine Gasoline Fuel,Automatic,Beige,Beige,,Yes,4300.0,220.0,3.0,6.0
Ford,F-150 Lariat,2019,81000.0,Gasoline,375.0HP 3.5L V6 Cylinder Engine Gasoline Fuel,Automatic,Gray,Black,,Yes,38500.0,375.0,3.5,6.0
Ford,Bronco,1974,6217.0,,–,,Dark Gray Metallic,–,,Yes,115000.0,,,
Land,Rover Discovery Sport S R-Dynamic,2022,23568.0,Gasoline,2.0 Liter,Automatic,Firenze Red,Ebony,,,44998.0,,2.0,
Mazda,Mazda6 Touring,2020,78700.0,Gasoline,187.0HP 2.5L 4 Cylinder Engine Gasoline Fuel,Automatic,White,Black,,Yes,18000.0,187.0,2.5,4.0
Kia,Optima EX,2015,109580.0,Gasoline,192.0HP 2.4L 4 Cylinder Engine Gasoline Fuel,Automatic,Red,Black,At least 1 accident or damage reported,Yes,11900.0,192.0,2.4,4.0
Lexus,RX 350 Base,2009,178000.0,Gasoline,270.0HP 3.5L V6 Cylinder Engine Gasoline Fuel,Automatic,Gray,Gray,At least 1 accident or damage reported,Yes,4500.0,270.0,3.5,6.0
Mitsubishi,Outlander Sport 2.4 SE,2016,131193.0,Gasoline,2.4L I4 16V MPFI DOHC,Automatic,Black,Black,,Yes,11970.0,,2.4,
Mercedes-Benz,GLS 450 Base 4MATIC,2017,106000.0,Gasoline,362.0HP 3.0L V6 Cylinder Engine Gasoline Fuel,Automatic,White,Black,,Yes,25900.0,362.0,3.0,6.0
Audi,A3 2.0T Premium,2019,28211.0,Gasoline,184.0HP 2.0L 4 Cylinder Engine Gasoline Fuel,Dual Clutch,Gray,Black,At least 1 accident or damage reported,Yes,27500.0,184.0,2.0,4.0
Audi,A4 2.0T Premium,2015,91403.0,E85 Flex Fuel,2.0L I4 16V GDI DOHC Turbo Flexible Fuel,Automatic,Silver,Gray,,,14998.0,,2.0,
Mercedes-Benz,CLA-Class CLA 250,2016,88600.0,Gasoline,208.0HP 2.0L 4 Cylinder Engine Gasoline Fuel,Automatic,Black,Black,At least 1 accident or damage reported,Yes,16800.0,208.0,2.0,4.0
Infiniti,FX50 Base,2011,84900.0,Gasoline,390.0HP 5.0L 8 Cylinder Engine Gasoline Fuel,Automatic,Silver,Black,,,22450.0,390.0,5.0,8.0
Kia,K5 EX,2021,11154.0,Gasoline,1.6L I4 16V GDI DOHC Turbo,Automatic,Glacial White Pearl,Black,,,28998.0,,1.6,
Bmw,X5 eDrive xDrive40e,2018,45090.0,Plug-In Hybrid,313.0HP 2.0L 4 Cylinder Engine Plug-In Electric/Gas,Automatic,Gray,Black,At least 1 accident or damage reported,Yes,30750.0,313.0,2.0,4.0
Mercedes-Benz,SLK-Class SLK230 Kompressor,2003,33272.0,Gasoline,192.0HP 2.3L 4 Cylinder Engine Gasoline Fuel,Automatic,Red,Gray,At least 1 accident or damage reported,Yes,11900.0,192.0,2.3,4.0
Jeep,Wrangler SE,2003,71000.0,Gasoline,150.0HP 2.4L 4 Cylinder Engine Gasoline Fuel,Manual,Red,Gray,,Yes,12499.0,150.0,2.4,4.0
Kia,Telluride SX,2020,55400.0,Gasoline,291.0HP 3.8L V6 Cylinder Engine Gasoline Fuel,Automatic,Green,White,,,36500.0,291.0,3.8,6.0
Land,Rover LR4 Lux,2012,141525.0,Gasoline,375.0HP 5.0L 8 Cylinder Engine Gasoline Fuel,Automatic,Black,Black,,Yes,14490.0,375.0,5.0,8.0
Jaguar,XKR Base,2007,50000.0,Gasoline,420.0HP 4.2L 8 Cylinder Engine Gasoline Fuel,Dual Clutch,Black,Beige,At least 1 accident or damage reported,Yes,21900.0,420.0,4.2,8.0
Bmw,M4 Base,2020,29140.0,Gasoline,425.0HP 3.0L Straight 6 Cylinder Engine Gasoline Fuel,Manual,Orange,Orange,,Yes,71995.0,425.0,3.0,6.0
Bmw,M340 i xDrive,2022,9000.0,Hybrid,382.0HP 3.0L Straight 6 Cylinder Engine Gasoline/Mild Electric Hybrid,Automatic,White,Red,,Yes,56900.0,382.0,3.0,6.0
Mercedes-Benz,AMG GLE 53 AMG GLE 53,2021,5595.0,Hybrid,3.0 Liter Turbo,Automatic,designo Diamond White Metallic,Black,,,83598.0,,3.0,
Ram,1500 Laramie,2022,34121.0,Gasoline,5.7L V8 16V MPFI OHV,Automatic,Granite Crystal Clearcoat Metallic,Black,,,48190.0,,5.7,8.0
Bmw,ALPINA B7 Base,2013,36750.0,Gasoline,445.0HP 4.4L 8 Cylinder Engine Gasoline Fuel,Automatic,Black,Black,,Yes,35999.0,445.0,4.4,8.0
Mercedes-Benz,C-Class C280 4MATIC,2007,49626.0,Gasoline,228.0HP 3.0L V6 Cylinder Engine Gasoline Fuel,Automatic,White,–,,Yes,12000.0,228.0,3.0,6.0
Jeep,Compass High Altitude,2017,45000.0,Gasoline,172.0HP 2.4L 4 Cylinder Engine Gasoline Fuel,Automatic,White,Beige,At least 1 accident or damage reported,Yes,16500.0,172.0,2.4,4.0
Toyota,Highlander Hybrid XLE,2019,69350.0,Hybrid,306.0HP 3.5L V6 Cylinder Engine Gas/Electric Hybrid,Automatic,Black,Gray,,Yes,36000.0,306.0,3.5,6.0
Bmw,X5 M Base,2022,8307.0,Gasoline,4.4L V8 32V GDI DOHC Twin Turbo,Automatic,Blue Metallic,Sakhir Orange,,,98900.0,,4.4,8.0
Bmw,M3 Base,2023,4106.0,Gasoline,3.0L I6 24V GDI DOHC Twin Turbo,Manual,Isle of Man Green Metallic,Kyalami Orange,,Yes,84645.0,,3.0,
Bmw,M3 Base,1999,184700.0,Gasoline,240.0HP 3.2L Straight 6 Cylinder Engine Gasoline Fuel,Manual,Blue,Gray,,Yes,36950.0,240.0,3.2,6.0
Maserati,Quattroporte S Q4 GranLusso,2018,57500.0,Gasoline,424.0HP 3.0L V6 Cylinder Engine Gasoline Fuel,Automatic,White,Brown,,Yes,41900.0,424.0,3.0,6.0
Acura,RDX Advance Package,2021,29000.0,Gasoline,272.0HP 2.0L 4 Cylinder Engine Gasoline Fuel,Automatic,Black,Black,,Yes,39650.0,272.0,2.0,4.0
Mercedes-Benz,GLA-Class GLA 250 4MATIC,2015,61675.0,Gasoline,208.0HP 2.0L 4 Cylinder Engine Gasoline Fuel,Dual Clutch,Gray,Black,At least 1 accident or damage reported,Yes,19000.0,208.0,2.0,4.0
Mercedes-Benz,Sprinter 3500XD High Roof,2021,33300.0,Diesel,188.0HP 3.0L V6 Cylinder Engine Diesel Fuel,Automatic,White,Black,,Yes,45000.0,188.0,3.0,6.0
Cadillac,XTS Luxury,2014,62950.0,Gasoline,304.0HP 3.6L V6 Cylinder Engine Gasoline Fuel,Automatic,Silver,Gray,At least 1 accident or damage reported,Yes,17498.0,304.0,3.6,6.0
Chevrolet,Camaro 2LT,2015,56675.0,Gasoline,323.0HP 3.6L V6 Cylinder Engine Gasoline Fuel,Dual Clutch,Silver,Black,,Yes,19750.0,323.0,3.6,6.0
Porsche,Cayenne S,2013,92000.0,Gasoline,400.0HP 4.8L 8 Cylinder Engine Gasoline Fuel,Automatic,Green,Gray,,Yes,23000.0,400.0,4.8,8.0
Dodge,Magnum R/T,2005,96000.0,Gasoline,340.0HP 5.7L 8 Cylinder Engine Gasoline Fuel,Automatic,Gray,Gold,At least 1 accident or damage reported,Yes,12000.0,340.0,5.7,8.0
Infiniti,Q70 3.7X,2014,33500.0,Gasoline,330.0HP 3.7L V6 Cylinder Engine Gasoline Fuel,Automatic,Black,Black,,Yes,23000.0,330.0,3.7,6.0
Land,Rover Range Rover SV Autobiography Dynamic SWB,2020,16754.0,Gasoline,557.0HP 5.0L 8 Cylinder Engine Gasoline Fuel,Automatic,White,White,,Yes,112000.0,557.0,5.0,8.0
Toyota,Camry Hybrid Base,2007,53249.0,Hybrid,147.0HP 2.4L 4 Cylinder Engine Gas/Electric Hybrid,Automatic,Silver,Gray,At least 1 accident or damage reported,Yes,9250.0,147.0,2.4,4.0
Gmc,Acadia SLT-1,2016,119000.0,Gasoline,281.0HP 3.6L V6 Cylinder Engine Gasoline Fuel,Automatic,Gold,Brown,,Yes,12500.0,281.0,3.6,6.0
Lincoln,Corsair Reserve,2021,29336.0,Gasoline,2.0L I4 16V GDI DOHC Turbo,Automatic,Black,Sandstone,,,36999.0,,2.0,
Ram,2500 SLT,2017,86000.0,Diesel,350.0HP 6.7L Straight 6 Cylinder Engine Diesel Fuel,Automatic,Gray,Gray,At least 1 accident or damage reported,Yes,41000.0,350.0,6.7,6.0
Ram,3500 Laramie,2014,177000.0,Diesel,385.0HP 6.7L Straight 6 Cylinder Engine Diesel Fuel,Automatic,Black,–,At least 1 accident or damage reported,Yes,40500.0,385.0,6.7,6.0
Mercedes-Benz,GL-Class GL 450 4MATIC,2013,93500.0,Gasoline,362.0HP 4.6L 8 Cylinder Engine Gasoline Fuel,Automatic,Black,Black,At least 1 accident or damage reported,Yes,15900.0,362.0,4.6,8.0
Bmw,M5 Base,2018,47700.0,Gasoline,600.0HP 4.4L 8 Cylinder Engine Gasoline Fuel,Automatic,Red,White,At least 1 accident or damage reported,Yes,54999.0,600.0,4.4,8.0
Ford,Mustang SVT Cobra,2003,97496.0,Gasoline,390.0HP 4.6L 8 Cylinder Engine Gasoline Fuel,Manual,Gray,Gray,,,24500.0,390.0,4.6,8.0
Acura,ILX Premium Package,2022,16120.0,Gasoline,2.4L I4 16V GDI DOHC,Automatic,Gray,Ebony,,,26599.0,,2.4,
Buick,Rainier CXL,2005,147589.0,Gasoline,275.0HP 4.2L Straight 6 Cylinder Engine Gasoline Fuel,Automatic,White,Beige,At least 1 accident or damage reported,Yes,2800.0,275.0,4.2,6.0
Cadillac,Escalade Luxury,2013,95570.0,E85 Flex Fuel,403.0HP 6.2L 8 Cylinder Engine Flex Fuel Capability,Automatic,Black,Black,At least 1 accident or damage reported,Yes,22000.0,403.0,6.2,8.0
Mercedes-Benz,S-Class S 560,2018,45791.0,Gasoline,463.0HP 4.0L 8 Cylinder Engine Gasoline Fuel,Automatic,Gray,Gray,,Yes,52000.0,463.0,4.0,8.0
Infiniti,QX80 Base,2016,60000.0,Gasoline,400.0HP 5.6L 8 Cylinder Engine Gasoline Fuel,Automatic,Silver,Beige,At least 1 accident or damage reported,Yes,25950.0,400.0,5.6,8.0
Buick,Encore Preferred,2019,50000.0,Gasoline,138.0HP 1.4L 4 Cylinder Engine Gasoline Fuel,Automatic,White,Black,,Yes,18795.0,138.0,1.4,4.0
Mercedes-Benz,GLS 450 Base 4MATIC,2019,33481.0,Gasoline,3.0L V6 24V GDI DOHC Twin Turbo,Automatic,Black,Almond Beige,,,43999.0,,3.0,6.0
Jeep,Liberty Limited,2010,107000.0,Gasoline,210.0HP 3.7L V6 Cylinder Engine Gasoline Fuel,Automatic,Gray,Gray,,Yes,5900.0,210.0,3.7,6.0
Mercedes-Benz,S-Class S 63 AMG,2011,60000.0,Gasoline,536.0HP 5.5L 8 Cylinder Engine Gasoline Fuel,Dual Clutch,White,Black,At least 1 accident or damage reported,Yes,37000.0,536.0,5.5,8.0
Audi,A8 L 3.0T,2016,55000.0,Gasoline,333.0HP 3.0L V6 Cylinder Engine Gasoline Fuel,Automatic,White,Brown,,Yes,28000.0,333.0,3.0,6.0
Mazda,CX-30 2.5 S Select Package,2022,4004.0,Gasoline,186.0HP 2.5L 4 Cylinder Engine Gasoline Fuel,Automatic,Black,Black,,Yes,25500.0,186.0,2.5,4.0
Bentley,Continental GT Speed,2009,57800.0,Gasoline,600.0HP 6.0L 12 Cylinder Engine Gasoline Fuel,Automatic,Blue,Beige,,,59400.0,600.0,6.0,12.0
Bentley,Continental GT V8,2022,10972.0,Gasoline,4.0L V8 32V GDI DOHC Twin Turbo,Automatic,Red,Black,,Yes,217950.0,,4.0,8.0
Bentley,Flying Spur V8,2022,27858.0,Gasoline,4.0L V8 32V GDI DOHC Twin Turbo,Automatic,–,–,,Yes,197750.0,,4.0,8.0
Porsche,911 Carrera 4S,2018,31678.0,Gasoline,3.0 Liter,,Silver,–,,,106798.0,,3.0,
Volkswagen,Golf R 4-Door,2016,47144.0,Gasoline,292.0HP 2.0L 4 Cylinder Engine Gasoline Fuel,Manual,Blue,Black,,Yes,29950.0,292.0,2.0,4.0
Hyundai,Genesis Coupe 3.8 Grand Touring,2011,165454.0,Gasoline,306.0HP 3.8L V6 Cylinder Engine Gasoline Fuel,Automatic,Gray,Black,At least 1 accident or damage reported,Yes,4000.0,306.0,3.8,6.0
Ford,F-150 XLT,2018,98000.0,Gasoline,375.0HP 3.5L V6 Cylinder Engine Gasoline Fuel,Automatic,White,–,At least 1 accident or damage reported,Yes,25500.0,375.0,3.5,6.0
Hyundai,Tucson Limited,2020,39913.0,Gasoline,2.4L I4 16V GDI DOHC,Automatic,Black Noir Pearl,Beige,,,22749.0,,2.4,
Ford,Mustang V6,2013,147191.0,Gasoline,305.0HP 3.7L V6 Cylinder Engine Gasoline Fuel,Automatic,Blue,Black,At least 1 accident or damage reported,Yes,12990.0,305.0,3.7,6.0
Bmw,435 i,2014,53600.0,Gasoline,300.0HP 3.0L Straight 6 Cylinder Engine Gasoline Fuel,Automatic,Silver,Black,,Yes,25980.0,300.0,3.0,6.0
Dodge,Challenger R/T,2010,100100.0,,–,Dual Clutch,Purple,Black,,Yes,17000.0,,,
Mercedes-Benz,AMG G 63 Base,2020,1750.0,Gasoline,577.0HP 4.0L 8 Cylinder Engine Gasoline Fuel,Automatic,Blue,Black,,Yes,199995.0,577.0,4.0,8.0
Dodge,Challenger SRT Hellcat,2020,2750.0,Gasoline,797.0HP 6.2L 8 Cylinder Engine Gasoline Fuel,Automatic,Orange,Black,,Yes,104500.0,797.0,6.2,8.0
Porsche,Boxster Base,2013,40800.0,Gasoline,265.0HP 2.7L Flat 6 Cylinder Engine Gasoline Fuel,Automatic,Brown,Beige,,Yes,35500.0,265.0,2.7,6.0
Porsche,Macan Base,2018,36798.0,Gasoline,2.0L I4 16V GDI DOHC Turbo,Automatic,Volcano Grey Metallic,Black,At least 1 accident or damage reported,Yes,49500.0,,2.0,
Ford,F-250 XL,2021,77699.0,Diesel,6.7L V8 32V DDI OHV Turbo Diesel,Automatic,White,Medium Earth Gray,,,49883.0,,6.7,8.0
Ford,Mustang GT,2010,87500.0,Gasoline,315.0HP 4.6L 8 Cylinder Engine Gasoline Fuel,Automatic,Red,Black,At least 1 accident or damage reported,Yes,14900.0,315.0,4.6,8.0
Chevrolet,Suburban LT,2020,93000.0,Gasoline,355.0HP 5.3L 8 Cylinder Engine Gasoline Fuel,Automatic,Black,Black,,Yes,38500.0,355.0,5.3,8.0
Mercedes-Benz,C-Class C 300 4MATIC,2018,41515.0,Gasoline,2.0L I4 16V GDI DOHC Turbo,Automatic,Black,Black,,Yes,28251.0,,2.0,
Ram,1500 Classic Warlock,2019,19000.0,E85 Flex Fuel,3.6L V6 24V MPFI DOHC Flexible Fuel,Automatic,Diamond Black,Diesel Gray / Black,At least 1 accident or damage reported,,33242.0,,3.6,6.0
Toyota,Sequoia SR5,2023,1539.0,Hybrid,3.4L V6 24V PDI DOHC Twin Turbo Hybrid,Automatic,Green,Boulder,At least 1 accident or damage reported,Yes,76373.0,,3.4,6.0
Bmw,M5 Base,2018,31090.0,Gasoline,600.0HP 4.4L 8 Cylinder Engine Gasoline Fuel,Automatic,Green,Black,At least 1 accident or damage reported,Yes,68000.0,600.0,4.4,8.0
Mazda,Mazda3 FWD w/Premium Package,2022,21701.0,Gasoline,2.5L I4 16V,Automatic,Soul Red Crystal Metallic,Black,,,25099.0,,2.5,
Nissan,Rogue SL,2016,97726.0,Gasoline,"2.5L I-4 DOHC, variable valve control, regular unleaded, engine",CVT,Gun Metallic,Charcoal,At least 1 accident or damage reported,,15998.0,,2.5,
Audi,A7 3.0T Prestige,2015,73000.0,Diesel,240.0HP 3.0L V6 Cylinder Engine Diesel Fuel,Automatic,White,Gray,,Yes,34000.0,240.0,3.0,6.0
Genesis,G80 3.8,2020,23600.0,Gasoline,311.0HP 3.8L V6 Cylinder Engine Gasoline Fuel,Automatic,Blue,Gray,,Yes,31900.0,311.0,3.8,6.0
Rolls-Royce,Ghost Base,2016,8755.0,Gasoline,563.0HP 6.6L 12 Cylinder Engine Gasoline Fuel,Automatic,Black,Black,,Yes,166900.0,563.0,6.6,12.0
Bmw,M6 Gran Coupe Base,2019,20500.0,Gasoline,560.0HP 4.4L 8 Cylinder Engine Gasoline Fuel,Dual Clutch,Blue,Black,,Yes,67900.0,560.0,4.4,8.0
Ford,Mustang V6,2013,57912.0,Gasoline,305.0HP 3.7L V6 Cylinder Engine Gasoline Fuel,Manual,Black,Black,At least 1 accident or damage reported,Yes,18750.0,305.0,3.7,6.0
Bmw,650 i,2009,35000.0,Gasoline,360.0HP 4.8L 8 Cylinder Engine Gasoline Fuel,Automatic,Black,Black,,Yes,18500.0,360.0,4.8,8.0
Nissan,Leaf SV PLUS,2023,7089.0,,214.0HP Electric Motor Electric Fuel System,Automatic,Black,Black,At least 1 accident or damage reported,Yes,29895.0,214.0,,
Lincoln,MKC Reserve,2019,35469.0,Gasoline,2.3L I4 16V GDI DOHC Turbo,Automatic,Black,–,,,30890.0,,2.3,
Kia,Telluride EX,2022,14676.0,Gasoline,3.8L V6 24V GDI DOHC,Automatic,Dark Moss,Gray,,,46787.0,,3.8,6.0
Lincoln,Navigator Reserve,2022,13750.0,Gasoline,440.0HP 3.5L V6 Cylinder Engine Gasoline Fuel,Automatic,White,Beige,,Yes,79999.0,440.0,3.5,6.0
Mercedes-Benz,S-Class S 550 4MATIC,2015,13300.0,Gasoline,449.0HP 4.7L 8 Cylinder Engine Gasoline Fuel,Automatic,Black,Black,,Yes,62500.0,449.0,4.7,8.0
Chevrolet,Suburban LT,2017,117000.0,Gasoline,6.0L 8 Cylinder Engine Gasoline Fuel,Automatic,Blue,Beige,,Yes,27000.0,,6.0,8.0
Audi,A7 55 Premium,2020,27100.0,Hybrid,335.0HP 3.0L V6 Cylinder Engine Gasoline/Mild Electric Hybrid,Automatic,White,Black,,Yes,50000.0,335.0,3.0,6.0
Ford,Mustang EcoBoost Premium,2017,89352.0,Gasoline,310.0HP 2.3L 4 Cylinder Engine Gasoline Fuel,Automatic,White,Black,At least 1 accident or damage reported,Yes,20989.0,310.0,2.3,4.0
Chevrolet,Cruze LS,2018,100000.0,Gasoline,153.0HP 1.4L 4 Cylinder Engine Gasoline Fuel,Automatic,White,Black,At least 1 accident or damage reported,Yes,8500.0,153.0,1.4,4.0
Land,Rover Range Rover HSE SWB,2020,16000.0,Hybrid,395.0HP 3.0L Straight 6 Cylinder Engine Gasoline/Mild Electric Hybrid,Automatic,Silver,Black,,Yes,75500.0,395.0,3.0,6.0
Land,Rover Defender S,2023,15200.0,Gasoline,296.0HP 2.0L 4 Cylinder Engine Gasoline Fuel,Automatic,White,Black,,Yes,62999.0,296.0,2.0,4.0
Bmw,650 i,2012,39960.0,Gasoline,400.0HP 4.4L 8 Cylinder Engine Gasoline Fuel,Manual,White,Brown,,Yes,38995.0,400.0,4.4,8.0
Ford,Mustang Base,2008,119000.0,Gasoline,210.0HP 4.0L V6 Cylinder Engine Gasoline Fuel,Automatic,White,Black,At least 1 accident or damage reported,Yes,13500.0,210.0,4.0,6.0
Kia,K5 GT-Line,2022,10971.0,Gasoline,1.6L I4 16V GDI DOHC Turbo,Automatic,Passion Red,Black,,,29998.0,,1.6,
Mazda,Mazda3 i Touring,2014,118500.0,Gasoline,155.0HP 2.0L 4 Cylinder Engine Gasoline Fuel,Manual,Silver,Black,At least 1 accident or damage reported,Yes,11500.0,155.0,2.0,4.0
Kia,Stinger GT1,2021,8288.0,Gasoline,365.0HP 3.3L V6 Cylinder Engine Gasoline Fuel,Automatic,Black,Black,,Yes,45899.0,365.0,3.3,6.0
Chevrolet,Camaro ZL1,2023,2950.0,Gasoline,650.0HP 6.2L 8 Cylinder Engine Gasoline Fuel,Automatic,Red,Gray,,Yes,74500.0,650.0,6.2,8.0
Mercedes-Benz,AMG G 63 Base,2017,73000.0,Gasoline,563.0HP 5.5L 8 Cylinder Engine Gasoline Fuel,Automatic,White,Black,At least 1 accident or damage reported,Yes,78000.0,563.0,5.5,8.0
Ford,Thunderbird Premium,2005,82000.0,Gasoline,280.0HP 3.9L 8 Cylinder Engine Gasoline Fuel,Dual Clutch,Gold,White,,Yes,14900.0,280.0,3.9,8.0
Audi,e-tron Prestige,2019,7874.0,,Electric,Automatic,Typhoon Gray Metallic,Pearl Beige,,,38999.0,,,
Gmc,Sierra 1500 SLT,2017,49105.0,Gasoline,420.0HP 6.2L 8 Cylinder Engine Gasoline Fuel,Automatic,White,Black,,Yes,39750.0,420.0,6.2,8.0
Kia,Telluride LX,2023,5500.0,Gasoline,291.0HP 3.8L V6 Cylinder Engine Gasoline Fuel,Automatic,Silver,Black,,Yes,40000.0,291.0,3.8,6.0
Chevrolet,Corvette Base,2005,36700.0,Gasoline,400.0HP 6.0L 8 Cylinder Engine Gasoline Fuel,Manual,Blue,Black,,Yes,26000.0,400.0,6.0,8.0
Bmw,650 i,2014,40000.0,Gasoline,445.0HP 4.4L 8 Cylinder Engine Gasoline Fuel,Dual Clutch,White,Beige,,Yes,34000.0,445.0,4.4,8.0
Nissan,Rogue SL,2017,78110.0,Gasoline,170.0HP 2.5L 4 Cylinder Engine Gasoline Fuel,Automatic,Silver,Black,,,17500.0,170.0,2.5,4.0
Gmc,Acadia Denali,2015,74864.0,Gasoline,288.0HP 3.6L V6 Cylinder Engine Gasoline Fuel,Automatic,Gray,Beige,,Yes,19780.0,288.0,3.6,6.0
Cadillac,Escalade Premium Luxury Platinum,2021,15350.0,Gasoline,420.0HP 6.2L 8 Cylinder Engine Gasoline Fuel,Automatic,Black,Black,,Yes,93500.0,420.0,6.2,8.0
Nissan,GT-R Premium,2010,46100.0,Gasoline,485.0HP 3.8L V6 Cylinder Engine Gasoline Fuel,Automatic,Blue,Black,,Yes,72999.0,485.0,3.8,6.0
Toyota,Highlander XLE,2018,61454.0,Gasoline,295.0HP 3.5L V6 Cylinder Engine Gasoline Fuel,Automatic,Silver,Gray,,Yes,31000.0,295.0,3.5,6.0
Bmw,X7 xDrive40i,2020,45241.0,Gasoline,335.0HP 3.0L Straight 6 Cylinder Engine Gasoline Fuel,Automatic,Blue,Brown,,Yes,54500.0,335.0,3.0,6.0
Infiniti,QX60 Base,2018,48000.0,Gasoline,295.0HP 3.5L V6 Cylinder Engine Gasoline Fuel,,Black,Black,,Yes,27000.0,295.0,3.5,6.0
Lexus,IS 250C Base,2010,68500.0,Gasoline,204.0HP 2.5L V6 Cylinder Engine Gasoline Fuel,Manual,Black,Beige,,Yes,18500.0,204.0,2.5,6.0
Gmc,Sierra 1500 Denali,2019,43433.0,Gasoline,5.3L V8 16V GDI OHV,Automatic,Onyx Black,Walnut,,,51899.0,,5.3,8.0
Chevrolet,SSR Base,2005,122961.0,Gasoline,6.0L V8 16V MPFI OHV,Automatic,Redline Red,Ebony,,Yes,20995.0,,6.0,8.0
Dodge,Challenger R/T,2014,92861.0,Gasoline,375.0HP 5.7L 8 Cylinder Engine Gasoline Fuel,Automatic,Gray,Red,,Yes,19750.0,375.0,5.7,8.0
Hyundai,Equus Signature,2016,72000.0,Gasoline,429.0HP 5.0L 8 Cylinder Engine Gasoline Fuel,Automatic,White,Beige,,Yes,21400.0,429.0,5.0,8.0
Lamborghini,Aventador SVJ Base,2019,6929.0,Gasoline,759.0HP 6.5L 12 Cylinder Engine Gasoline Fuel,Automatic,Blue,Black,,Yes,649999.0,759.0,6.5,12.0
Ford,Mustang GT,2003,83000.0,Gasoline,260.0HP 4.6L 8 Cylinder Engine Gasoline Fuel,Automatic,Gray,Black,,Yes,10500.0,260.0,4.6,8.0
Audi,e-tron Premium,2021,18031.0,,Electric,Automatic,Navarra Blue Metallic,Black,,,39599.0,,,
Toyota,Sequoia Limited,2023,8200.0,Hybrid,437.0HP 3.4L V6 Cylinder Engine Gas/Electric Hybrid,Automatic,Brown,Black,,Yes,78900.0,437.0,3.4,6.0
Land,Rover Range Rover Sport HST MHEV,2020,19000.0,Hybrid,395.0HP 3.0L Straight 6 Cylinder Engine Gasoline/Mild Electric Hybrid,Dual Clutch,Silver,Black,,,74900.0,395.0,3.0,6.0
Jeep,Grand Cherokee L Limited,2022,12875.0,Gasoline,3.6L V6 24V MPFI DOHC,Automatic,Diamond Black,Global Black,,,42599.0,,3.6,6.0
Maserati,GranTurismo Sport,2015,32000.0,Gasoline,454.0HP 4.7L 8 Cylinder Engine Gasoline Fuel,Automatic,Beige,Brown,,Yes,36000.0,454.0,4.7,8.0
Bmw,M5 Base,2013,61145.0,Gasoline,560.0HP 4.4L 8 Cylinder Engine Gasoline Fuel,Automatic,White,Beige,At least 1 accident or damage reported,Yes,37500.0,560.0,4.4,8.0
Mercedes-Benz,C-Class 4MATIC Sedan,2022,9612.0,Gasoline,"2L I-4 gasoline direct injection, DOHC, variable valve control,",Automatic,–,–,,,43900.0,,,
Land,Rover Range Rover Sport First Edition,2023,3534.0,Hybrid,4.4 Liter,Automatic,Red,Black,,,143998.0,,4.4,
Ford,F-150 Lariat,2011,152000.0,Gasoline,365.0HP 3.5L V6 Cylinder Engine Gasoline Fuel,Automatic,Brown,Beige,,Yes,14000.0,365.0,3.5,6.0
Audi,A4 2.0T Premium,2012,129567.0,Gasoline,211.0HP 2.0L 4 Cylinder Engine Gasoline Fuel,Automatic,White,Black,,Yes,7000.0,211.0,2.0,4.0
Bmw,540 i xDrive,2019,36000.0,Gasoline,335.0HP 3.0L Straight 6 Cylinder Engine Gasoline Fuel,Automatic,Gray,Black,At least 1 accident or damage reported,Yes,41995.0,335.0,3.0,6.0
Bmw,X6 xDrive35i,2009,92008.0,Gasoline,300.0HP 3.0L Straight 6 Cylinder Engine Gasoline Fuel,Automatic,White,Black,,Yes,12500.0,300.0,3.0,6.0
Ford,Mustang Base,1998,63900.0,Gasoline,150.0HP 3.8L V6 Cylinder Engine Gasoline Fuel,Automatic,White,Gray,,Yes,10300.0,150.0,3.8,6.0
Toyota,Sequoia Limited,2012,150900.0,Gasoline,381.0HP 5.7L 8 Cylinder Engine Gasoline Fuel,Automatic,Black,Gray,,Yes,17500.0,381.0,5.7,8.0
Dodge,Challenger R/T Scat Pack,2019,43000.0,,–,Manual,Green,Black,,Yes,50000.0,,,
Land,Rover Range Rover 3.0L Supercharged,2018,38020.0,Gasoline,5.0 Liter,Automatic,White,Espresso,,,63998.0,,5.0,
Audi,Q8 55 Premium Plus,2021,14750.0,Hybrid,335.0HP 3.0L V6 Cylinder Engine Gasoline/Mild Electric Hybrid,Dual Clutch,Silver,Black,,Yes,61059.0,335.0,3.0,6.0
Subaru,WRX Base,2015,52500.0,Gasoline,268.0HP 2.0L 4 Cylinder Engine Gasoline Fuel,Manual,Gray,Black,,Yes,23000.0,268.0,2.0,4.0
Chevrolet,Suburban LT,2017,207571.0,Gasoline,355.0HP 5.3L 8 Cylinder Engine Gasoline Fuel,Automatic,Black,Black,At least 1 accident or damage reported,Yes,21000.0,355.0,5.3,8.0
Infiniti,QX60 Pure,2020,39000.0,Gasoline,295.0HP 3.5L V6 Cylinder Engine Gasoline Fuel,Automatic,Gray,Gray,,Yes,29900.0,295.0,3.5,6.0
Porsche,Cayman Base,2011,66000.0,Gasoline,265.0HP 2.9L Flat 6 Cylinder Engine Gasoline Fuel,Automatic,Black,Brown,,,28000.0,265.0,2.9,6.0
Infiniti,QX60 Base,2017,93500.0,Gasoline,295.0HP 3.5L V6 Cylinder Engine Gasoline Fuel,Automatic,Black,Black,,Yes,16000.0,295.0,3.5,6.0
Bmw,M4 Base,2018,7200.0,Gasoline,425.0HP 3.0L Straight 6 Cylinder Engine Gasoline Fuel,Automatic,Black,Black,,Yes,64000.0,425.0,3.0,6.0
Maserati,MC20 MC20,2022,1220.0,Gasoline,"Nettuno 3L V-6 port/direct injection, DOHC, variable valve contr",Automatic,–,–,,,238900.0,,,
Land,Rover Defender SE,2023,8421.0,Hybrid,395.0HP 3.0L Straight 6 Cylinder Engine Gasoline/Mild Electric Hybrid,Automatic,Black,White,,Yes,90000.0,395.0,3.0,6.0
Bmw,M8 Base,2020,25520.0,Gasoline,4.4L V8 32V GDI DOHC Twin Turbo,Automatic,Brands Hatch Gray Metallic,Black,,,84900.0,,4.4,8.0
Tesla,Model Y Performance,2020,30554.0,,Electric,Automatic,Blue,Black,,,41999.0,,,
Volvo,C40 Recharge Pure Electric Twin Ultimate,2023,17000.0,,402.0HP Electric Motor Electric Fuel System,Automatic,Gray,Blue,,Yes,54900.0,402.0,,
Mercedes-Benz,SL-Class SL 550,2011,41314.0,Gasoline,382.0HP 5.5L 8 Cylinder Engine Gasoline Fuel,Dual Clutch,Red,White,At least 1 accident or damage reported,Yes,30999.0,382.0,5.5,8.0
Land,Rover Range Rover P525 HSE SWB,2020,49899.0,Gasoline,518.0HP 5.0L 8 Cylinder Engine Gasoline Fuel,Dual Clutch,White,Black,At least 1 accident or damage reported,Yes,64500.0,518.0,5.0,8.0
Ford,Escape XLT,2012,186268.0,E85 Flex Fuel,240.0HP 3.0L V6 Cylinder Engine Flex Fuel Capability,Automatic,Blue,Black,,Yes,4500.0,240.0,3.0,6.0
Lexus,ES 350 Base,2016,51335.0,Gasoline,268.0HP 3.5L V6 Cylinder Engine Gasoline Fuel,Automatic,Silver,Black,At least 1 accident or damage reported,Yes,25995.0,268.0,3.5,6.0
Porsche,718 Boxster GTS,2019,10400.0,Gasoline,365.0HP 2.5L 4 Cylinder Engine Gasoline Fuel,Automatic,Gray,Black,,Yes,99750.0,365.0,2.5,4.0
Mercedes-Benz,G-Class G 550,2020,20622.0,Gasoline,4.0 Liter Twin Turbo,Automatic,designo Diamond White Metallic,Black,,,142998.0,,4.0,
Ram,1500 Big Horn,2022,19376.0,Gasoline,5.7L V8 16V MPFI OHV,Automatic,Bright White Clearcoat,Black,,Yes,45861.0,,5.7,8.0
Audi,R8 5.2 V10 performance,2020,12245.0,Gasoline,5.2L V10 40V PDI DOHC,Automatic,Daytona Gray Pearl Effect w/ Black Roof,Black / Express Red,,,187900.0,,5.2,10.0
Mitsubishi,Lancer Evolution IX,2006,77000.0,Gasoline,286.0HP 2.0L 4 Cylinder Engine Gasoline Fuel,Manual,Silver,Black,,Yes,57000.0,286.0,2.0,4.0
Acura,TL Technology,2013,40000.0,Gasoline,280.0HP 3.5L V6 Cylinder Engine Gasoline Fuel,Automatic,Blue,Gray,,Yes,24000.0,280.0,3.5,6.0
Cadillac,CTS Luxury,2012,113000.0,Gasoline,270.0HP 3.0L V6 Cylinder Engine Gasoline Fuel,Automatic,White,Beige,,Yes,10000.0,270.0,3.0,6.0
Chevrolet,Camaro 1SS,2022,7600.0,Gasoline,455.0HP 6.2L 8 Cylinder Engine Gasoline Fuel,Manual,Gray,Black,At least 1 accident or damage reported,Yes,46000.0,455.0,6.2,8.0
Toyota,Camry Hybrid LE,2022,20400.0,Hybrid,208.0HP 2.5L 4 Cylinder Engine Gas/Electric Hybrid,,White,Gray,,Yes,29900.0,208.0,2.5,4.0
Ford,Transit-350 XLT,2019,115000.0,Gasoline,310.0HP 3.5L V6 Cylinder Engine Gasoline Fuel,Automatic,White,Gray,,Yes,39000.0,310.0,3.5,6.0
Lexus,RX 450h Base,2012,239000.0,Hybrid,295.0HP 3.5L V6 Cylinder Engine Gas/Electric Hybrid,Automatic,Black,Black,,Yes,7000.0,295.0,3.5,6.0
Jaguar,F-TYPE V6 S,2014,62194.0,Gasoline,3.0 Liter SC ULEV,Automatic,Black,Black,,,32998.0,,3.0,
Jeep,Wrangler Sahara,2020,22138.0,Gasoline,3.6 Liter,Automatic,Black,Black,,,38598.0,,3.6,
Porsche,718 Boxster S,2017,48900.0,Gasoline,350.0HP 2.5L 4 Cylinder Engine Gasoline Fuel,Dual Clutch,Blue,Black,,Yes,62500.0,350.0,2.5,4.0
Audi,R8 5.2,2014,21800.0,Gasoline,525.0HP 5.2L 10 Cylinder Engine Gasoline Fuel,Dual Clutch,White,Black,,Yes,117000.0,525.0,5.2,10.0
Lincoln,MKZ Base,2016,68200.0,Gasoline,300.0HP 3.7L V6 Cylinder Engine Gasoline Fuel,Automatic,Silver,Black,At least 1 accident or damage reported,Yes,16750.0,300.0,3.7,6.0
Chevrolet,S-10 LS Crew Cab,2001,139000.0,Gasoline,190.0HP 4.3L V6 Cylinder Engine Gasoline Fuel,Automatic,Red,Gray,,Yes,7000.0,190.0,4.3,6.0
Mercedes-Benz,G-Class G 550 4MATIC,2021,76100.0,Gasoline,416.0HP 4.0L 8 Cylinder Engine Gasoline Fuel,Automatic,Black,Black,,Yes,130000.0,416.0,4.0,8.0
Lexus,RX 350 RX 350 F SPORT Handling,2022,14330.0,Gasoline,3.5 Liter DOHC,Automatic,Black,Red,,,54998.0,,3.5,
Bmw,750 i xDrive,2019,41906.0,Gasoline,445.0HP 4.4L 8 Cylinder Engine Gasoline Fuel,Automatic,Blue,White,At least 1 accident or damage reported,Yes,45999.0,445.0,4.4,8.0
Chevrolet,Camaro 2SS,2016,164000.0,Gasoline,455.0HP 6.2L 8 Cylinder Engine Gasoline Fuel,Automatic,Black,Red,,Yes,21500.0,455.0,6.2,8.0
Ford,Fusion Hybrid SE,2013,161933.0,Hybrid,2.0L I4 16V MPFI DOHC Hybrid,Automatic,Blue,Charcoal Black,,Yes,7945.0,,2.0,
Hyundai,Santa Cruz 2.5T Limited,2022,22829.0,Gasoline,2.5L I4 16V PDI DOHC Turbo,Automatic,Hampton Gray,Black,,,34580.0,,2.5,
Lexus,RX 350 F Sport,2023,5483.0,Gasoline,2.4L I4 16V PDI DOHC Turbo,Automatic,Ultra White,Black,,,59950.0,,2.4,
Land,Rover Range Rover Evoque S,2020,46891.0,Gasoline,246.0HP 2.0L 4 Cylinder Engine Gasoline Fuel,Automatic,Gray,Black,At least 1 accident or damage reported,Yes,31000.0,246.0,2.0,4.0
Chevrolet,Suburban LT,2019,72000.0,Gasoline,355.0HP 5.3L 8 Cylinder Engine Gasoline Fuel,Automatic,Blue,Beige,At least 1 accident or damage reported,Yes,39000.0,355.0,5.3,8.0
Porsche,718 Spyder Base,2020,3400.0,Gasoline,414.0HP 4.0L Flat 6 Cylinder Engine Gasoline Fuel,Manual,White,Black,,Yes,129900.0,414.0,4.0,6.0
Chevrolet,Camaro 1LT,2021,18000.0,Gasoline,335.0HP 3.6L V6 Cylinder Engine Gasoline Fuel,Automatic,White,Black,At least 1 accident or damage reported,Yes,30000.0,335.0,3.6,6.0
Jeep,Gladiator Freedom,2021,30630.0,Gasoline,3.6 Liter,Automatic,Hydro Blue Pearlcoat,Black,,,39998.0,,3.6,
Toyota,Tacoma Double Cab,2007,24985.0,Gasoline,236.0HP 4.0L V6 Cylinder Engine Gasoline Fuel,Automatic,Silver,Silver,,,33580.0,236.0,4.0,6.0
Gmc,Yukon Denali Ultimate,2023,9978.0,Gasoline,420.0HP 6.2L 8 Cylinder Engine Gasoline Fuel,Automatic,White,Gold,,Yes,93999.0,420.0,6.2,8.0
Ford,Shelby GT350R Base,2018,18500.0,Gasoline,526.0HP 5.2L 8 Cylinder Engine Gasoline Fuel,Manual,Blue,Black,At least 1 accident or damage reported,Yes,77999.0,526.0,5.2,8.0
Cadillac,Escalade Premium Luxury Platinum,2021,72843.0,Gasoline,6.2L V8 16V GDI OHV,Automatic,Sandstone Metallic,Dark Auburn,,Yes,79990.0,,6.2,8.0
Buick,LaCrosse Base,2017,67500.0,Gasoline,310.0HP 3.6L V6 Cylinder Engine Gasoline Fuel,Automatic,Black,Beige,,Yes,20000.0,310.0,3.6,6.0
Tesla,Model X Long Range Plus,2020,43534.0,,534.0HP Electric Motor Electric Fuel System,Automatic,Black,Black,,Yes,65990.0,534.0,,
Mercedes-Benz,E-Class E 300 4MATIC,2017,36900.0,Gasoline,241.0HP 2.0L 4 Cylinder Engine Gasoline Fuel,Automatic,Gray,Beige,,Yes,28500.0,241.0,2.0,4.0
Chevrolet,Tahoe LT,2017,61720.0,E85 Flex Fuel,5.3 Liter,Automatic,Silver,Jet Black,At least 1 accident or damage reported,,39998.0,,5.3,
Kia,Telluride EX,2022,35938.0,Gasoline,3.8L V6 24V GDI DOHC,Automatic,Glacial White Pearl,Black,,,43329.0,,3.8,6.0
Toyota,Tundra Hybrid Limited,2023,10748.0,Hybrid,3.4L V6 24V PDI DOHC Twin Turbo Hybrid,Automatic,Midnight Black Metallic,Black,,,63100.0,,3.4,6.0
Audi,S8 4.0T quattro,2023,4457.0,Gasoline,4.0L V8 32V GDI DOHC Twin Turbo,Automatic,Mythos Black Metallic,Black,,,107900.0,,4.0,8.0
Nissan,Armada Platinum,2018,108206.0,Gasoline,5.6 Liter,Automatic,White,Charcoal,At least 1 accident or damage reported,,26498.0,,5.6,
Land,Rover Discovery HSE,2020,32705.0,Diesel,3.0 Liter,Automatic,Portofino Blue Metallic,Tan/Ebony/Ebony,,,46598.0,,3.0,
Kia,Telluride S,2020,74026.0,Gasoline,3.8L V6 24V GDI DOHC,Automatic,Sangria Red,Black,,,32913.0,,3.8,6.0
Lexus,GS 350 F Sport,2020,24651.0,Gasoline,3.5L V6 24V PDI DOHC,Automatic,Ultra White,Black,,,45950.0,,3.5,6.0
Bmw,X6 xDrive40i,2022,13000.0,Hybrid,335.0HP 3.0L Straight 6 Cylinder Engine Gasoline/Mild Electric Hybrid,Dual Clutch,Gray,Orange,,Yes,69000.0,335.0,3.0,6.0
Land,Rover Range Rover P400 SE SWB,2023,11700.0,Hybrid,395.0HP 3.0L Straight 6 Cylinder Engine Gasoline/Mild Electric Hybrid,Dual Clutch,Gray,White,,Yes,133500.0,395.0,3.0,6.0
Chevrolet,Silverado 3500 High Country,2015,77500.0,Diesel,397.0HP 6.6L 8 Cylinder Engine Diesel Fuel,Automatic,Black,Brown,,Yes,54000.0,397.0,6.6,8.0
Maserati,Quattroporte Sport GT,2007,82000.0,Gasoline,394.0HP 4.2L 8 Cylinder Engine Gasoline Fuel,Dual Clutch,Black,Black,At least 1 accident or damage reported,Yes,7999.0,394.0,4.2,8.0
Dodge,Viper GTC,2017,1389.0,Gasoline,645.0HP 8.4L 10 Cylinder Engine Gasoline Fuel,Manual,Black,Black,,Yes,489995.0,645.0,8.4,10.0
Ford,Expedition Limited,2021,29830.0,Gasoline,3.5L V6 24V PDI DOHC Twin Turbo,Automatic,Magnetic Metallic,Ebony,,,55329.0,,3.5,6.0
Mazda,Mazda6 i Grand Touring,2016,83100.0,,–,Automatic,White,White,,Yes,17800.0,,,
Kia,Optima LX,2019,62660.0,Gasoline,185.0HP 2.4L 4 Cylinder Engine Gasoline Fuel,Automatic,White,Black,,Yes,16500.0,185.0,2.4,4.0
Land,Rover Range Rover Sport SVR,2018,56006.0,Gasoline,575.0HP 5.0L 8 Cylinder Engine Gasoline Fuel,Dual Clutch,Silver,White,,Yes,59000.0,575.0,5.0,8.0
Lexus,RX 450h F SPORT Handling,2021,31365.0,Hybrid,3.5 Liter DOHC,CVT,Beige,Red,,,52998.0,,3.5,
Lincoln,Town Car Base,2004,27600.0,Gasoline,239.0HP 4.6L 8 Cylinder Engine Gasoline Fuel,Automatic,Black,White,,Yes,14900.0,239.0,4.6,8.0
Honda,Civic Si,2012,47245.0,Gasoline,201.0HP 2.4L 4 Cylinder Engine Gasoline Fuel,Manual,White,Black,,Yes,19600.0,201.0,2.4,4.0
Lexus,RX 450h Base,2017,73948.0,Hybrid,308.0HP 3.5L V6 Cylinder Engine Gas/Electric Hybrid,Automatic,White,Beige,,Yes,31990.0,308.0,3.5,6.0
Ram,1500 Classic Warlock,2019,36757.0,E85 Flex Fuel,3.6L V6 24V MPFI DOHC Flexible Fuel,Automatic,Diamond Black,Diesel Gray / Black,,Yes,31953.0,,3.6,6.0
Tesla,Model Y Long Range,2023,4786.0,,425.0HP Electric Motor Electric Fuel System,Automatic,White,White,,Yes,48000.0,425.0,,
Audi,RS 3 2.5T,2023,1900.0,Gasoline,401.0HP 2.5L 5 Cylinder Engine Gasoline Fuel,Dual Clutch,Gray,Black,,Yes,78900.0,401.0,2.5,5.0
Hyundai,Genesis Coupe 3.8 R-Spec,2014,52060.0,Gasoline,348.0HP 3.8L V6 Cylinder Engine Gasoline Fuel,Manual,Black,Black,At least 1 accident or damage reported,Yes,15000.0,348.0,3.8,6.0
Porsche,Boxster RS 60 Spyder,2008,58000.0,Gasoline,303.0HP 3.4L Flat 6 Cylinder Engine Gasoline Fuel,Manual,Silver,Black,,Yes,41500.0,303.0,3.4,6.0
Ford,F-250 XLT,2010,52246.0,Diesel,6.4L V8 32V DDI OHV Twin Turbo Diesel,Manual,Tan,Medium Stone,,Yes,26095.0,,6.4,8.0
Kia,Sorento EX,2016,64290.0,Gasoline,2.0L I4 16V GDI DOHC Turbo,Automatic,Snow White Pearl,Satin Black,,,16999.0,,2.0,
Nissan,370Z Touring,2009,37500.0,Gasoline,332.0HP 3.7L V6 Cylinder Engine Gasoline Fuel,Manual,Silver,Orange,,Yes,21500.0,332.0,3.7,6.0
Genesis,G70 2.0T,2023,2121.0,Gasoline,252.0HP 2.0L 4 Cylinder Engine Gasoline Fuel,Automatic,White,Red,,Yes,40750.0,252.0,2.0,4.0
Land,Rover Range Rover Sport Supercharged,2013,57000.0,Gasoline,510.0HP 5.0L 8 Cylinder Engine Gasoline Fuel,Dual Clutch,White,Beige,,Yes,26000.0,510.0,5.0,8.0
Mercedes-Benz,S-Class S 560 4MATIC,2020,22000.0,Gasoline,463.0HP 4.0L 8 Cylinder Engine Gasoline Fuel,Automatic,White,Beige,,Yes,69500.0,463.0,4.0,8.0
Ford,Bronco Wildtrak Advanced,2023,2000.0,Gasoline,315.0HP 2.7L V6 Cylinder Engine Gasoline Fuel,Automatic,Black,Black,,Yes,66500.0,315.0,2.7,6.0
Ram,1500 SLT,2018,61802.0,E85 Flex Fuel,305.0HP 3.6L V6 Cylinder Engine Flex Fuel Capability,Automatic,Black,Gray,,Yes,32000.0,305.0,3.6,6.0
Dodge,Challenger R/T,2010,73000.0,,–,Automatic,Black,Black,,Yes,17500.0,,,
Chevrolet,Sonic LT,2013,110000.0,,–,Automatic,Gray,Black,,Yes,7500.0,,,
Jeep,Grand Cherokee Laredo,2013,106700.0,E85 Flex Fuel,290.0HP 3.6L V6 Cylinder Engine Flex Fuel Capability,Automatic,Black,Black,,Yes,13500.0,290.0,3.6,6.0
Audi,RS 5 4.2,2013,75965.0,Gasoline,450.0HP 4.2L 8 Cylinder Engine Gasoline Fuel,Automatic,White,Black,At least 1 accident or damage reported,Yes,35999.0,450.0,4.2,8.0
Jeep,Grand Cherokee L Overland,2022,31804.0,Gasoline,3.6L V6 24V MPFI DOHC,Automatic,Silver Zynith,Global Black,At least 1 accident or damage reported,Yes,48995.0,,3.6,6.0
Mazda,MX-5 Miata Base,1992,125800.0,,–,Manual,Red,Black,,Yes,11500.0,,,
Chrysler,Crossfire Limited,2005,116320.0,Gasoline,215.0HP 3.2L V6 Cylinder Engine Gasoline Fuel,Automatic,Gray,Red,At least 1 accident or damage reported,Yes,6000.0,215.0,3.2,6.0
Audi,S5 4.2 Premium Plus,2011,156875.0,Gasoline,354.0HP 4.2L 8 Cylinder Engine Gasoline Fuel,Manual,Black,Red,At least 1 accident or damage reported,Yes,9900.0,354.0,4.2,8.0
Tesla,Model X Base,2023,197.0,,670.0HP Electric Motor Electric Fuel System,Automatic,Blue,Black,,Yes,85000.0,670.0,,
Cadillac,CT4 Luxury,2020,35200.0,Gasoline,237.0HP 2.0L 4 Cylinder Engine Gasoline Fuel,Automatic,Blue,Black,,Yes,28500.0,237.0,2.0,4.0
Maserati,Ghibli S Q4,2014,76000.0,Gasoline,404.0HP 3.0L V6 Cylinder Engine Gasoline Fuel,Automatic,Black,Black,,Yes,19000.0,404.0,3.0,6.0
Jaguar,F-PACE 25t Premium,2019,29000.0,Gasoline,247.0HP 2.0L 4 Cylinder Engine Gasoline Fuel,Automatic,White,Black,,Yes,34500.0,247.0,2.0,4.0
Bmw,750 i xDrive,2019,33499.0,Gasoline,445.0HP 4.4L 8 Cylinder Engine Gasoline Fuel,Automatic,Gray,Black,At least 1 accident or damage reported,Yes,44495.0,445.0,4.4,8.0
Acura,TLX V6 Advance,2019,25779.0,Gasoline,3.5L V6 24V GDI SOHC,Automatic,Platinum White Pearl,Ebony,At least 1 accident or damage reported,,30999.0,,3.5,6.0
Gmc,Terrain SLT-1,2015,76296.0,Gasoline,182.0HP 2.4L 4 Cylinder Engine Gasoline Fuel,Automatic,Gray,Black,At least 1 accident or damage reported,Yes,9500.0,182.0,2.4,4.0
Bmw,i3 Base w/Range Extender,2014,29553.0,,170.0HP 0.65L Electric Motor Electric Fuel System,Automatic,Black,Gray,,Yes,12800.0,170.0,0.65,
Nissan,Versa 1.8 S,2011,109902.0,Gasoline,122.0HP 1.8L 4 Cylinder Engine Gasoline Fuel,Automatic,Blue,Gray,,Yes,4500.0,122.0,1.8,4.0
Mercedes-Benz,C-Class C 300 4MATIC,2019,23083.0,Gasoline,255.0HP 2.0L 4 Cylinder Engine Gasoline Fuel,Automatic,White,Beige,,Yes,33500.0,255.0,2.0,4.0
Toyota,Matrix XRS,2003,143600.0,Gasoline,180.0HP 1.8L 4 Cylinder Engine Gasoline Fuel,Manual,Black,Black,,Yes,4199.0,180.0,1.8,4.0
Ram,1500 Limited,2021,22000.0,Gasoline,395.0HP 5.7L 8 Cylinder Engine Gasoline Fuel,Automatic,Black,Black,,Yes,54800.0,395.0,5.7,8.0
Mercedes-Benz,AMG E 53 Base 4MATIC,2022,13000.0,Hybrid,429.0HP 3.0L Straight 6 Cylinder Engine Gasoline/Mild Electric Hybrid,Automatic,Silver,Black,,Yes,81500.0,429.0,3.0,6.0
Audi,A5 2.0T Premium,2018,53000.0,Gasoline,252.0HP 2.0L 4 Cylinder Engine Gasoline Fuel,Automatic,White,Brown,At least 1 accident or damage reported,Yes,28000.0,252.0,2.0,4.0
Lincoln,Navigator Reserve,2019,44741.0,Gasoline,450.0HP 3.5L V6 Cylinder Engine Gasoline Fuel,Automatic,Beige,Beige,,Yes,52999.0,450.0,3.5,6.0
Audi,A6 3.2 quattro,2008,202000.0,Gasoline,255.0HP 3.2L V6 Cylinder Engine Gasoline Fuel,Automatic,Blue,Gray,At least 1 accident or damage reported,Yes,5700.0,255.0,3.2,6.0
Chevrolet,Silverado 1500 LT Crew Cab,2006,215000.0,Gasoline,345.0HP 6.0L 8 Cylinder Engine Gasoline Fuel,Automatic,Black,Black,At least 1 accident or damage reported,Yes,6995.0,345.0,6.0,8.0
Mercedes-Benz,S-Class S 560,2019,77138.0,Gasoline,4.0 Liter,Automatic,designo Diamond White,Black,,,49998.0,,4.0,
Volvo,XC90 T6 Momentum,2018,90641.0,Gasoline,2.0L I4 16V GDI DOHC,Automatic,White,Amber,,,25999.0,,2.0,
Toyota,Camry SE,2011,177702.0,Gasoline,179.0HP 2.5L 4 Cylinder Engine Gasoline Fuel,Automatic,Gray,Gray,At least 1 accident or damage reported,Yes,7700.0,179.0,2.5,4.0
Mercedes-Benz,Metris Base,2018,58350.0,Gasoline,208.0HP 2.0L 4 Cylinder Engine Gasoline Fuel,Automatic,Black,Black,,Yes,29497.0,208.0,2.0,4.0
Chevrolet,Camaro 2LT,2010,86170.0,Gasoline,304.0HP 3.6L V6 Cylinder Engine Gasoline Fuel,Automatic,Black,Black,At least 1 accident or damage reported,Yes,17000.0,304.0,3.6,6.0
Mazda,MX-5 Miata Grand Touring,2012,36568.0,Gasoline,167.0HP 2.0L 4 Cylinder Engine Gasoline Fuel,Manual,Blue,Beige,At least 1 accident or damage reported,Yes,20199.0,167.0,2.0,4.0
Ford,Escape SE,2015,54357.0,Gasoline,173.0HP 1.6L 4 Cylinder Engine Gasoline Fuel,Automatic,White,Gray,,Yes,16250.0,173.0,1.6,4.0
Mercedes-Benz,S-Class S 63 AMG,2015,20394.0,Gasoline,5.5 Liter,Automatic,Black,Black,At least 1 accident or damage reported,,59598.0,,5.5,
Kia,Niro EX,2023,7578.0,Hybrid,1.6L I4 16V GDI DOHC Hybrid,Automatic,Snow White Pearl,Charcoal,,,31113.0,,1.6,
Porsche,Boxster Base,2010,64800.0,Gasoline,255.0HP 2.9L Flat 6 Cylinder Engine Gasoline Fuel,Manual,Gray,Gray,At least 1 accident or damage reported,Yes,20900.0,255.0,2.9,6.0
Toyota,4Runner Trail,2016,117780.0,Gasoline,270.0HP 4.0L V6 Cylinder Engine Gasoline Fuel,Automatic,Gray,Black,,Yes,27750.0,270.0,4.0,6.0
Hyundai,Kona EV SEL,2019,33100.0,,201.0HP Electric Motor Electric Fuel System,Automatic,Black,Black,,Yes,18200.0,201.0,,
Land,Rover Range Rover Evoque SE,2016,86202.0,Gasoline,240.0HP 2.0L 4 Cylinder Engine Gasoline Fuel,Automatic,Black,Black,,Yes,18750.0,240.0,2.0,4.0
Ford,E350 Super Duty XLT,2012,163000.0,E85 Flex Fuel,255.0HP 5.4L 8 Cylinder Engine Flex Fuel Capability,Automatic,White,Gray,,Yes,19550.0,255.0,5.4,8.0
Mercedes-Benz,SL-Class SL500 Roadster,2004,35400.0,Gasoline,302.0HP 5.0L 8 Cylinder Engine Gasoline Fuel,Automatic,Black,Gray,,Yes,24900.0,302.0,5.0,8.0
Jeep,Compass Trailhawk,2018,31000.0,Gasoline,180.0HP 2.4L 4 Cylinder Engine Gasoline Fuel,Automatic,Gray,Black,,Yes,22000.0,180.0,2.4,4.0
Mercedes-Benz,S-Class S 560 4MATIC,2018,103069.0,Gasoline,4.0 Liter,Automatic,Anthracite Blue Metallic,Silk Beige/Espresso Brown,,,40998.0,,4.0,
Mercedes-Benz,G-Class G 550 4MATIC,2021,22480.0,Gasoline,416.0HP 4.0L 8 Cylinder Engine Gasoline Fuel,Automatic,White,Brown,,Yes,135800.0,416.0,4.0,8.0
Tesla,Model X P90D,2016,91000.0,,691.0HP Electric Motor Electric Fuel System,Automatic,Silver,White,,Yes,39500.0,691.0,,
Lexus,IS-F Base,2010,41500.0,Gasoline,416.0HP 5.0L 8 Cylinder Engine Gasoline Fuel,Automatic,Blue,Black,At least 1 accident or damage reported,Yes,44800.0,416.0,5.0,8.0
Bmw,335 i,2010,91545.0,Gasoline,300.0HP 3.0L Straight 6 Cylinder Engine Gasoline Fuel,Automatic,Black,Black,,Yes,13000.0,300.0,3.0,6.0
Audi,RS 7 4.0T,2022,4100.0,Hybrid,591.0HP 4.0L 8 Cylinder Engine Gasoline/Mild Electric Hybrid,Automatic,Blue,Black,,Yes,162500.0,591.0,4.0,8.0
Buick,Lucerne CXL,2006,110000.0,Gasoline,275.0HP 4.6L 8 Cylinder Engine Gasoline Fuel,Automatic,Gold,Beige,,Yes,5000.0,275.0,4.6,8.0
Lincoln,MKX Reserve,2016,88000.0,Gasoline,335.0HP 2.7L V6 Cylinder Engine Gasoline Fuel,Dual Clutch,Black,Black,,Yes,18500.0,335.0,2.7,6.0
Nissan,Armada Platinum,2018,42833.0,Gasoline,390.0HP 5.6L 8 Cylinder Engine Gasoline Fuel,Dual Clutch,Blue,Gray,,Yes,37000.0,390.0,5.6,8.0
Porsche,911 Carrera,2020,23278.0,Gasoline,3.0 Liter,Automatic,Blue,–,,,114998.0,,3.0,
Mercedes-Benz,E-Class 400E,1993,106983.0,,–,Automatic,White,Gray,,Yes,15300.0,,,
Bmw,435 Gran Coupe i,2015,60100.0,Gasoline,300.0HP 3.0L Straight 6 Cylinder Engine Gasoline Fuel,Automatic,Blue,Beige,,Yes,24995.0,300.0,3.0,6.0
Jeep,Wagoneer Series III,2022,17381.0,Gasoline,5.7L V8 16V MPFI OHV,Automatic,Velvet Red Pearlcoat,Global Black,,Yes,69685.0,,5.7,8.0
Cadillac,ATS 2.5L,2013,63172.0,Gasoline,202.0HP 2.5L 4 Cylinder Engine Gasoline Fuel,Automatic,Black,Black,At least 1 accident or damage reported,Yes,12995.0,202.0,2.5,4.0
Ford,Transit Connect XLT,2010,72000.0,Gasoline,136.0HP 2.0L 4 Cylinder Engine Gasoline Fuel,Automatic,White,Gray,At least 1 accident or damage reported,Yes,10900.0,136.0,2.0,4.0
Kia,EV6 GT-Line,2022,4820.0,,320.0HP Electric Motor Electric Fuel System,Automatic,Red,Black,,Yes,47500.0,320.0,,
Audi,S5 3.0T Premium Plus,2014,67900.0,Gasoline,333.0HP 3.0L V6 Cylinder Engine Gasoline Fuel,Manual,Silver,Black,,,25990.0,333.0,3.0,6.0
Toyota,Tundra SR,2018,51000.0,Gasoline,381.0HP 5.7L 8 Cylinder Engine Gasoline Fuel,Automatic,Black,Gray,,Yes,38000.0,381.0,5.7,8.0
Jeep,Wrangler Unlimited Freedom Edition,2013,54500.0,Gasoline,285.0HP 3.6L V6 Cylinder Engine Gasoline Fuel,Automatic,Green,Black,,Yes,35000.0,285.0,3.6,6.0
Maserati,Quattroporte Base,2006,61840.0,Gasoline,394.0HP 4.2L 8 Cylinder Engine Gasoline Fuel,Dual Clutch,Gray,Beige,,Yes,16500.0,394.0,4.2,8.0
Mercedes-Benz,CLS-Class CLS500,2006,28950.0,Gasoline,302.0HP 5.0L 8 Cylinder Engine Gasoline Fuel,Automatic,Blue,Beige,,,16750.0,302.0,5.0,8.0
Gmc,Sierra 3500 SLE,2002,300000.0,Diesel,300.0HP 6.6L 8 Cylinder Engine Diesel Fuel,Automatic,Black,Gray,At least 1 accident or damage reported,Yes,5000.0,300.0,6.6,8.0
Nissan,Frontier SL,2011,103400.0,Gasoline,261.0HP 4.0L V6 Cylinder Engine Gasoline Fuel,Automatic,Gray,Gray,At least 1 accident or damage reported,Yes,17000.0,261.0,4.0,6.0
Bmw,M5 Base,2023,816.0,Gasoline,4.4L V8 32V GDI DOHC Twin Turbo,Automatic,Alpine White,Black,,,109900.0,,4.4,8.0
Porsche,911 R,2016,719.0,Gasoline,4.0L H6 24V GDI DOHC,Manual,White,Black / Brown,,Yes,489000.0,,4.0,
Land,Rover Defender X-Dynamic SE,2023,3678.0,Hybrid,3.0 Liter,Automatic,Fuji White,Black,,,81998.0,,3.0,
Ford,F-150 XL,2016,107000.0,E85 Flex Fuel,385.0HP 5.0L 8 Cylinder Engine Flex Fuel Capability,Automatic,White,Gray,At least 1 accident or damage reported,Yes,22000.0,385.0,5.0,8.0
Bmw,M8 Competition,2022,5018.0,Gasoline,4.4 Liter Twin Turbo,Automatic,–,Sakhir Orange/Black,,,114998.0,,4.4,
Porsche,911 Carrera S,2010,13850.0,Gasoline,385.0HP 3.8L Flat 6 Cylinder Engine Gasoline Fuel,Manual,Black,Black,,Yes,71400.0,385.0,3.8,6.0
Volvo,XC70 3.2,2008,46700.0,Gasoline,235.0HP 3.2L Straight 6 Cylinder Engine Gasoline Fuel,Automatic,White,Beige,,,11400.0,235.0,3.2,6.0
Chrysler,300 Touring,2021,21478.0,Gasoline,3.6 Liter,Automatic,Silver Mist,Black,,,27798.0,,3.6,
Honda,Insight EX,2020,64200.0,Hybrid,151.0HP 1.5L 4 Cylinder Engine Gas/Electric Hybrid,,White,Black,At least 1 accident or damage reported,Yes,20499.0,151.0,1.5,4.0
Porsche,Cayman S,2006,31075.0,Gasoline,3.4L H6 24V MPFI DOHC,Automatic,Black,Black / Stone Grey,,Yes,36250.0,,3.4,
Tesla,Model Y Performance,2022,25250.0,,455.0HP Electric Motor Electric Fuel System,Automatic,White,White,,Yes,47800.0,455.0,,
Bmw,M5 Competition,2020,35400.0,Gasoline,617.0HP 4.4L 8 Cylinder Engine Gasoline Fuel,Automatic,Orange,Black,,Yes,71950.0,617.0,4.4,8.0
Audi,S4 4.2 quattro,2004,74030.0,Gasoline,340.0HP 4.2L 8 Cylinder Engine Gasoline Fuel,Manual,Silver,Gray,,Yes,16000.0,340.0,4.2,8.0
Ford,F-250 Platinum,2021,48549.0,Diesel,6.7L V8 32V DDI OHV Turbo Diesel,Automatic,Antimatter Blue Metallic,Black,,,69998.0,,6.7,8.0
Kia,Seltos S,2023,5182.0,Gasoline,146.0HP 2.0L 4 Cylinder Engine Gasoline Fuel,Automatic,White,Black,,Yes,32500.0,146.0,2.0,4.0
Ram,ProMaster 2500 High Roof,2019,31681.0,Gasoline,280.0HP 3.6L V6 Cylinder Engine Gasoline Fuel,Automatic,White,Black,At least 1 accident or damage reported,Yes,33500.0,280.0,3.6,6.0
Bmw,M760 M760i xDrive,2020,23430.0,Gasoline,6.6 Liter Twin Turbo,Automatic,White,Black,,,80998.0,,6.6,
Mercedes-Benz,E-Class E 400,2015,30300.0,Gasoline,329.0HP 3.0L V6 Cylinder Engine Gasoline Fuel,Automatic,White,Black,At least 1 accident or damage reported,Yes,29000.0,329.0,3.0,6.0
Cadillac,XTS Luxury,2016,112000.0,Gasoline,304.0HP 3.6L V6 Cylinder Engine Gasoline Fuel,Automatic,Blue,Beige,At least 1 accident or damage reported,Yes,14599.0,304.0,3.6,6.0
Infiniti,Q50 Premium,2014,127356.0,Gasoline,328.0HP 3.7L V6 Cylinder Engine Gasoline Fuel,Automatic,Black,Black,At least 1 accident or damage reported,Yes,19990.0,328.0,3.7,6.0
Volkswagen,Touareg V6 Executive,2017,50600.0,Gasoline,280.0HP 3.6L V6 Cylinder Engine Gasoline Fuel,Automatic,Red,Brown,At least 1 accident or damage reported,Yes,28890.0,280.0,3.6,6.0
Chevrolet,Suburban 1500 LTZ,2011,194000.0,E85 Flex Fuel,320.0HP 5.3L 8 Cylinder Engine Flex Fuel Capability,Automatic,Black,Black,,Yes,9950.0,320.0,5.3,8.0
Toyota,Tundra SR5,2021,33455.0,Gasoline,381.0HP 5.7L 8 Cylinder Engine Gasoline Fuel,Automatic,Green,Black,,Yes,44750.0,381.0,5.7,8.0
Bmw,X1 sDrive28i,2022,43000.0,Gasoline,228.0HP 2.0L 4 Cylinder Engine Gasoline Fuel,Automatic,Gray,Black,,Yes,35750.0,228.0,2.0,4.0
Mercedes-Benz,GL-Class GL 550 4MATIC,2016,46102.0,Gasoline,429.0HP 4.7L 8 Cylinder Engine Gasoline Fuel,Automatic,Black,Beige,,Yes,35300.0,429.0,4.7,8.0
Cadillac,XTS Luxury,2019,59000.0,Gasoline,304.0HP 3.6L V6 Cylinder Engine Gasoline Fuel,Automatic,Black,Black,,Yes,21000.0,304.0,3.6,6.0
Jaguar,XJ8 Base,2004,134000.0,Gasoline,294.0HP 4.2L 8 Cylinder Engine Gasoline Fuel,Automatic,Black,Beige,At least 1 accident or damage reported,Yes,9500.0,294.0,4.2,8.0
Chevrolet,Camaro ZL1,2020,3715.0,Gasoline,650.0HP 6.2L 8 Cylinder Engine Gasoline Fuel,Automatic,Black,Black,,Yes,150000.0,650.0,6.2,8.0
Mercedes-Benz,Sprinter 2500,2012,100245.0,Diesel,188.0HP 3.0L V6 Cylinder Engine Diesel Fuel,Automatic,White,–,At least 1 accident or damage reported,Yes,24000.0,188.0,3.0,6.0
Mercedes-Benz,C-Class C 300 4MATIC,2022,8583.0,Gasoline,2.0L I4 16V GDI DOHC Turbo,Automatic,Cirrus Silver Metallic,AMG Black,,,42999.0,,2.0,
Dodge,Dakota SLT,2003,141800.0,Gasoline,230.0HP 4.7L 8 Cylinder Engine Gasoline Fuel,Automatic,Red,Gray,At least 1 accident or damage reported,Yes,5700.0,230.0,4.7,8.0
Audi,A5 2.0T Premium Plus,2012,77000.0,Gasoline,211.0HP 2.0L 4 Cylinder Engine Gasoline Fuel,Automatic,White,Black,,Yes,13800.0,211.0,2.0,4.0
Audi,A5 2.0T Premium,2018,67035.0,Gasoline,252.0HP 2.0L 4 Cylinder Engine Gasoline Fuel,Dual Clutch,Pink,Brown,At least 1 accident or damage reported,Yes,31500.0,252.0,2.0,4.0
Audi,S5 3.0 Premium Plus,2012,61450.0,Gasoline,333.0HP 3.0L V6 Cylinder Engine Gasoline Fuel,Automatic,White,Gray,,Yes,19500.0,333.0,3.0,6.0
Porsche,Panamera GTS,2015,39500.0,Gasoline,440.0HP 4.8L 8 Cylinder Engine Gasoline Fuel,Dual Clutch,Black,Black,,Yes,52590.0,440.0,4.8,8.0
Mercedes-Benz,AMG GT C,2020,6600.0,Gasoline,550.0HP 4.0L 8 Cylinder Engine Gasoline Fuel,Dual Clutch,Black,Beige,,Yes,128900.0,550.0,4.0,8.0
Chevrolet,Camaro 2SS,2023,2300.0,Gasoline,455.0HP 6.2L 8 Cylinder Engine Gasoline Fuel,Manual,Red,Black,,Yes,51500.0,455.0,6.2,8.0
Audi,Q7 Premium Plus,2023,10601.0,Hybrid,3.0 Liter TFSI,Automatic,Mythos Black,Black,,,61998.0,,3.0,
Maserati,GranTurismo MC,2018,18000.0,Gasoline,454.0HP 4.7L 8 Cylinder Engine Gasoline Fuel,Dual Clutch,Red,Black,,Yes,67000.0,454.0,4.7,8.0
Gmc,Sierra 2500 AT4,2022,31681.0,Gasoline,6.6L V8 16V GDI OHV,Automatic,Cayenne Red Tintcoat,Jet Black,At least 1 accident or damage reported,,67963.0,,6.6,8.0
Cadillac,XT6 Sport AWD,2020,24114.0,Gasoline,3.6L V6 24V GDI DOHC,Automatic,Garnet Red Metallic,Jet Black,At least 1 accident or damage reported,,49427.0,,3.6,6.0
Jeep,Grand Cherokee L Laredo,2022,22109.0,Gasoline,3.6L V6 24V MPFI DOHC,Automatic,Bright White Clearcoat,Global Black,,,43389.0,,3.6,6.0
Chevrolet,Avalanche 1500 LT,2012,148000.0,E85 Flex Fuel,320.0HP 5.3L 8 Cylinder Engine Flex Fuel Capability,Automatic,Black,Black,,Yes,18000.0,320.0,5.3,8.0
Bmw,M5 Base,2018,41000.0,Gasoline,600.0HP 4.4L 8 Cylinder Engine Gasoline Fuel,Dual Clutch,White,White,,Yes,60200.0,600.0,4.4,8.0
Nissan,Titan SE,2009,127600.0,E85 Flex Fuel,317.0HP 5.6L 8 Cylinder Engine Flex Fuel Capability,Automatic,Brown,Gray,,Yes,19500.0,317.0,5.6,8.0
Dodge,Ram 1500 SRT-10 Quad Cab,2005,138450.0,Gasoline,500.0HP 8.3L 10 Cylinder Engine Gasoline Fuel,Automatic,Red,Black,At least 1 accident or damage reported,Yes,19000.0,500.0,8.3,10.0
Gmc,Sierra 1500 SLT,2013,230000.0,E85 Flex Fuel,315.0HP 5.3L 8 Cylinder Engine Flex Fuel Capability,Automatic,White,Black,,Yes,15500.0,315.0,5.3,8.0
Lexus,RX 350 F Sport,2017,53649.0,Gasoline,295.0HP 3.5L V6 Cylinder Engine Gasoline Fuel,Automatic,Black,Red,,Yes,33000.0,295.0,3.5,6.0
Mercedes-Benz,GL-Class GL 450 4MATIC,2012,174000.0,Gasoline,335.0HP 4.6L 8 Cylinder Engine Gasoline Fuel,Automatic,Black,Black,At least 1 accident or damage reported,Yes,11999.0,335.0,4.6,8.0
Infiniti,QX80 Luxe,2022,49860.0,Gasoline,5.6L V8 32V GDI DOHC,Automatic,Black Obsidian,Graphite,At least 1 accident or damage reported,Yes,47645.0,,5.6,8.0
Mercedes-Benz,AMG C 63 S,2021,13650.0,Gasoline,503.0HP 4.0L 8 Cylinder Engine Gasoline Fuel,Automatic,Blue,Black,,Yes,75000.0,503.0,4.0,8.0
Bmw,528 i xDrive,2016,134000.0,Gasoline,240.0HP 2.0L 4 Cylinder Engine Gasoline Fuel,Automatic,Brown,Brown,At least 1 accident or damage reported,Yes,13500.0,240.0,2.0,4.0
Porsche,911 Carrera,2014,78000.0,Gasoline,350.0HP 3.4L Flat 6 Cylinder Engine Gasoline Fuel,Dual Clutch,Brown,Brown,,Yes,68000.0,350.0,3.4,6.0
Porsche,Boxster S,2005,65750.0,Gasoline,280.0HP 3.2L Flat 6 Cylinder Engine Gasoline Fuel,Automatic,Blue,Gray,,Yes,21750.0,280.0,3.2,6.0
Bmw,X6 M Base,2021,18000.0,Gasoline,600.0HP 4.4L 8 Cylinder Engine Gasoline Fuel,Automatic,Black,Black,,Yes,94000.0,600.0,4.4,8.0
Ford,Mustang Premium,2007,121630.0,Gasoline,210.0HP 4.0L V6 Cylinder Engine Gasoline Fuel,Automatic,White,Black,,Yes,9450.0,210.0,4.0,6.0
Rivian,R1S Launch Edition,2023,4500.0,,835.0HP Electric Motor Electric Fuel System,Automatic,Silver,Gray,,Yes,89999.0,835.0,,
Volvo,XC90 Recharge Plug-In Hybrid T8 Inscription 7 Passenger,2022,9408.0,Hybrid,2.0L I4 16V GDI DOHC Hybrid,Automatic,Black,Gray,,,61999.0,,2.0,
Bmw,528 i xDrive,2016,120000.0,Gasoline,240.0HP 2.0L 4 Cylinder Engine Gasoline Fuel,Automatic,White,White,,Yes,16000.0,240.0,2.0,4.0
Cadillac,Escalade ESV Platinum,2016,168600.0,Gasoline,420.0HP 6.2L 8 Cylinder Engine Gasoline Fuel,Automatic,White,Beige,,Yes,29500.0,420.0,6.2,8.0
Chevrolet,Corvette Base,2004,43705.0,Gasoline,350.0HP 5.7L 8 Cylinder Engine Gasoline Fuel,Manual,Gray,Black,,Yes,25900.0,350.0,5.7,8.0
Audi,A5 2.0T Premium,2013,111000.0,Gasoline,211.0HP 2.0L 4 Cylinder Engine Gasoline Fuel,Dual Clutch,Blue,Beige,,Yes,11500.0,211.0,2.0,4.0
Audi,TT 2.0T Premium,2012,64549.0,Gasoline,211.0HP 2.0L 4 Cylinder Engine Gasoline Fuel,Dual Clutch,Silver,Black,,Yes,17000.0,211.0,2.0,4.0
Buick,LaCrosse CX,2007,53000.0,Gasoline,200.0HP 3.8L V6 Cylinder Engine Gasoline Fuel,Automatic,Red,Gray,,Yes,6500.0,200.0,3.8,6.0
Chevrolet,Camaro 2SS,2017,13465.0,Gasoline,455.0HP 6.2L 8 Cylinder Engine Gasoline Fuel,Automatic,White,Black,,Yes,44900.0,455.0,6.2,8.0
Tesla,Model Y Long Range,2023,5844.0,,425.0HP Electric Motor Electric Fuel System,Automatic,White,Black,,Yes,52000.0,425.0,,
Bmw,M3 Base,2015,74000.0,Gasoline,425.0HP 3.0L Straight 6 Cylinder Engine Gasoline Fuel,Manual,Gray,Black,,Yes,40000.0,425.0,3.0,6.0
Kia,Optima LX,2011,100331.0,Gasoline,200.0HP 2.4L 4 Cylinder Engine Gasoline Fuel,Automatic,Red,–,At least 1 accident or damage reported,Yes,6900.0,200.0,2.4,4.0
Toyota,Supra 3.0 Premium,2022,24850.0,Gasoline,382.0HP 3.0L Straight 6 Cylinder Engine Gasoline Fuel,Automatic,Black,Black,,Yes,53568.0,382.0,3.0,6.0
Lincoln,Nautilus Reserve,2021,17467.0,Gasoline,2.0L I4 16V GDI DOHC Turbo,Automatic,Pristine White,Slate,,,43860.0,,2.0,
Nissan,Pathfinder SL,2015,115000.0,Gasoline,260.0HP 3.5L V6 Cylinder Engine Gasoline Fuel,Automatic,Gray,Black,,Yes,11995.0,260.0,3.5,6.0
Bmw,X5 xDrive50i,2015,72000.0,Gasoline,445.0HP 4.4L 8 Cylinder Engine Gasoline Fuel,Dual Clutch,Black,Brown,At least 1 accident or damage reported,Yes,26500.0,445.0,4.4,8.0
Mazda,MazdaSpeed3 Grand Touring,2008,162000.0,Gasoline,263.0HP 2.3L 4 Cylinder Engine Gasoline Fuel,Manual,Black,Black,At least 1 accident or damage reported,Yes,6500.0,263.0,2.3,4.0
Gmc,Yukon XL SLT,2017,47589.0,Gasoline,355.0HP 5.3L 8 Cylinder Engine Gasoline Fuel,Automatic,Black,Black,,Yes,45500.0,355.0,5.3,8.0
Toyota,bZ4X Limited,2023,6548.0,,Electric,Automatic,Wind Chill Pearl,Black,,,41999.0,,,
Ram,ProMaster 2500 High Roof,2018,10339.0,Gasoline,280.0HP 3.6L V6 Cylinder Engine Gasoline Fuel,Automatic,White,Gray,,Yes,36990.0,280.0,3.6,6.0
Ram,1500 Classic SLT,2021,32092.0,Gasoline,3.6L V6 24V MPFI DOHC,Automatic,Patriot Blue Pearlcoat,Black,,Yes,35113.0,,3.6,6.0
Lexus,GS 350 Base,2014,85275.0,Gasoline,3.5 Liter,Automatic,Nebula Gray Pearl,Black,At least 1 accident or damage reported,,23998.0,,3.5,
Hyundai,Tucson Limited,2016,138000.0,Gasoline,175.0HP 1.6L 4 Cylinder Engine Gasoline Fuel,Automatic,Brown,Beige,,Yes,10990.0,175.0,1.6,4.0
Chevrolet,SSR Base,2003,87500.0,Gasoline,300.0HP 5.3L 8 Cylinder Engine Gasoline Fuel,Automatic,Red,Black,,Yes,16999.0,300.0,5.3,8.0
Maserati,GranTurismo Base,2013,34920.0,Gasoline,440.0HP 4.7L 8 Cylinder Engine Gasoline Fuel,Automatic,Gray,Brown,,Yes,38900.0,440.0,4.7,8.0
Tesla,Model X Performance,2020,27224.0,,Electric,Automatic,Black,Black,,,65999.0,,,
Bmw,M2 Base,2018,25000.0,Gasoline,365.0HP 3.0L Straight 6 Cylinder Engine Gasoline Fuel,Automatic,Black,Black,,Yes,52000.0,365.0,3.0,6.0
Tesla,Model Y Long Range,2021,14642.0,,425.0HP Electric Motor Electric Fuel System,Automatic,Red,Black,,Yes,48500.0,425.0,,
Subaru,Outback 2.5i Limited,2015,162000.0,Gasoline,175.0HP 2.5L 4 Cylinder Engine Gasoline Fuel,,Gray,Black,,Yes,13999.0,175.0,2.5,4.0
Buick,Roadmaster Estate,1996,119500.0,Gasoline,260.0HP 5.7L 8 Cylinder Engine Gasoline Fuel,Automatic,White,Beige,At least 1 accident or damage reported,Yes,16999.0,260.0,5.7,8.0
Land,Rover Range Rover 5.0L Supercharged,2017,101800.0,Gasoline,510.0HP 5.0L 8 Cylinder Engine Gasoline Fuel,Automatic,Silver,Black,,Yes,36500.0,510.0,5.0,8.0
Ford,Expedition Max XLT,2021,84351.0,Gasoline,3.5L V6 24V PDI DOHC Twin Turbo,Automatic,Blue,Ebony,,Yes,42691.0,,3.5,6.0
Nissan,Leaf SL,2012,26930.0,,107.0HP Electric Motor Electric Fuel System,Automatic,White,Beige,,Yes,6700.0,107.0,,
Toyota,Tacoma TRD Pro,2019,40698.0,Gasoline,3.5L V6 24V PDI DOHC,,Super White,Black,,,42886.0,,3.5,6.0
Mercedes-Benz,AMG GT 63 S 4-Door,2020,40000.0,Gasoline,630.0HP 4.0L 8 Cylinder Engine Gasoline Fuel,Automatic,Black,Red,,Yes,112500.0,630.0,4.0,8.0
Bmw,230 i,2019,30000.0,Gasoline,248.0HP 2.0L 4 Cylinder Engine Gasoline Fuel,Automatic,Blue,Beige,At least 1 accident or damage reported,Yes,29000.0,248.0,2.0,4.0
Lexus,ES 350 Base,2007,78980.0,Gasoline,272.0HP 3.5L V6 Cylinder Engine Gasoline Fuel,Automatic,Silver,Beige,At least 1 accident or damage reported,Yes,10600.0,272.0,3.5,6.0
Porsche,911 Carrera S Cabriolet,2007,28844.0,Gasoline,3.8L H6 24V MPFI DOHC,Manual,White,Beige,,,69995.0,,3.8,
Porsche,Taycan Turbo,2020,21028.0,,Dual AC Electric Motors,,BLACK,BEIGE,,,96900.0,,,
Maserati,Levante Modena,2023,5409.0,Gasoline,3.0L V6 24V GDI DOHC Twin Turbo,Automatic,Blu,Black,,Yes,88950.0,,3.0,6.0
Dodge,Challenger SRT Hellcat,2020,12700.0,Gasoline,717.0HP 6.2L 8 Cylinder Engine Gasoline Fuel,Automatic,Black,Black,At least 1 accident or damage reported,Yes,69900.0,717.0,6.2,8.0
Mazda,Mazda6 Touring,2021,19000.0,Gasoline,187.0HP 2.5L 4 Cylinder Engine Gasoline Fuel,Automatic,Blue,Black,,,25900.0,187.0,2.5,4.0
Audi,S4 3.0T Premium,2019,12000.0,Gasoline,349.0HP 3.0L V6 Cylinder Engine Gasoline Fuel,Automatic,Black,Black,,Yes,48000.0,349.0,3.0,6.0
Ford,Mustang GT Premium,2016,25717.0,Gasoline,435.0HP 5.0L 8 Cylinder Engine Gasoline Fuel,Manual,Black,Black,,Yes,33900.0,435.0,5.0,8.0
Tesla,Model Y Long Range,2022,12055.0,,425.0HP Electric Motor Electric Fuel System,Automatic,Blue,Black,,Yes,44400.0,425.0,,
Audi,TTS 2.0T Premium Plus,2011,69700.0,Gasoline,265.0HP 2.0L 4 Cylinder Engine Gasoline Fuel,Automatic,Orange,–,At least 1 accident or damage reported,Yes,23000.0,265.0,2.0,4.0
Bmw,M2 Competition,2020,25013.0,Gasoline,405.0HP 3.0L Straight 6 Cylinder Engine Gasoline Fuel,Automatic,Black,Black,,Yes,55000.0,405.0,3.0,6.0
Audi,Q4 e-tron Sportback Premium,2023,1156.0,,295.0HP Electric Motor Electric Fuel System,Automatic,Blue,Black,,Yes,54900.0,295.0,,
Bmw,740 i,2016,57939.0,Gasoline,320.0HP 3.0L Straight 6 Cylinder Engine Gasoline Fuel,Automatic,Gray,Black,,Yes,27500.0,320.0,3.0,6.0
Mercedes-Benz,AMG GLE 43 Coupe 4MATIC,2018,52694.0,Gasoline,385.0HP 3.0L V6 Cylinder Engine Gasoline Fuel,Dual Clutch,Gray,Black,,Yes,49999.0,385.0,3.0,6.0
Mercedes-Benz,S-Class S 550 4MATIC,2015,54000.0,Gasoline,449.0HP 4.7L 8 Cylinder Engine Gasoline Fuel,Automatic,White,Beige,,Yes,37000.0,449.0,4.7,8.0
Honda,S2000 Base,2002,110500.0,Gasoline,240.0HP 2.0L 4 Cylinder Engine Gasoline Fuel,Manual,Yellow,Red,,Yes,27000.0,240.0,2.0,4.0
Chevrolet,Corvette Base,2000,97500.0,Gasoline,345.0HP 5.7L 8 Cylinder Engine Gasoline Fuel,Manual,Yellow,Black,,Yes,10000.0,345.0,5.7,8.0
Chevrolet,Colorado Z71,2020,20909.0,Gasoline,3.6L V6 24V GDI DOHC,Automatic,Red,Jet Black,,Yes,35387.0,,3.6,6.0
Mercedes-Benz,S-Class S 63 AMG,2013,77648.0,Gasoline,536.0HP 5.5L 8 Cylinder Engine Gasoline Fuel,Automatic,Silver,Black,,Yes,40000.0,536.0,5.5,8.0
Bentley,Continental GTC Base,2013,79422.0,Gasoline,616.0HP 6.0L 12 Cylinder Engine Gasoline Fuel,Automatic,Black,Black,,Yes,64000.0,616.0,6.0,12.0
Gmc,Sierra 2500 SLE H/D Extended Cab,2002,53850.0,Gasoline,340.0HP 8.1L 8 Cylinder Engine Gasoline Fuel,Automatic,Silver,Gray,At least 1 accident or damage reported,Yes,16900.0,340.0,8.1,8.0
Audi,SQ5 3.0T Premium,2020,21832.0,Gasoline,349.0HP 3.0L V6 Cylinder Engine Gasoline Fuel,Automatic,Blue,Black,,Yes,42000.0,349.0,3.0,6.0
Toyota,Corolla iM Base,2017,41932.0,Gasoline,137.0HP 1.8L 4 Cylinder Engine Gasoline Fuel,Manual,Black,Black,,Yes,18700.0,137.0,1.8,4.0
Gmc,Yukon XL SLT,2017,110000.0,Gasoline,355.0HP 5.3L 8 Cylinder Engine Gasoline Fuel,Automatic,Blue,Black,At least 1 accident or damage reported,Yes,34999.0,355.0,5.3,8.0
Toyota,Tundra 1794,2020,67400.0,Gasoline,381.0HP 5.7L 8 Cylinder Engine Gasoline Fuel,Automatic,Black,Brown,,Yes,47500.0,381.0,5.7,8.0
Subaru,WRX Premium,2017,62662.0,Gasoline,268.0HP 2.0L 4 Cylinder Engine Gasoline Fuel,Manual,Red,Black,At least 1 accident or damage reported,Yes,24000.0,268.0,2.0,4.0
Subaru,WRX Base,2015,102000.0,Gasoline,268.0HP 2.0L 4 Cylinder Engine Gasoline Fuel,Manual,White,Black,At least 1 accident or damage reported,Yes,18000.0,268.0,2.0,4.0
Infiniti,Q50 Premium,2014,79785.0,Gasoline,328.0HP 3.7L V6 Cylinder Engine Gasoline Fuel,Automatic,Red,White,At least 1 accident or damage reported,Yes,16488.0,328.0,3.7,6.0
Chevrolet,Suburban Premier,2017,166549.0,Gasoline,355.0HP 5.3L 8 Cylinder Engine Gasoline Fuel,Automatic,White,Beige,At least 1 accident or damage reported,Yes,24950.0,355.0,5.3,8.0
Toyota,Sequoia Limited,2006,190656.0,Gasoline,273.0HP 4.7L 8 Cylinder Engine Gasoline Fuel,Automatic,Black,Gray,At least 1 accident or damage reported,Yes,8900.0,273.0,4.7,8.0
Dodge,Challenger R/T Scat Pack,2016,7928.0,,–,Manual,Red,Red,,Yes,37500.0,,,
Porsche,Cayenne GTS,2009,135606.0,Gasoline,405.0HP 4.8L 8 Cylinder Engine Gasoline Fuel,Dual Clutch,Black,Black,,Yes,15000.0,405.0,4.8,8.0
Kia,Telluride S,2023,14700.0,Gasoline,291.0HP 3.8L V6 Cylinder Engine Gasoline Fuel,Automatic,Blue,Black,,Yes,39900.0,291.0,3.8,6.0
Mercedes-Benz,AMG E 63 S 4MATIC,2019,12985.0,Gasoline,603.0HP 4.0L 8 Cylinder Engine Gasoline Fuel,Automatic,Gray,Black,At least 1 accident or damage reported,Yes,96000.0,603.0,4.0,8.0
Bmw,Z4 sDrive35is,2014,4200.0,Gasoline,335.0HP 3.0L Straight 6 Cylinder Engine Gasoline Fuel,Dual Clutch,White,Red,,Yes,64995.0,335.0,3.0,6.0
Subaru,Impreza 2.0i Sport,2017,44000.0,Gasoline,152.0HP 2.0L 4 Cylinder Engine Gasoline Fuel,Manual,Red,Black,,Yes,23500.0,152.0,2.0,4.0
Dodge,Dart SE,2015,66000.0,Gasoline,160.0HP 2.0L 4 Cylinder Engine Gasoline Fuel,Manual,Black,Black,,Yes,12000.0,160.0,2.0,4.0
Land,Rover Range Rover P525 Westminster,2021,17945.0,Gasoline,5.0L V8 32V GDI DOHC Supercharged,Automatic,Santorini Black Metallic,Ebony,,,89900.0,,5.0,8.0
Nissan,370Z Base,2013,106700.0,Gasoline,332.0HP 3.7L V6 Cylinder Engine Gasoline Fuel,Manual,Red,Black,,Yes,17500.0,332.0,3.7,6.0
Cadillac,Escalade ESV Luxury,2020,120000.0,Gasoline,420.0HP 6.2L 8 Cylinder Engine Gasoline Fuel,Automatic,Black,Black,,Yes,55000.0,420.0,6.2,8.0
Mercedes-Benz,E-Class E 350,2012,59600.0,Gasoline,302.0HP 3.5L V6 Cylinder Engine Gasoline Fuel,Dual Clutch,White,Beige,,Yes,19900.0,302.0,3.5,6.0
Kia,Optima Hybrid EX,2012,117220.0,Hybrid,206.0HP 2.4L 4 Cylinder Engine Gas/Electric Hybrid,Automatic,Black,Black,,Yes,8900.0,206.0,2.4,4.0
Chevrolet,Silverado 3500 LTZ,2022,85200.0,Diesel,445.0HP 6.6L 8 Cylinder Engine Diesel Fuel,Automatic,Silver,Gray,,Yes,67500.0,445.0,6.6,8.0
Volkswagen,Golf GTI 2.0T SE 4-Door,2018,63450.0,Gasoline,220.0HP 2.0L 4 Cylinder Engine Gasoline Fuel,Manual,White,Black,,Yes,24325.0,220.0,2.0,4.0
Dodge,Ram 1500 SRT-10,2004,73000.0,Gasoline,500.0HP 8.3L 10 Cylinder Engine Gasoline Fuel,Manual,Black,Gray,,Yes,22500.0,500.0,8.3,10.0
Scion,tC Anniversary Edition,2014,115000.0,Gasoline,179.0HP 2.5L 4 Cylinder Engine Gasoline Fuel,Manual,Silver,Silver,,Yes,11495.0,179.0,2.5,4.0
Land,Rover Range Rover 5.0L Supercharged Autobiography,2016,56000.0,Gasoline,510.0HP 5.0L 8 Cylinder Engine Gasoline Fuel,Automatic,Black,Brown,,Yes,49900.0,510.0,5.0,8.0
Lexus,LS 500 Base,2018,67296.0,Gasoline,"3.5L V-6 port/direct injection, DOHC, VVT-iE/VVT-i variable valv",Automatic,–,–,,,40900.0,,3.5,
Chevrolet,Suburban 1500 LT,2015,179200.0,Gasoline,355.0HP 5.3L 8 Cylinder Engine Gasoline Fuel,Automatic,Black,–,At least 1 accident or damage reported,Yes,16000.0,355.0,5.3,8.0
Maserati,GranTurismo Base,2015,28000.0,Gasoline,444.0HP 4.7L 8 Cylinder Engine Gasoline Fuel,Automatic,White,Red,,Yes,44999.0,444.0,4.7,8.0
Porsche,911 Carrera Turbo,2003,155000.0,Gasoline,415.0HP 3.6L Flat 6 Cylinder Engine Gasoline Fuel,Manual,Black,Black,,Yes,55000.0,415.0,3.6,6.0
Hyundai,Sonata Hybrid Base,2012,154000.0,Hybrid,206.0HP 2.4L 4 Cylinder Engine Gas/Electric Hybrid,Automatic,Green,Gray,At least 1 accident or damage reported,Yes,8500.0,206.0,2.4,4.0
Cadillac,CTS Luxury,2012,62500.0,Gasoline,270.0HP 3.0L V6 Cylinder Engine Gasoline Fuel,Automatic,Red,Beige,At least 1 accident or damage reported,Yes,18955.0,270.0,3.0,6.0
Bmw,323 Ci,2000,177700.0,Gasoline,170.0HP 2.5L Straight 6 Cylinder Engine Gasoline Fuel,Automatic,Silver,Black,,Yes,2500.0,170.0,2.5,6.0
Tesla,Model 3 Standard Range Plus,2019,83700.0,,Electric Motor Electric Fuel System,Automatic,Black,Black,At least 1 accident or damage reported,Yes,26000.0,,,
Chevrolet,1500 Cheyenne Extended Cab,1995,120000.0,,–,Automatic,White,Brown,At least 1 accident or damage reported,Yes,6500.0,,,
Nissan,370Z Touring,2012,65000.0,Gasoline,332.0HP 3.7L V6 Cylinder Engine Gasoline Fuel,Manual,Gray,Black,,Yes,21500.0,332.0,3.7,6.0
Mercedes-Benz,GLS 450 Base 4MATIC,2018,62808.0,Gasoline,3.0 Liter DOHC Twin Turbo,Automatic,Black,–,At least 1 accident or damage reported,,38598.0,,3.0,
Ford,Mustang GT Premium,2021,3000.0,Gasoline,460.0HP 5.0L 8 Cylinder Engine Gasoline Fuel,Manual,Red,Black,,Yes,49500.0,460.0,5.0,8.0
Audi,Q5 2.0T Premium,2012,119000.0,Gasoline,211.0HP 2.0L 4 Cylinder Engine Gasoline Fuel,Automatic,Gray,–,,Yes,12000.0,211.0,2.0,4.0
Ram,2500 Big Horn,2013,198868.0,Diesel,350.0HP 6.7L Straight 6 Cylinder Engine Diesel Fuel,Automatic,Brown,Beige,,Yes,25000.0,350.0,6.7,6.0
Dodge,Ram 1500 ST,2011,188000.0,Gasoline,210.0HP 3.7L V6 Cylinder Engine Gasoline Fuel,Automatic,Silver,Black,At least 1 accident or damage reported,Yes,8500.0,210.0,3.7,6.0
Mercedes-Benz,C-Class C 300 4MATIC Sport,2013,157405.0,Gasoline,248.0HP 3.5L V6 Cylinder Engine Gasoline Fuel,Automatic,Black,Black,,Yes,10750.0,248.0,3.5,6.0
Dodge,Challenger SRT Hellcat,2016,8228.0,Gasoline,707.0HP 6.2L 8 Cylinder Engine Gasoline Fuel,Automatic,Blue,Black,,Yes,62500.0,707.0,6.2,8.0
Land,Rover Range Rover 3.0L Supercharged HSE,2018,73101.0,Gasoline,380.0HP 3.0L V6 Cylinder Engine Gasoline Fuel,Automatic,Blue,Beige,,Yes,42950.0,380.0,3.0,6.0
Bmw,M4 Base,2018,10950.0,Gasoline,425.0HP 3.0L Straight 6 Cylinder Engine Gasoline Fuel,Manual,White,White,,Yes,60995.0,425.0,3.0,6.0
Mercedes-Benz,S-Class S 560 4MATIC,2018,63160.0,Gasoline,463.0HP 4.0L 8 Cylinder Engine Gasoline Fuel,Automatic,Black,–,At least 1 accident or damage reported,Yes,47000.0,463.0,4.0,8.0
Land,Rover Range Rover 5.0L V8 Supercharged,2019,31866.0,Gasoline,"5L V-8 gasoline direct injection, DOHC, variable valve control,",Automatic,–,–,,,68900.0,,,
Chevrolet,Express 3500 Base,2009,75000.0,Gasoline,319.0HP 6.0L 8 Cylinder Engine Gasoline Fuel,Automatic,White,Gray,,Yes,18900.0,319.0,6.0,8.0
Toyota,4Runner TRD Pro,2016,98000.0,Gasoline,270.0HP 4.0L V6 Cylinder Engine Gasoline Fuel,Automatic,Black,Black,At least 1 accident or damage reported,Yes,36000.0,270.0,4.0,6.0
Mazda,MX-5 Miata Grand Touring,2012,33576.0,Gasoline,167.0HP 2.0L 4 Cylinder Engine Gasoline Fuel,Manual,Red,Beige,,Yes,18900.0,167.0,2.0,4.0
Volkswagen,Touareg VR6 Lux,2012,123200.0,Gasoline,280.0HP 3.6L V6 Cylinder Engine Gasoline Fuel,Automatic,Gray,Beige,At least 1 accident or damage reported,Yes,12449.0,280.0,3.6,6.0
Jaguar,XJ Base,2013,112000.0,Gasoline,340.0HP 3.0L V6 Cylinder Engine Gasoline Fuel,Automatic,Blue,White,,Yes,8800.0,340.0,3.0,6.0
Chevrolet,Camaro 2SS,2010,68000.0,Gasoline,426.0HP 6.2L 8 Cylinder Engine Gasoline Fuel,Automatic,Gray,Gray,At least 1 accident or damage reported,Yes,19500.0,426.0,6.2,8.0
Infiniti,G37 x,2012,120000.0,Gasoline,328.0HP 3.7L V6 Cylinder Engine Gasoline Fuel,Dual Clutch,Red,Black,At least 1 accident or damage reported,Yes,14500.0,328.0,3.7,6.0
Bmw,X6 xDrive50i,2019,45000.0,Gasoline,445.0HP 4.4L 8 Cylinder Engine Gasoline Fuel,Automatic,Silver,Black,At least 1 accident or damage reported,Yes,46999.0,445.0,4.4,8.0
Chevrolet,Camaro LT1,2022,6700.0,Gasoline,455.0HP 6.2L 8 Cylinder Engine Gasoline Fuel,Automatic,Gray,Black,,Yes,39500.0,455.0,6.2,8.0
Porsche,Taycan Base,2021,6785.0,,Electric,Automatic,Gentian Blue Metallic,Black,,,108900.0,,,
Mercedes-Benz,S-Class S 63 AMG,2015,40900.0,Gasoline,577.0HP 5.5L 8 Cylinder Engine Gasoline Fuel,Automatic,White,–,,Yes,59750.0,577.0,5.5,8.0
Cadillac,Escalade ESV Premium Luxury,2018,74150.0,Gasoline,420.0HP 6.2L 8 Cylinder Engine Gasoline Fuel,Automatic,Gold,Brown,,Yes,45000.0,420.0,6.2,8.0
Toyota,Camry Hybrid XLE,2014,94448.0,Hybrid,200.0HP 2.5L 4 Cylinder Engine Gas/Electric Hybrid,Automatic,Silver,Gray,,Yes,15999.0,200.0,2.5,4.0
Audi,A6 3.0T Prestige,2015,108000.0,Gasoline,310.0HP 3.0L V6 Cylinder Engine Gasoline Fuel,Dual Clutch,Black,Brown,,Yes,19998.0,310.0,3.0,6.0
Bmw,X5 M Base,2012,118000.0,Gasoline,555.0HP 4.4L 8 Cylinder Engine Gasoline Fuel,Dual Clutch,White,Orange,At least 1 accident or damage reported,Yes,17000.0,555.0,4.4,8.0
Jaguar,F-PACE SVR,2020,38800.0,Gasoline,550.0HP 5.0L 8 Cylinder Engine Gasoline Fuel,Dual Clutch,Black,Black,,Yes,57500.0,550.0,5.0,8.0
Bmw,740 i,2017,55000.0,Gasoline,320.0HP 3.0L Straight 6 Cylinder Engine Gasoline Fuel,Dual Clutch,White,Black,,Yes,40000.0,320.0,3.0,6.0
Bmw,M340 i xDrive,2021,34967.0,Hybrid,382.0HP 3.0L Straight 6 Cylinder Engine Gasoline/Mild Electric Hybrid,Automatic,Blue,Beige,At least 1 accident or damage reported,Yes,49999.0,382.0,3.0,6.0
Jeep,Wrangler Unlimited Sport,2016,85325.0,Gasoline,285.0HP 3.6L V6 Cylinder Engine Gasoline Fuel,Automatic,Black,Black,,Yes,30000.0,285.0,3.6,6.0
Ram,2500 Tradesman,2018,63750.0,Gasoline,410.0HP 6.4L 8 Cylinder Engine Gasoline Fuel,Automatic,Gray,Gray,,Yes,36000.0,410.0,6.4,8.0
Ford,Mustang V6,2016,87248.0,Gasoline,300.0HP 3.7L V6 Cylinder Engine Gasoline Fuel,Automatic,Black,Black,,Yes,19999.0,300.0,3.7,6.0
Bmw,328 i,1997,206000.0,Gasoline,190.0HP 2.8L Straight 6 Cylinder Engine Gasoline Fuel,Manual,Red,Black,At least 1 accident or damage reported,Yes,15900.0,190.0,2.8,6.0
Mercedes-Benz,GL-Class GL 450,2011,112854.0,Gasoline,335.0HP 4.7L 8 Cylinder Engine Gasoline Fuel,Automatic,White,Black,,Yes,11999.0,335.0,4.7,8.0
Rivian,R1S Adventure Package,2023,1150.0,,835.0HP Electric Motor Electric Fuel System,Automatic,Green,Black,,Yes,96850.0,835.0,,
Tesla,Model Y Long Range,2023,10000.0,,425.0HP Electric Motor Electric Fuel System,Automatic,Blue,Black,,Yes,48000.0,425.0,,
Mercedes-Benz,E-Class E 350,2022,14100.0,Gasoline,255.0HP 2.0L 4 Cylinder Engine Gasoline Fuel,Automatic,Gray,Black,,Yes,53000.0,255.0,2.0,4.0
Bmw,X7 xDrive40i,2023,14360.0,Hybrid,375.0HP 3.0L Straight 6 Cylinder Engine Gasoline/Mild Electric Hybrid,Automatic,Black,Black,,Yes,85495.0,375.0,3.0,6.0
Chevrolet,Trailblazer RS,2023,10000.0,Gasoline,155.0HP 1.3L 3 Cylinder Engine Gasoline Fuel,Automatic,Blue,Black,,Yes,32000.0,155.0,1.3,3.0
Chevrolet,Suburban 1500 LTZ,2015,217500.0,Gasoline,355.0HP 5.3L 8 Cylinder Engine Gasoline Fuel,Automatic,Black,Black,,Yes,20000.0,355.0,5.3,8.0
Chevrolet,Suburban Premier,2021,73846.0,Gasoline,5.3L V8 16V GDI OHV,Automatic,Midnight Blue Metallic,Jet Black,,Yes,60995.0,,5.3,8.0
Jeep,Gladiator Overland,2020,40000.0,Gasoline,285.0HP 3.6L V6 Cylinder Engine Gasoline Fuel,Dual Clutch,Gray,Black,,Yes,45000.0,285.0,3.6,6.0
Gmc,Yukon XL AT4,2023,9980.0,Gasoline,355.0HP 5.3L 8 Cylinder Engine Gasoline Fuel,Automatic,Black,Black,,Yes,82000.0,355.0,5.3,8.0
Mazda,Mazda6 Grand Touring Reserve,2019,41997.0,Gasoline,227.0HP 2.5L 4 Cylinder Engine Gasoline Fuel,Automatic,Black,Black,,Yes,24995.0,227.0,2.5,4.0
Alfa,Romeo Giulia Ti,2021,2000.0,Gasoline,280.0HP 2.0L 4 Cylinder Engine Gasoline Fuel,Automatic,Blue,Brown,,Yes,39000.0,280.0,2.0,4.0
Mercedes-Benz,CLA-Class CLA 250,2016,42750.0,Gasoline,208.0HP 2.0L 4 Cylinder Engine Gasoline Fuel,Dual Clutch,Black,Black,At least 1 accident or damage reported,Yes,22999.0,208.0,2.0,4.0
Bmw,330 330i xDrive,2019,19473.0,Gasoline,Intercooled Turbo Premium Unleaded I-4 2.0 L/122,Automatic,Alpine White,Canberra Beige,,,31698.0,,,
Volkswagen,Beetle 2.0T S,2019,35340.0,Gasoline,174.0HP 2.0L 4 Cylinder Engine Gasoline Fuel,Automatic,Black,Gray,,Yes,23000.0,174.0,2.0,4.0
Mercedes-Benz,CLK-Class CLK 350,2008,93000.0,Gasoline,268.0HP 3.5L V6 Cylinder Engine Gasoline Fuel,Automatic,White,Beige,At least 1 accident or damage reported,Yes,12000.0,268.0,3.5,6.0
Audi,RS 7 4.0T Prestige,2014,66150.0,Gasoline,560.0HP 4.0L 8 Cylinder Engine Gasoline Fuel,Automatic,White,Black,At least 1 accident or damage reported,Yes,47995.0,560.0,4.0,8.0
Volvo,XC60 Recharge Plug-In Hybrid T8 Inscription,2022,19352.0,Plug-In Hybrid,455.0HP 2.0L 4 Cylinder Engine Plug-In Electric/Gas,Automatic,Blue,Beige,,Yes,54599.0,455.0,2.0,4.0
Land,Rover Range Rover Supercharged LWB,2020,81000.0,Gasoline,518.0HP 5.0L 8 Cylinder Engine Gasoline Fuel,Automatic,Black,Black,,Yes,64800.0,518.0,5.0,8.0
Toyota,Sequoia Limited,2011,183000.0,Gasoline,381.0HP 5.7L 8 Cylinder Engine Gasoline Fuel,Automatic,Gold,Beige,,Yes,16000.0,381.0,5.7,8.0
Jeep,Wrangler X,2004,44000.0,Gasoline,190.0HP 4.0L Straight 6 Cylinder Engine Gasoline Fuel,Manual,Green,Green,At least 1 accident or damage reported,Yes,24999.0,190.0,4.0,6.0
Audi,S5 3.0T Premium,2021,18100.0,Gasoline,349.0HP 3.0L V6 Cylinder Engine Gasoline Fuel,Automatic,Gray,Gray,,Yes,51800.0,349.0,3.0,6.0
Land,Rover Range Rover Sport Supercharged,2011,40000.0,Gasoline,510.0HP 5.0L 8 Cylinder Engine Gasoline Fuel,Dual Clutch,Blue,Brown,At least 1 accident or damage reported,Yes,20000.0,510.0,5.0,8.0
Mercedes-Benz,Sprinter 2500,2011,120000.0,Diesel,188.0HP 3.0L V6 Cylinder Engine Diesel Fuel,Automatic,Black,Gray,,Yes,31999.0,188.0,3.0,6.0
Toyota,Sequoia Platinum,2023,325.0,Hybrid,437.0HP 3.4L V6 Cylinder Engine Gas/Electric Hybrid,Automatic,Blue,Gray,,Yes,84997.0,437.0,3.4,6.0
Maserati,Quattroporte S GranLusso,2017,55000.0,Gasoline,405.0HP 3.0L V6 Cylinder Engine Gasoline Fuel,Automatic,Blue,Black,,Yes,39100.0,405.0,3.0,6.0
Toyota,Land Cruiser Base,1996,233000.0,,–,Automatic,Blue,Gray,,Yes,7500.0,,,
Lamborghini,Aventador SVJ Base,2021,6987.0,Gasoline,6.5L V12 48V MPFI DOHC,,–,Nero Ade,,Yes,749950.0,,6.5,12.0
Ford,Mustang Bullitt,2019,48500.0,Gasoline,480.0HP 5.0L 8 Cylinder Engine Gasoline Fuel,Manual,Black,Black,At least 1 accident or damage reported,Yes,44999.0,480.0,5.0,8.0
Ram,2500 Tradesman,2018,52000.0,Diesel,350.0HP 6.7L Straight 6 Cylinder Engine Diesel Fuel,Automatic,Gray,Black,,Yes,50000.0,350.0,6.7,6.0
Toyota,FJ Cruiser Base,2007,179000.0,Gasoline,239.0HP 4.0L V6 Cylinder Engine Gasoline Fuel,Automatic,Silver,Black,At least 1 accident or damage reported,Yes,17900.0,239.0,4.0,6.0
Dodge,Charger Scat Pack,2019,42626.0,Gasoline,485.0HP 6.4L 8 Cylinder Engine Gasoline Fuel,Automatic,Silver,Red,,Yes,42000.0,485.0,6.4,8.0
Lexus,GX 460 Base,2018,65900.0,Gasoline,301.0HP 4.6L 8 Cylinder Engine Gasoline Fuel,Dual Clutch,Gray,Black,At least 1 accident or damage reported,Yes,34700.0,301.0,4.6,8.0
Genesis,GV80 2.5T,2022,7523.0,Gasoline,2.5L I4 16V PDI DOHC Turbo,Automatic,Black,Black,,,54543.0,,2.5,
Jaguar,F-PACE 30t R-Sport,2019,34365.0,Gasoline,2.0 Liter,Automatic,Yulong,Ebony,,,59598.0,,2.0,
Kia,Sportage S,2021,16949.0,Gasoline,2.4L I4 16V GDI DOHC,Automatic,Hyper Red,Black,,Yes,24995.0,,2.4,
Mercedes-Benz,S-Class S 580 4MATIC,2022,7968.0,Hybrid,496.0HP 4.0L 8 Cylinder Engine Gasoline/Mild Electric Hybrid,Automatic,White,White,,Yes,104999.0,496.0,4.0,8.0
Porsche,Panamera Base,2018,61000.0,Gasoline,330.0HP 3.0L V6 Cylinder Engine Gasoline Fuel,Dual Clutch,Gray,Gray,,Yes,57500.0,330.0,3.0,6.0
Infiniti,QX80 Base,2018,100564.0,Gasoline,5.6L V8 32V GDI DOHC,Automatic,Black,Graphite,,,23105.0,,5.6,8.0
Ford,Maverick Lariat,2022,13700.0,Hybrid,191.0HP 2.5L 4 Cylinder Engine Gas/Electric Hybrid,,Blue,Brown,,Yes,39500.0,191.0,2.5,4.0
Kia,Telluride SX,2021,38612.0,Gasoline,3.8L V6 24V GDI DOHC,Automatic,Ebony Black,Black,,,42242.0,,3.8,6.0
Chevrolet,Colorado Z85,2005,155000.0,Gasoline,220.0HP 3.5L 5 Cylinder Engine Gasoline Fuel,Automatic,Blue,Gray,At least 1 accident or damage reported,Yes,7995.0,220.0,3.5,5.0
Mercedes-Benz,E-Class E 550,2017,56000.0,Gasoline,402.0HP 4.7L 8 Cylinder Engine Gasoline Fuel,Dual Clutch,Gray,White,,Yes,35750.0,402.0,4.7,8.0
Land,Rover Range Rover Sport SVR,2022,15107.0,Gasoline,5.0L V8 32V GDI DOHC Supercharged,Automatic,Santorini Black Metallic,Ebony,,,114900.0,,5.0,8.0
Toyota,Corolla Hybrid LE,2022,44459.0,Hybrid,121.0HP 1.8L 4 Cylinder Engine Gas/Electric Hybrid,Automatic,Silver,Gray,,Yes,22945.0,121.0,1.8,4.0
Mercedes-Benz,E-Class E 300 4MATIC,2017,31000.0,Gasoline,241.0HP 2.0L 4 Cylinder Engine Gasoline Fuel,Automatic,Blue,White,At least 1 accident or damage reported,Yes,38000.0,241.0,2.0,4.0
Mercedes-Benz,SLK-Class SLK 350,2012,44000.0,Gasoline,302.0HP 3.5L V6 Cylinder Engine Gasoline Fuel,Dual Clutch,Gray,White,At least 1 accident or damage reported,Yes,22222.0,302.0,3.5,6.0
Mercedes-Benz,E-Class E 400 4MATIC,2018,22558.0,Gasoline,3.0L V6 24V GDI DOHC Twin Turbo,Automatic,Black,Black,,Yes,47645.0,,3.0,6.0
Jeep,Wrangler X,2003,116157.0,Gasoline,210.0HP 4.0L Straight 6 Cylinder Engine Gasoline Fuel,Automatic,Beige,Beige,,Yes,14250.0,210.0,4.0,6.0
Lincoln,Navigator Premiere,2018,23500.0,Gasoline,450.0HP 3.5L V6 Cylinder Engine Gasoline Fuel,Automatic,Black,Black,At least 1 accident or damage reported,Yes,50000.0,450.0,3.5,6.0
Chevrolet,Corvette Base,2008,28150.0,Gasoline,430.0HP 6.2L 8 Cylinder Engine Gasoline Fuel,Dual Clutch,Red,Beige,,Yes,31000.0,430.0,6.2,8.0
Gmc,Yukon XL Denali,2016,137500.0,Gasoline,420.0HP 6.2L 8 Cylinder Engine Gasoline Fuel,Automatic,Black,Black,At least 1 accident or damage reported,Yes,29500.0,420.0,6.2,8.0
Mercedes-Benz,Metris Base,2021,2284.0,Gasoline,2.0L I4 16V GDI DOHC Turbo,Automatic,Black,Tan,,Yes,157500.0,,2.0,
Land,Rover Range Rover P530 SE LWB 7 Seat,2023,350.0,Gasoline,523.0HP 4.4L 8 Cylinder Engine Gasoline Fuel,Dual Clutch,Black,Beige,,Yes,195000.0,523.0,4.4,8.0
Ford,Explorer XLT,2017,169000.0,E85 Flex Fuel,290.0HP 3.5L V6 Cylinder Engine Flex Fuel Capability,Automatic,White,Beige,,Yes,13000.0,290.0,3.5,6.0
Ferrari,488 GTB Base,2018,17761.0,Gasoline,3.9L V8 32V GDI DOHC Twin Turbo,Automatic,Rosso Corsa,Nero,,,243900.0,,3.9,8.0
Chevrolet,Camaro 2SS,2010,8949.0,Gasoline,426.0HP 6.2L 8 Cylinder Engine Gasoline Fuel,Manual,Yellow,Black,,Yes,30000.0,426.0,6.2,8.0
Bmw,750 i xDrive,2020,25108.0,Gasoline,523.0HP 4.4L 8 Cylinder Engine Gasoline Fuel,Automatic,Black,Black,,,66000.0,523.0,4.4,8.0
Land,Rover Range Rover 3.0L Supercharged HSE,2016,103000.0,Gasoline,380.0HP 3.0L V6 Cylinder Engine Gasoline Fuel,Dual Clutch,Black,Black,,Yes,33999.0,380.0,3.0,6.0
Porsche,911 Carrera 4 Cabriolet,2003,87600.0,Gasoline,315.0HP 3.6L Flat 6 Cylinder Engine Gasoline Fuel,Dual Clutch,Black,Black,At least 1 accident or damage reported,Yes,32000.0,315.0,3.6,6.0
Maserati,MC20 Base,2022,1087.0,Gasoline,3.0L V6 24V PDI DOHC Twin Turbo,Automatic,Matte White,Black,,Yes,279000.0,,3.0,6.0
Mercedes-Benz,CLA-Class CLA 250,2015,76753.0,Gasoline,208.0HP 2.0L 4 Cylinder Engine Gasoline Fuel,Automatic,Red,Black,At least 1 accident or damage reported,Yes,15999.0,208.0,2.0,4.0
Mercedes-Benz,Metris Base,2019,10500.0,Gasoline,208.0HP 2.0L 4 Cylinder Engine Gasoline Fuel,Automatic,Black,Brown,,Yes,79500.0,208.0,2.0,4.0
Mercedes-Benz,E-Class E 350 4MATIC,2011,199000.0,Gasoline,268.0HP 3.5L V6 Cylinder Engine Gasoline Fuel,Automatic,Silver,Black,,Yes,9250.0,268.0,3.5,6.0
Lexus,LS 460 L,2007,127980.0,Gasoline,380.0HP 4.6L 8 Cylinder Engine Gasoline Fuel,Automatic,Blue,Beige,,Yes,9999.0,380.0,4.6,8.0
Bmw,X6 xDrive40i,2023,16307.0,Hybrid,335.0HP 3.0L Straight 6 Cylinder Engine Gasoline/Mild Electric Hybrid,Automatic,Red,White,,Yes,71400.0,335.0,3.0,6.0
Audi,S5 3.0T Prestige,2021,13566.0,Gasoline,3.0L,Automatic,Daytona Gray Pearl Effect,Magma Red,,,57900.0,,3.0,
Audi,Q7 Premium Plus,2022,22588.0,Hybrid,3.0 Liter TFSI,Automatic,Navarra Blue,Saiga Beige,,,52598.0,,3.0,
Jaguar,XE 25t,2019,41452.0,Gasoline,247.0HP 2.0L 4 Cylinder Engine Gasoline Fuel,Dual Clutch,White,Black,At least 1 accident or damage reported,Yes,22500.0,247.0,2.0,4.0
Genesis,G80 3.3T Sport,2019,57500.0,Gasoline,365.0HP 3.3L V6 Cylinder Engine Gasoline Fuel,Automatic,Red,Black,,Yes,32990.0,365.0,3.3,6.0
Bmw,M2 Competition,2020,500.0,Gasoline,405.0HP 3.0L Straight 6 Cylinder Engine Gasoline Fuel,Automatic,Black,Black,,Yes,70000.0,405.0,3.0,6.0
Subaru,Impreza WRX Premium,2014,55000.0,Gasoline,265.0HP 2.5L 4 Cylinder Engine Gasoline Fuel,Manual,White,Black,,Yes,30000.0,265.0,2.5,4.0
Gmc,Sierra 2500 Base,2021,8210.0,Gasoline,401.0HP 6.6L 8 Cylinder Engine Gasoline Fuel,Automatic,White,Black,,Yes,55000.0,401.0,6.6,8.0
Lincoln,Nautilus Reserve,2021,18160.0,Gasoline,2.7L V6 24V GDI DOHC Twin Turbo,Automatic,Silver Radiance,Slate,,,46850.0,,2.7,6.0
Jaguar,XF XFR-S,2013,4279.0,Gasoline,550.0HP 5.0L 8 Cylinder Engine Gasoline Fuel,Automatic,White,Black,,,70000.0,550.0,5.0,8.0
Mercedes-Benz,Sprinter Normal Roof,2013,39748.0,Diesel,188.0HP 3.0L V6 Cylinder Engine Diesel Fuel,Automatic,Silver,Black,At least 1 accident or damage reported,Yes,54995.0,188.0,3.0,6.0
Toyota,Land Cruiser Base,1998,160000.0,Gasoline,230.0HP 4.7L 8 Cylinder Engine Gasoline Fuel,Automatic,White,Beige,At least 1 accident or damage reported,Yes,12490.0,230.0,4.7,8.0
Toyota,Tacoma PreRunner,2013,65000.0,Gasoline,159.0HP 2.7L 4 Cylinder Engine Gasoline Fuel,Automatic,Silver,Gray,,Yes,20500.0,159.0,2.7,4.0
Bmw,Z4 sDrive28i,2016,59000.0,Gasoline,240.0HP 2.0L 4 Cylinder Engine Gasoline Fuel,Automatic,Black,Beige,,Yes,25000.0,240.0,2.0,4.0
Bmw,530e Base,2022,22700.0,Plug-In Hybrid,288.0HP 2.0L 4 Cylinder Engine Plug-In Electric/Gas,Automatic,White,Black,,Yes,47000.0,288.0,2.0,4.0
Mercedes-Benz,GLA 250 Base 4MATIC,2018,56578.0,E85 Flex Fuel,208.0HP 2.0L 4 Cylinder Engine Flex Fuel Capability,Automatic,White,Black,,Yes,20900.0,208.0,2.0,4.0
Hyundai,Genesis 4.6,2010,153332.0,Gasoline,378.0HP 4.6L 8 Cylinder Engine Gasoline Fuel,Dual Clutch,Silver,Black,At least 1 accident or damage reported,Yes,10000.0,378.0,4.6,8.0
Cadillac,ATS 3.6L Luxury,2013,89700.0,Gasoline,321.0HP 3.6L V6 Cylinder Engine Gasoline Fuel,Automatic,Black,Red,,Yes,17999.0,321.0,3.6,6.0
Lincoln,Town Car Signature,2002,118600.0,Gasoline,220.0HP 4.6L 8 Cylinder Engine Gasoline Fuel,Automatic,Black,Gray,At least 1 accident or damage reported,Yes,5230.0,220.0,4.6,8.0
Gmc,Sierra 1500 SLT,2021,23400.0,Gasoline,420.0HP 6.2L 8 Cylinder Engine Gasoline Fuel,Automatic,Black,Black,,Yes,52000.0,420.0,6.2,8.0
Mercedes-Benz,Sprinter High Roof,2015,110000.0,Diesel,188.0HP 3.0L V6 Cylinder Engine Diesel Fuel,Automatic,White,Gray,,Yes,29000.0,188.0,3.0,6.0
Jaguar,XJ Vanden Plas,2008,87888.0,Gasoline,300.0HP 4.2L 8 Cylinder Engine Gasoline Fuel,Automatic,Black,Black,,Yes,11990.0,300.0,4.2,8.0
Lexus,RC 350 Base,2015,73800.0,Gasoline,3.5L V6 24V PDI DOHC,Automatic,Black,Black,,,26999.0,,3.5,6.0
Audi,S3 2.0T Premium Plus,2015,78124.0,Gasoline,292.0HP 2.0L 4 Cylinder Engine Gasoline Fuel,Automatic,Blue,Black,,Yes,21500.0,292.0,2.0,4.0
Subaru,WRX Limited,2015,91000.0,Gasoline,268.0HP 2.0L 4 Cylinder Engine Gasoline Fuel,Manual,Red,Black,At least 1 accident or damage reported,Yes,19000.0,268.0,2.0,4.0
Dodge,Ram 2500 SLT Quad Cab,2003,114000.0,Gasoline,345.0HP 5.7L 8 Cylinder Engine Gasoline Fuel,Automatic,White,Beige,At least 1 accident or damage reported,Yes,10700.0,345.0,5.7,8.0
Subaru,WRX Limited,2015,76000.0,Gasoline,268.0HP 2.0L 4 Cylinder Engine Gasoline Fuel,Manual,Blue,Black,,Yes,21000.0,268.0,2.0,4.0
Audi,RS 4 4.2 quattro L,2008,146500.0,Gasoline,420.0HP 4.2L 8 Cylinder Engine Gasoline Fuel,Manual,Red,Black,At least 1 accident or damage reported,Yes,30000.0,420.0,4.2,8.0
Porsche,911 Carrera,2007,26021.0,Gasoline,325.0HP 3.6L Flat 6 Cylinder Engine Gasoline Fuel,Manual,Silver,Gray,,Yes,53999.0,325.0,3.6,6.0
Audi,A4 2.0T Premium Plus,2015,73000.0,E85 Flex Fuel,220.0HP 2.0L 4 Cylinder Engine Flex Fuel Capability,Automatic,Black,Black,At least 1 accident or damage reported,Yes,17200.0,220.0,2.0,4.0
Audi,A4 3.2 Premium Plus quattro,2009,153000.0,Gasoline,265.0HP 3.2L V6 Cylinder Engine Gasoline Fuel,Automatic,Gray,Beige,,Yes,8700.0,265.0,3.2,6.0
Ford,Excursion Limited,2003,67550.0,Diesel,325.0HP 6.0L 8 Cylinder Engine Diesel Fuel,Automatic,Gold,Beige,,Yes,30000.0,325.0,6.0,8.0
Ford,Excursion Limited,2004,170000.0,Gasoline,310.0HP 6.8L 10 Cylinder Engine Gasoline Fuel,Automatic,Gold,Gold,,Yes,8500.0,310.0,6.8,10.0
Land,Rover Range Rover Sport 5.0L Supercharged Dynamic,2017,53000.0,Gasoline,510.0HP 5.0L 8 Cylinder Engine Gasoline Fuel,Dual Clutch,Black,Beige,,Yes,47500.0,510.0,5.0,8.0
Audi,Q8 3.0T Prestige,2019,54900.0,Hybrid,335.0HP 3.0L V6 Cylinder Engine Gasoline/Mild Electric Hybrid,Automatic,Gold,Black,At least 1 accident or damage reported,Yes,48500.0,335.0,3.0,6.0
Bmw,X5 xDrive35i,2016,89000.0,Gasoline,300.0HP 3.0L Straight 6 Cylinder Engine Gasoline Fuel,Automatic,Black,Black,,Yes,24000.0,300.0,3.0,6.0
Ford,Bronco Base,2022,6200.0,Gasoline,275.0HP 2.3L 4 Cylinder Engine Gasoline Fuel,Manual,Black,Black,,Yes,49000.0,275.0,2.3,4.0
Ford,F-150 XLT,2021,51808.0,Gasoline,5.0L V8 32V PDI DOHC,Automatic,Silver,Black,,Yes,42388.0,,5.0,8.0
Hyundai,Genesis Coupe 3.8 Track,2013,89000.0,Gasoline,344.0HP 3.8L V6 Cylinder Engine Gasoline Fuel,Manual,White,Black,At least 1 accident or damage reported,Yes,12500.0,344.0,3.8,6.0
Toyota,Camry LE,1999,86111.0,Gasoline,133.0HP 2.2L 4 Cylinder Engine Gasoline Fuel,Automatic,Gold,Beige,At least 1 accident or damage reported,Yes,3500.0,133.0,2.2,4.0
Mercedes-Benz,E-Class E 400 4MATIC,2018,45203.0,Gasoline,3.0L V6 24V GDI DOHC Twin Turbo,Automatic,White,Saddle Brown,,Yes,39853.0,,3.0,6.0
Audi,S5 3.0T Prestige,2022,14739.0,Gasoline,3.0L,Automatic,Daytona Gray Pearl Effect,Black,,,61900.0,,3.0,
Buick,Enclave Premium,2017,139105.0,Gasoline,3.6L V6 24V GDI DOHC,Automatic,Iridium Metallic,Light Titanium,At least 1 accident or damage reported,Yes,17550.0,,3.6,6.0
Lamborghini,Gallardo LP560-4,2010,45014.0,Gasoline,560.0HP 5.2L 10 Cylinder Engine Gasoline Fuel,Automatic,Gray,Black,,Yes,109499.0,560.0,5.2,10.0
Ford,Mustang GT Premium,2011,101000.0,Gasoline,412.0HP 5.0L 8 Cylinder Engine Gasoline Fuel,Manual,Red,Black,,Yes,18500.0,412.0,5.0,8.0
Gmc,Yukon XL SLT,2016,93000.0,Gasoline,355.0HP 5.3L 8 Cylinder Engine Gasoline Fuel,Automatic,Black,Black,At least 1 accident or damage reported,Yes,30000.0,355.0,5.3,8.0
Ford,Mustang V6 Premium,2013,62500.0,Gasoline,305.0HP 3.7L V6 Cylinder Engine Gasoline Fuel,Manual,Black,Black,,Yes,16000.0,305.0,3.7,6.0
Lexus,IS-F Base,2008,75000.0,Gasoline,416.0HP 5.0L 8 Cylinder Engine Gasoline Fuel,Automatic,Blue,Black,At least 1 accident or damage reported,Yes,29000.0,416.0,5.0,8.0
Bmw,435 i,2015,34455.0,Gasoline,300.0HP 3.0L Straight 6 Cylinder Engine Gasoline Fuel,Automatic,Gray,Beige,,Yes,28000.0,300.0,3.0,6.0
Land,Rover Range Rover Supercharged,2010,130000.0,Gasoline,510.0HP 5.0L 8 Cylinder Engine Gasoline Fuel,Automatic,White,Black,,Yes,15500.0,510.0,5.0,8.0
Mercedes-Benz,CLA-Class CLA 250,2014,76170.0,Gasoline,208.0HP 2.0L 4 Cylinder Engine Gasoline Fuel,Dual Clutch,Gray,Black,At least 1 accident or damage reported,Yes,16500.0,208.0,2.0,4.0
Gmc,Yukon SLT,2010,194500.0,E85 Flex Fuel,320.0HP 5.3L 8 Cylinder Engine Flex Fuel Capability,Automatic,White,Beige,At least 1 accident or damage reported,Yes,9500.0,320.0,5.3,8.0
Bmw,535 i,2008,135000.0,Gasoline,300.0HP 3.0L Straight 6 Cylinder Engine Gasoline Fuel,Automatic,Silver,Black,,Yes,5699.0,300.0,3.0,6.0
Dodge,Charger GT,2021,33000.0,Gasoline,300.0HP 3.6L V6 Cylinder Engine Gasoline Fuel,Dual Clutch,White,Gray,At least 1 accident or damage reported,Yes,26999.0,300.0,3.6,6.0
Hyundai,Genesis 3.8,2010,98700.0,Gasoline,290.0HP 3.8L V6 Cylinder Engine Gasoline Fuel,Dual Clutch,Beige,Beige,,Yes,10340.0,290.0,3.8,6.0
Honda,Civic Type R Touring,2018,72900.0,Gasoline,306.0HP 2.0L 4 Cylinder Engine Gasoline Fuel,Manual,Black,Black,At least 1 accident or damage reported,Yes,35500.0,306.0,2.0,4.0
Dodge,Durango R/T,2016,135000.0,Gasoline,360.0HP 5.7L 8 Cylinder Engine Gasoline Fuel,Automatic,Black,Black,,Yes,20000.0,360.0,5.7,8.0
Chevrolet,Silverado 1500 Limited High Country,2022,2550.0,Gasoline,355.0HP 5.3L 8 Cylinder Engine Gasoline Fuel,Automatic,Red,Black,,Yes,60000.0,355.0,5.3,8.0
Jeep,Grand Cherokee Altitude,2020,35289.0,Gasoline,3.6L V6 24V MPFI DOHC,Automatic,Granite Crystal Clearcoat Metallic,Black,,,35470.0,,3.6,6.0
Ram,1500 Laramie,2022,14636.0,Gasoline,5.7L V8 16V MPFI OHV,Automatic,Diamond Black,Black,,,46599.0,,5.7,8.0
Chrysler,Crossfire Limited,2005,24847.0,Gasoline,3.2L V6 18V MPFI SOHC,Automatic,White,Dark Gray,,Yes,13046.0,,3.2,6.0
Nissan,Rogue SL,2019,29558.0,Gasoline,2.5L I4 16V MPFI DOHC,Automatic,Magnetic Black,Charcoal,,Yes,25884.0,,2.5,
Audi,A6 55 Premium Plus,2023,6581.0,Gasoline,"3L V-6 gasoline direct injection, DOHC, variable valve control,",Automatic,Chronos Gray Metallic,Black,,,59900.0,,,
Mercedes-Benz,AMG GT 53 Base,2020,22000.0,Hybrid,429.0HP 3.0L Straight 6 Cylinder Engine Gasoline/Mild Electric Hybrid,Automatic,Gray,Black,,Yes,83999.0,429.0,3.0,6.0
Acura,ILX Technology Plus Package,2017,68200.0,Gasoline,201.0HP 2.4L 4 Cylinder Engine Gasoline Fuel,Dual Clutch,Black,–,At least 1 accident or damage reported,Yes,15750.0,201.0,2.4,4.0
Land,Rover Range Rover P530 SE SWB,2023,2800.0,Gasoline,523.0HP 4.4L 8 Cylinder Engine Gasoline Fuel,Automatic,White,Red,,Yes,175000.0,523.0,4.4,8.0
Ford,Expedition Platinum,2019,51300.0,Gasoline,3.5L V6 24V GDI DOHC Twin Turbo,Automatic,White,Platinum,,Yes,48295.0,,3.5,6.0
Bmw,M3 Base,2008,133500.0,Gasoline,414.0HP 4.0L 8 Cylinder Engine Gasoline Fuel,Manual,Gray,Black,,Yes,18500.0,414.0,4.0,8.0
Infiniti,M37 x,2012,49000.0,Gasoline,330.0HP 3.7L V6 Cylinder Engine Gasoline Fuel,Automatic,Gray,Black,,Yes,19900.0,330.0,3.7,6.0
Bmw,650 i,2008,125470.0,Gasoline,360.0HP 4.8L 8 Cylinder Engine Gasoline Fuel,Automatic,Black,Beige,,Yes,8000.0,360.0,4.8,8.0
Mazda,RX-8 Grand Touring,2008,81219.0,Gasoline,232.0HP 1.3L Rotary engine Gasoline Fuel,Manual,Red,Black,,Yes,8500.0,232.0,1.3,
Porsche,Boxster Base,1999,72000.0,Gasoline,201.0HP 2.5L Flat 6 Cylinder Engine Gasoline Fuel,Manual,Blue,Gray,,Yes,12250.0,201.0,2.5,6.0
Acura,ILX Premium & A-SPEC Packages,2019,19500.0,Gasoline,201.0HP 2.4L 4 Cylinder Engine Gasoline Fuel,Automatic,Gray,Black,,Yes,25000.0,201.0,2.4,4.0
Porsche,911 Carrera S,2017,20561.0,Gasoline,420.0HP 3.0L Flat 6 Cylinder Engine Gasoline Fuel,Manual,Red,Black,,Yes,105000.0,420.0,3.0,6.0
Lexus,LX 570 Base,2016,33655.0,Gasoline,383.0HP 5.7L 8 Cylinder Engine Gasoline Fuel,Automatic,White,Brown,,Yes,62900.0,383.0,5.7,8.0
Toyota,Highlander Limited Platinum,2015,135140.0,Gasoline,270.0HP 3.5L V6 Cylinder Engine Gasoline Fuel,Automatic,White,Beige,,Yes,23500.0,270.0,3.5,6.0
Maserati,Ghibli Base,2015,73000.0,Gasoline,345.0HP 3.0L V6 Cylinder Engine Gasoline Fuel,Automatic,Black,Brown,,Yes,17999.0,345.0,3.0,6.0
Land,Rover Range Rover 3.0L Supercharged HSE,2017,55000.0,Gasoline,380.0HP 3.0L V6 Cylinder Engine Gasoline Fuel,Automatic,White,Beige,At least 1 accident or damage reported,Yes,58000.0,380.0,3.0,6.0
Chevrolet,Cruze LTZ,2013,87000.0,Gasoline,138.0HP 1.4L 4 Cylinder Engine Gasoline Fuel,Automatic,Blue,Black,At least 1 accident or damage reported,Yes,10000.0,138.0,1.4,4.0
Bmw,325 xi,2006,137825.0,Gasoline,215.0HP 3.0L Straight 6 Cylinder Engine Gasoline Fuel,Automatic,Silver,Black,,Yes,4000.0,215.0,3.0,6.0
Acura,MDX Technology,2008,184421.0,Gasoline,300.0HP 3.7L V6 Cylinder Engine Gasoline Fuel,Automatic,Gray,Black,,Yes,5000.0,300.0,3.7,6.0
Lincoln,MKC Base,2015,95000.0,Gasoline,240.0HP 2.0L 4 Cylinder Engine Gasoline Fuel,Automatic,White,Black,At least 1 accident or damage reported,Yes,14900.0,240.0,2.0,4.0
Kia,Sportage Nightfall,2022,26468.0,Gasoline,2.4L I4 16V GDI DOHC,Automatic,Pacific Blue,Black,At least 1 accident or damage reported,Yes,27875.0,,2.4,
Bentley,Arnage R,2003,55050.0,Gasoline,400.0HP 6.75L 8 Cylinder Engine Gasoline Fuel,Automatic,Gray,Gray,,Yes,34995.0,400.0,6.75,8.0
Kia,Sorento LX,2021,54200.0,Gasoline,191.0HP 2.5L 4 Cylinder Engine Gasoline Fuel,Automatic,White,Black,,Yes,23800.0,191.0,2.5,4.0
Lexus,SC 430 Base,2002,109762.0,Gasoline,300.0HP 4.3L 8 Cylinder Engine Gasoline Fuel,Automatic,Blue,Brown,,Yes,15000.0,300.0,4.3,8.0
Land,Rover Range Rover Evoque Base,2012,92080.0,Gasoline,240.0HP 2.0L 4 Cylinder Engine Gasoline Fuel,Automatic,Gray,Black,,Yes,14500.0,240.0,2.0,4.0
Acura,TLX Type S w/Performance Tire,2023,1798.0,Gasoline,355.0HP 3.0L V6 Cylinder Engine Gasoline Fuel,Automatic,Black,Black,,Yes,53000.0,355.0,3.0,6.0
Gmc,Sierra 1500 SLE Crew Cab,2006,167500.0,Gasoline,295.0HP 5.3L 8 Cylinder Engine Gasoline Fuel,Automatic,Silver,Black,,Yes,14500.0,295.0,5.3,8.0
Gmc,Sierra 1500 Denali Ultimate,2023,2500.0,Gasoline,420.0HP 6.2L 8 Cylinder Engine Gasoline Fuel,Automatic,White,Brown,,Yes,84000.0,420.0,6.2,8.0
Mercedes-Benz,E-Class E 400,2016,77000.0,Gasoline,329.0HP 3.0L V6 Cylinder Engine Gasoline Fuel,Automatic,White,Beige,At least 1 accident or damage reported,Yes,24000.0,329.0,3.0,6.0
Mini,Hardtop Cooper,2019,19850.0,Gasoline,134.0HP 1.5L 3 Cylinder Engine Gasoline Fuel,Automatic,Black,Black,,Yes,24000.0,134.0,1.5,3.0
Ford,Bronco Outer Banks Advanced,2023,3400.0,Gasoline,275.0HP 2.3L 4 Cylinder Engine Gasoline Fuel,Automatic,Gray,Gray,,Yes,57000.0,275.0,2.3,4.0
Ford,Bronco,2021,3596.0,Gasoline,2.7L V6 24V PDI DOHC Twin Turbo,Automatic,Blue,Black Onyx,,,56900.0,,2.7,6.0
Ford,F-350 Lariat Super Duty Crew Cab,2009,130200.0,Diesel,350.0HP 6.4L 8 Cylinder Engine Diesel Fuel,Automatic,White,Beige,,Yes,28900.0,350.0,6.4,8.0
Land,Rover Discovery Sport SE,2017,48200.0,Gasoline,240.0HP 2.0L 4 Cylinder Engine Gasoline Fuel,Automatic,White,Gray,,Yes,24998.0,240.0,2.0,4.0
Gmc,Yukon XL SLT,2016,183544.0,Gasoline,355.0HP 5.3L 8 Cylinder Engine Gasoline Fuel,Automatic,Black,Black,At least 1 accident or damage reported,Yes,22000.0,355.0,5.3,8.0
Ford,Focus RS Base,2016,14900.0,Gasoline,350.0HP 2.3L 4 Cylinder Engine Gasoline Fuel,Manual,Blue,Black,,Yes,39000.0,350.0,2.3,4.0
Ford,Bronco Badlands Advanced,2022,4200.0,Gasoline,315.0HP 2.7L V6 Cylinder Engine Gasoline Fuel,Automatic,Blue,Black,,Yes,65994.0,315.0,2.7,6.0
Hyundai,Genesis 5,2012,15698.0,Gasoline,429.0HP 5.0L 8 Cylinder Engine Gasoline Fuel,Dual Clutch,Black,Black,,Yes,19000.0,429.0,5.0,8.0
Jeep,Wrangler Unlimited Rubicon,2022,1750.0,Gasoline,285.0HP 3.6L V6 Cylinder Engine Gasoline Fuel,Automatic,Gray,Brown,,Yes,65500.0,285.0,3.6,6.0
Bmw,X4 xDrive30i,2022,34800.0,Gasoline,248.0HP 2.0L 4 Cylinder Engine Gasoline Fuel,Automatic,Blue,Brown,,Yes,46000.0,248.0,2.0,4.0
Jaguar,F-PACE S,2020,35580.0,Gasoline,3.0 Liter,Automatic,Eiger Grey Metallic,Ebony/Light Oyster Stitch,,,46998.0,,3.0,
Acura,RSX Type S,2006,71400.0,Gasoline,201.0HP 2.0L 4 Cylinder Engine Gasoline Fuel,Manual,Black,Gray,,,14990.0,201.0,2.0,4.0
Mazda,MX-5 Miata Base,2003,9260.0,Gasoline,142.0HP 1.8L 4 Cylinder Engine Gasoline Fuel,Manual,White,Beige,,Yes,22000.0,142.0,1.8,4.0
Gmc,Yukon XL SLT,2023,28500.0,Gasoline,355.0HP 5.3L 8 Cylinder Engine Gasoline Fuel,Automatic,Black,Black,,Yes,67800.0,355.0,5.3,8.0
Mercedes-Benz,E-Class E 350 4MATIC,2008,91900.0,Gasoline,268.0HP 3.5L V6 Cylinder Engine Gasoline Fuel,Automatic,Black,Black,,Yes,8900.0,268.0,3.5,6.0
Infiniti,G35 Base,2004,130000.0,Gasoline,260.0HP 3.5L V6 Cylinder Engine Gasoline Fuel,Automatic,Beige,Beige,,Yes,7500.0,260.0,3.5,6.0
Cadillac,XTS Premium,2013,56860.0,Gasoline,3.6L V6 24V GDI DOHC,Automatic,White Diamond Tri-Coat,Shale,At least 1 accident or damage reported,Yes,21995.0,,3.6,6.0
Mini,Hardtop Cooper S,2017,44300.0,Gasoline,189.0HP 2.0L 4 Cylinder Engine Gasoline Fuel,Manual,Silver,Black,,Yes,20784.0,189.0,2.0,4.0
Bmw,X5 xDrive35i,2014,120000.0,Gasoline,300.0HP 3.0L Straight 6 Cylinder Engine Gasoline Fuel,Dual Clutch,Black,Black,,,20000.0,300.0,3.0,6.0
Mercedes-Benz,SL-Class SL 550,2013,72500.0,Gasoline,429.0HP 4.6L 8 Cylinder Engine Gasoline Fuel,Automatic,Black,Beige,,Yes,31450.0,429.0,4.6,8.0
Ram,1500 Tradesman/Express,2017,72000.0,Gasoline,395.0HP 5.7L 8 Cylinder Engine Gasoline Fuel,Automatic,Blue,Beige,At least 1 accident or damage reported,Yes,24200.0,395.0,5.7,8.0
Bmw,135 i,2011,132000.0,Gasoline,300.0HP 3.0L Straight 6 Cylinder Engine Gasoline Fuel,Automatic,Black,Beige,,Yes,11000.0,300.0,3.0,6.0
Rolls-Royce,Phantom,2018,7585.0,Gasoline,6.8L V12 48V GDI DOHC Twin Turbo,Automatic,–,–,,Yes,599000.0,,6.8,12.0
Hyundai,IONIQ 5 SE,2022,18500.0,,320.0HP Electric Motor Electric Fuel System,Automatic,White,Black,,Yes,42000.0,320.0,,
Lexus,LS 430 Base,2002,42000.0,Gasoline,290.0HP 4.3L 8 Cylinder Engine Gasoline Fuel,Automatic,Silver,Gray,At least 1 accident or damage reported,Yes,15999.0,290.0,4.3,8.0
Jaguar,F-PACE S,2023,4624.0,Gasoline,2.0 Liter,Automatic,Santorin Black,Black,,,56998.0,,2.0,
Bmw,M5 Base,2006,106000.0,Gasoline,500.0HP 5.0L 10 Cylinder Engine Gasoline Fuel,Dual Clutch,Black,Black,,Yes,19500.0,500.0,5.0,10.0
Hyundai,Santa Fe SE,2022,13610.0,Gasoline,2.5L I4 16V PDI DOHC,Automatic,Stormy Sea,Black,,,27450.0,,2.5,
Lamborghini,Urus Base,2019,16876.0,Gasoline,4.0L V8 32V GDI DOHC Twin Turbo,Automatic,Gray,Brown,,,209900.0,,4.0,8.0
Ford,Expedition Timberline,2023,8911.0,Gasoline,3.5L V6 24V PDI DOHC Twin Turbo,Automatic,Dark Matter Metallic,Black Onyx,At least 1 accident or damage reported,Yes,77430.0,,3.5,6.0
Chevrolet,Silverado 1500 LT Trail Boss,2021,48641.0,Gasoline,5.3L V8 16V GDI OHV,Automatic,Silver Ice Metallic,Jet Black,,,43666.0,,5.3,8.0
Gmc,Sierra 1500 SLT,2021,11250.0,Gasoline,420.0HP 6.2L 8 Cylinder Engine Gasoline Fuel,Automatic,White,Black,,Yes,70250.0,420.0,6.2,8.0
Ford,Mustang Premium,2007,126000.0,Gasoline,210.0HP 4.0L V6 Cylinder Engine Gasoline Fuel,Automatic,Red,Black,,Yes,9000.0,210.0,4.0,6.0
Bmw,M5 Base,2008,77750.0,Gasoline,500.0HP 5.0L 10 Cylinder Engine Gasoline Fuel,Automatic,Silver,Silver,,Yes,21000.0,500.0,5.0,10.0
Toyota,Tacoma SR,2020,27363.0,Gasoline,278.0HP 3.5L V6 Cylinder Engine Gasoline Fuel,Automatic,Gray,Gray,,Yes,35000.0,278.0,3.5,6.0
Porsche,Cayenne Base,2019,30951.0,Gasoline,3.0L V6 24V GDI DOHC Turbo,Automatic,White,Black,,Yes,80140.0,,3.0,6.0
Ford,F-150 Lightning XLT,2023,208.0,,563.0HP Electric Motor Electric Fuel System,Automatic,Gray,Gold,,Yes,89000.0,563.0,,
Dodge,Durango GT,2021,20386.0,Gasoline,3.6L V6 24V MPFI DOHC,Automatic,Billet Clearcoat Metallic,Black,,,32999.0,,3.6,6.0
Bmw,330e iPerformance,2018,45253.0,Plug-In Hybrid,247.0HP 2.0L 4 Cylinder Engine Plug-In Electric/Gas,Dual Clutch,Black,Black,,Yes,24995.0,247.0,2.0,4.0
Gmc,Terrain Denali,2016,144000.0,Gasoline,301.0HP 3.6L V6 Cylinder Engine Gasoline Fuel,Automatic,White,Black,,Yes,18400.0,301.0,3.6,6.0
Ford,Excursion Limited,2004,76163.0,Diesel,325.0HP 6.0L 8 Cylinder Engine Diesel Fuel,Automatic,Gold,Gold,,Yes,20500.0,325.0,6.0,8.0
Hyundai,Genesis 3.8,2015,61300.0,Gasoline,311.0HP 3.8L V6 Cylinder Engine Gasoline Fuel,Automatic,Silver,Gray,,,20150.0,311.0,3.8,6.0
Mitsubishi,Mirage ES,2017,35698.0,Gasoline,78.0HP 1.2L 3 Cylinder Engine Gasoline Fuel,Automatic,Blue,Black,,Yes,8750.0,78.0,1.2,3.0
Mercedes-Benz,E-Class E 350 4MATIC,2010,27000.0,Gasoline,268.0HP 3.5L V6 Cylinder Engine Gasoline Fuel,Automatic,Black,Black,,Yes,22500.0,268.0,3.5,6.0
Mazda,Mazda3 i Sport,2015,162000.0,Gasoline,155.0HP 2.0L 4 Cylinder Engine Gasoline Fuel,Dual Clutch,Red,Black,,Yes,11500.0,155.0,2.0,4.0
Bmw,M3 Base,2008,77800.0,Gasoline,414.0HP 4.0L 8 Cylinder Engine Gasoline Fuel,Manual,Red,Black,,Yes,28500.0,414.0,4.0,8.0
Mercedes-Benz,E-Class E 350,2014,55000.0,Gasoline,302.0HP 3.5L V6 Cylinder Engine Gasoline Fuel,Automatic,Black,Black,,Yes,19250.0,302.0,3.5,6.0
Ford,Bronco Outer Banks Advanced,2022,12000.0,Gasoline,315.0HP 2.7L V6 Cylinder Engine Gasoline Fuel,Automatic,Gray,Brown,At least 1 accident or damage reported,Yes,65999.0,315.0,2.7,6.0
Tesla,Model X 75D,2017,70579.0,,518.0HP Electric Motor Electric Fuel System,Automatic,Black,White,,Yes,42250.0,518.0,,
Jeep,Wrangler Unlimited Sport,2010,107000.0,Gasoline,205.0HP 3.8L V6 Cylinder Engine Gasoline Fuel,Automatic,White,Gray,At least 1 accident or damage reported,Yes,17500.0,205.0,3.8,6.0
Honda,Pilot Elite,2021,42653.0,Gasoline,3.5L V6 24V GDI SOHC,Automatic,Gray,Black,,,38998.0,,3.5,6.0
Acura,TL 3.2,2008,193783.0,Gasoline,258.0HP 3.2L V6 Cylinder Engine Gasoline Fuel,Automatic,Black,Black,At least 1 accident or damage reported,Yes,10000.0,258.0,3.2,6.0
Lexus,IS 350 Base,2014,123000.0,Gasoline,306.0HP 3.5L V6 Cylinder Engine Gasoline Fuel,Automatic,Red,Black,At least 1 accident or damage reported,Yes,18000.0,306.0,3.5,6.0
Chevrolet,Equinox LT,2011,130000.0,Gasoline,264.0HP 3.0L V6 Cylinder Engine Gasoline Fuel,Automatic,Brown,Black,At least 1 accident or damage reported,Yes,7000.0,264.0,3.0,6.0
Mitsubishi,Lancer DE,2009,143346.0,Gasoline,152.0HP 2.0L 4 Cylinder Engine Gasoline Fuel,Manual,Black,Black,At least 1 accident or damage reported,Yes,3000.0,152.0,2.0,4.0
Land,Rover LR2 Base,2015,112465.0,Gasoline,240.0HP 2.0L 4 Cylinder Engine Gasoline Fuel,Automatic,White,Beige,,Yes,11995.0,240.0,2.0,4.0
Nissan,Leaf SV PLUS,2023,5121.0,,Electric,Automatic,Brilliant Silver Metallic,Black,,Yes,28196.0,,,
Audi,A5 2.0T Premium,2012,137273.0,Gasoline,211.0HP 2.0L 4 Cylinder Engine Gasoline Fuel,Automatic,White,Beige,,Yes,11000.0,211.0,2.0,4.0
Rivian,R1S Launch Edition,2023,299.0,,835.0HP Electric Motor Electric Fuel System,Automatic,Blue,Gray,,Yes,92500.0,835.0,,
Lexus,RX 450h Base,2018,70780.0,Hybrid,308.0HP 3.5L V6 Cylinder Engine Gas/Electric Hybrid,,Silver,Gray,,Yes,35700.0,308.0,3.5,6.0
Chevrolet,Tahoe LT,2018,55000.0,Gasoline,355.0HP 5.3L 8 Cylinder Engine Gasoline Fuel,Automatic,Black,Black,,Yes,37900.0,355.0,5.3,8.0
Mercedes-Benz,G-Class G 550 4MATIC,2017,23151.0,Gasoline,416.0HP 4.0L 8 Cylinder Engine Gasoline Fuel,Automatic,Gray,Black,,Yes,84500.0,416.0,4.0,8.0
Cadillac,XTS Luxury,2013,152000.0,Gasoline,304.0HP 3.6L V6 Cylinder Engine Gasoline Fuel,Automatic,Black,Gray,At least 1 accident or damage reported,Yes,8500.0,304.0,3.6,6.0
Infiniti,Q50 3.0t Red Sport 400,2020,23344.0,Gasoline,3.0L V6 24V GDI DOHC Twin Turbo,Automatic,Liquid Platinum,White,,,36999.0,,3.0,6.0
Subaru,Outback 3.6R Limited,2016,87092.0,Gasoline,256.0HP 3.6L Flat 6 Cylinder Engine Gasoline Fuel,Automatic,Blue,Black,At least 1 accident or damage reported,Yes,19500.0,256.0,3.6,6.0
Toyota,Avalon XLS,2004,90625.0,Gasoline,210.0HP 3.0L V6 Cylinder Engine Gasoline Fuel,Automatic,Gray,Gray,,Yes,5500.0,210.0,3.0,6.0
Chevrolet,Traverse RS,2021,44373.0,Gasoline,310.0HP 3.6L V6 Cylinder Engine Gasoline Fuel,Automatic,Silver,Black,,Yes,36000.0,310.0,3.6,6.0
Bmw,330 i,2021,26000.0,Gasoline,255.0HP 2.0L 4 Cylinder Engine Gasoline Fuel,Dual Clutch,Black,Black,,Yes,37000.0,255.0,2.0,4.0
Karma,Revero Base,2018,20760.0,,403.0HP 2.0L Electric Motor Electric Fuel System,Automatic,White,Black,,Yes,55500.0,403.0,2.0,
Lexus,GX 460 Base,2021,39102.0,Gasoline,4.6 Liter,Automatic,Silver,Rioja Red,,,51798.0,,4.6,
Alfa,Romeo Stelvio Ti Sport,2019,39615.0,Gasoline,"2L I-4 gasoline direct injection, MultiAir2 variable valve contr",Automatic,Vulcano Black Metallic,Red/Black,,,28900.0,,,
Gmc,Sierra 2500 Base,2019,58000.0,E85 Flex Fuel,360.0HP 6.0L 8 Cylinder Engine Flex Fuel Capability,Automatic,Silver,Beige,,Yes,36500.0,360.0,6.0,8.0
Lexus,IS 250 Base,2013,148000.0,Gasoline,204.0HP 2.5L V6 Cylinder Engine Gasoline Fuel,Automatic,Gray,Black,At least 1 accident or damage reported,Yes,10000.0,204.0,2.5,6.0
Porsche,Panamera 2,2011,104000.0,Gasoline,300.0HP 3.6L V6 Cylinder Engine Gasoline Fuel,Automatic,White,Black,,Yes,20900.0,300.0,3.6,6.0
Bmw,535 i xDrive,2013,46150.0,Gasoline,306.0HP 3.0L Straight 6 Cylinder Engine Gasoline Fuel,Dual Clutch,Silver,Black,At least 1 accident or damage reported,Yes,17000.0,306.0,3.0,6.0
Chevrolet,Silverado 2500 High Country,2022,18860.0,Diesel,445.0HP 6.6L 8 Cylinder Engine Diesel Fuel,Automatic,Blue,Gray,,Yes,74500.0,445.0,6.6,8.0
Mercedes-Benz,AMG C 63 Base,2017,28399.0,Gasoline,469.0HP 4.0L 8 Cylinder Engine Gasoline Fuel,Automatic,Gray,Black,,Yes,55600.0,469.0,4.0,8.0
Jeep,Wrangler Sahara,1998,136500.0,Gasoline,181.0HP 4.0L Straight 6 Cylinder Engine Gasoline Fuel,Manual,Black,Black,,Yes,6999.0,181.0,4.0,6.0
Porsche,Boxster S,2005,95170.0,Gasoline,280.0HP 3.2L Flat 6 Cylinder Engine Gasoline Fuel,Manual,Blue,Gray,,Yes,24900.0,280.0,3.2,6.0
Bmw,M3 Base,2006,95450.0,Gasoline,333.0HP 3.2L Straight 6 Cylinder Engine Gasoline Fuel,Manual,Gray,Gray,At least 1 accident or damage reported,Yes,42000.0,333.0,3.2,6.0
Chevrolet,Camaro LT1,2022,7652.0,Gasoline,6.2 Liter,Automatic,Blue,Jet Black,,,39998.0,,6.2,
Bmw,535 i xDrive,2011,169000.0,Gasoline,300.0HP 3.0L Straight 6 Cylinder Engine Gasoline Fuel,Dual Clutch,Black,White,At least 1 accident or damage reported,Yes,10999.0,300.0,3.0,6.0
Ram,1500 Laramie,2022,16744.0,Gasoline,5.7L V8 16V MPFI OHV,Automatic,Delmonico Red Pearlcoat,Black,,,46999.0,,5.7,8.0
Mercedes-Benz,Metris Base,2020,1025.0,Gasoline,2.0L I4 16V GDI DOHC Turbo,Automatic,Black,Beige,,Yes,299000.0,,2.0,
Chevrolet,Express 1500 Cargo,2004,152000.0,Gasoline,195.0HP 4.3L V6 Cylinder Engine Gasoline Fuel,Automatic,White,Gray,At least 1 accident or damage reported,Yes,7999.0,195.0,4.3,6.0
Bmw,X7 xDrive40i,2020,46000.0,Gasoline,335.0HP 3.0L Straight 6 Cylinder Engine Gasoline Fuel,Dual Clutch,Black,Black,,Yes,54999.0,335.0,3.0,6.0
Bmw,X7 xDrive40i,2022,8000.0,Hybrid,335.0HP 3.0L Straight 6 Cylinder Engine Gasoline/Mild Electric Hybrid,Automatic,Blue,Brown,,Yes,85000.0,335.0,3.0,6.0
Ferrari,F12berlinetta Base,2016,14770.0,Gasoline,6.3L V12 48V GDI DOHC,Automatic,Gray,–,,,254900.0,,6.3,12.0
Chevrolet,Silverado 2500 LT,2016,84421.0,E85 Flex Fuel,360.0HP 6.0L 8 Cylinder Engine Flex Fuel Capability,Automatic,White,Black,,Yes,36800.0,360.0,6.0,8.0
Mercedes-Benz,Maybach S 580 4MATIC,2022,4760.0,Gasoline,4.0L V8 32V GDI DOHC Twin Turbo,Automatic,Diamond White,Black,,Yes,229000.0,,4.0,8.0
Gmc,Sierra 1500 Denali,2021,44691.0,Gasoline,6.2L V8 16V GDI OHV,Automatic,White Frost Tri-Coat,Walnut,At least 1 accident or damage reported,,56900.0,,6.2,8.0
Mitsubishi,Outlander SEL,2022,11700.0,Gasoline,181.0HP 2.5L 4 Cylinder Engine Gasoline Fuel,Automatic,White,Black,,Yes,33000.0,181.0,2.5,4.0
Ford,Shelby GT350 Base,2019,2800.0,Gasoline,526.0HP 5.2L 8 Cylinder Engine Gasoline Fuel,Manual,Black,Black,,Yes,91000.0,526.0,5.2,8.0
Mini,Cooper Base,2010,58000.0,Gasoline,118.0HP 1.6L 4 Cylinder Engine Gasoline Fuel,Automatic,Gold,Black,,Yes,8000.0,118.0,1.6,4.0
Toyota,Prius Touring,2009,142500.0,Hybrid,76.0HP 1.5L 4 Cylinder Engine Gas/Electric Hybrid,Automatic,Blue,Beige,,Yes,6999.0,76.0,1.5,4.0
Cadillac,Escalade ESV Base,2007,191900.0,Gasoline,403.0HP 6.2L 8 Cylinder Engine Gasoline Fuel,Automatic,Black,Black,At least 1 accident or damage reported,Yes,9750.0,403.0,6.2,8.0
Audi,A6 2.0T Premium Plus,2016,63398.0,Gasoline,252.0HP 2.0L 4 Cylinder Engine Gasoline Fuel,Automatic,White,Gray,At least 1 accident or damage reported,Yes,19500.0,252.0,2.0,4.0
Chevrolet,Suburban 1500 LT,2008,162750.0,Gasoline,320.0HP 5.3L 8 Cylinder Engine Gasoline Fuel,,White,Black,At least 1 accident or damage reported,Yes,7200.0,320.0,5.3,8.0
Jaguar,XK R,2012,38383.0,Gasoline,510.0HP 5.0L 8 Cylinder Engine Gasoline Fuel,Automatic,White,Black,,Yes,36949.0,510.0,5.0,8.0
Porsche,911 Carrera GTS,2022,1837.0,Gasoline,3.0L H6 24V GDI DOHC Twin Turbo,Automatic,Aventurine Green Metallic,Agave Green,,,179900.0,,3.0,
Ford,F-250 XLT,2022,36294.0,Diesel,6.7L V8 32V DDI OHV Turbo Diesel,Automatic,Oxford White,Medium Earth Gray,,,77535.0,,6.7,8.0
Audi,A4 2.0T Premium,2011,90818.0,Gasoline,211.0HP 2.0L 4 Cylinder Engine Gasoline Fuel,Automatic,White,Black,At least 1 accident or damage reported,Yes,8300.0,211.0,2.0,4.0
Cadillac,ATS 2.0L Turbo,2018,32000.0,Gasoline,272.0HP 2.0L 4 Cylinder Engine Gasoline Fuel,Automatic,Gray,Black,,Yes,22999.0,272.0,2.0,4.0
Ford,Transit-350 Base,2019,94650.0,Gasoline,275.0HP 3.7L V6 Cylinder Engine Gasoline Fuel,Automatic,White,–,,Yes,37000.0,275.0,3.7,6.0
Mercedes-Benz,G-Class G 63 AMG,2014,49899.0,Gasoline,536.0HP 5.5L 8 Cylinder Engine Gasoline Fuel,Automatic,White,Black,,Yes,72999.0,536.0,5.5,8.0
Jeep,Wrangler Sahara,2011,55000.0,Gasoline,202.0HP 3.8L V6 Cylinder Engine Gasoline Fuel,Automatic,Red,Black,At least 1 accident or damage reported,Yes,35000.0,202.0,3.8,6.0
Bmw,M4 Base,2015,23700.0,Gasoline,425.0HP 3.0L Straight 6 Cylinder Engine Gasoline Fuel,Dual Clutch,Black,Black,,Yes,42800.0,425.0,3.0,6.0
Tesla,Model S P100D,2018,46000.0,,518.0HP Electric Motor Electric Fuel System,Automatic,White,Black,,Yes,59500.0,518.0,,
Maserati,Ghibli S GranLusso,2020,12118.0,Gasoline,424.0HP 3.0L V6 Cylinder Engine Gasoline Fuel,Automatic,Blue,Brown,,Yes,52900.0,424.0,3.0,6.0
Pontiac,Firebird Trans Am,2001,64000.0,Gasoline,310.0HP 5.7L 8 Cylinder Engine Gasoline Fuel,Manual,Blue,Beige,,Yes,21000.0,310.0,5.7,8.0
Ford,Expedition XLT,2022,22169.0,Gasoline,3.5L V6 24V PDI DOHC Twin Turbo,Automatic,Black,Sandstone,,Yes,57352.0,,3.5,6.0
Ferrari,812 Superfast Base,2020,1575.0,Gasoline,788.0HP 6.5L 12 Cylinder Engine Gasoline Fuel,Dual Clutch,Red,Black,,Yes,469900.0,788.0,6.5,12.0
Tesla,Model X Long Range Plus,2021,46897.0,,557.0HP Electric Motor Electric Fuel System,Automatic,Blue,Black,,Yes,69000.0,557.0,,
Land,Rover Range Rover P400 SE SWB,2022,3369.0,Hybrid,395.0HP 3.0L Straight 6 Cylinder Engine Gasoline/Mild Electric Hybrid,Automatic,White,Black,,Yes,139500.0,395.0,3.0,6.0
Bmw,535 i xDrive,2011,135000.0,Gasoline,300.0HP 3.0L Straight 6 Cylinder Engine Gasoline Fuel,Automatic,Blue,Beige,,Yes,9999.0,300.0,3.0,6.0
Bmw,428 i xDrive,2015,125000.0,Gasoline,240.0HP 2.0L 4 Cylinder Engine Gasoline Fuel,Automatic,White,Black,,Yes,15000.0,240.0,2.0,4.0
Cadillac,Escalade ESV Platinum,2017,134000.0,Gasoline,420.0HP 6.2L 8 Cylinder Engine Gasoline Fuel,Automatic,Gold,Brown,,Yes,32999.0,420.0,6.2,8.0
Bmw,X5 xDrive35i,2014,143250.0,Gasoline,300.0HP 3.0L Straight 6 Cylinder Engine Gasoline Fuel,Automatic,Black,White,,Yes,12999.0,300.0,3.0,6.0
Lexus,GX 460 Premium,2017,82975.0,Gasoline,301.0HP 4.6L 8 Cylinder Engine Gasoline Fuel,Automatic,White,Beige,,Yes,31000.0,301.0,4.6,8.0
Mini,Countryman Cooper S ALL4,2016,91700.0,Gasoline,181.0HP 1.6L 4 Cylinder Engine Gasoline Fuel,Manual,White,Black,,Yes,13999.0,181.0,1.6,4.0
Ford,F-150 XLT,2018,72393.0,Gasoline,325.0HP 2.7L V6 Cylinder Engine Gasoline Fuel,Automatic,Black,Black,,Yes,35000.0,325.0,2.7,6.0
Infiniti,QX60 Base,2016,71000.0,Gasoline,265.0HP 3.5L V6 Cylinder Engine Gasoline Fuel,Automatic,Black,Black,,Yes,21500.0,265.0,3.5,6.0
Lexus,RX 350 Base,2012,160900.0,Gasoline,270.0HP 3.5L V6 Cylinder Engine Gasoline Fuel,Automatic,Silver,Gray,,Yes,15000.0,270.0,3.5,6.0
Dodge,Charger Scat Pack,2020,40208.0,Gasoline,485.0HP 6.4L 8 Cylinder Engine Gasoline Fuel,Automatic,Red,Black,At least 1 accident or damage reported,Yes,38000.0,485.0,6.4,8.0
Lexus,IS 350 Base,2017,77300.0,Gasoline,306.0HP 3.5L V6 Cylinder Engine Gasoline Fuel,Automatic,White,Black,,Yes,30000.0,306.0,3.5,6.0
Nissan,NV200 SV,2017,16700.0,Gasoline,131.0HP 2.0L 4 Cylinder Engine Gasoline Fuel,Automatic,White,Black,,Yes,26500.0,131.0,2.0,4.0
Subaru,Impreza 2.0i Premium,2013,112000.0,Gasoline,148.0HP 2.0L 4 Cylinder Engine Gasoline Fuel,,Black,Beige,,Yes,9999.0,148.0,2.0,4.0
Bmw,M3 Base,2016,55250.0,Gasoline,425.0HP 3.0L Straight 6 Cylinder Engine Gasoline Fuel,Manual,Blue,White,,Yes,49999.0,425.0,3.0,6.0
Infiniti,QX80 Luxe,2020,69000.0,Gasoline,400.0HP 5.6L 8 Cylinder Engine Gasoline Fuel,Automatic,Gray,Black,,Yes,31450.0,400.0,5.6,8.0
Rolls-Royce,Phantom,2023,1560.0,,–,,Tempest,Cobalt Blue,,Yes,599995.0,,,
Ford,Mustang GT Premium,2016,40570.0,Gasoline,435.0HP 5.0L 8 Cylinder Engine Gasoline Fuel,Manual,Gray,Black,At least 1 accident or damage reported,Yes,30490.0,435.0,5.0,8.0
Toyota,RAV4 TRD Off Road,2020,46500.0,Gasoline,203.0HP 2.5L 4 Cylinder Engine Gasoline Fuel,Automatic,White,Black,,Yes,35200.0,203.0,2.5,4.0
Honda,S2000 Base,2000,26900.0,Gasoline,240.0HP 2.0L 4 Cylinder Engine Gasoline Fuel,Manual,Silver,Red,,Yes,35000.0,240.0,2.0,4.0
Jeep,Gladiator Sport,2021,5779.0,Gasoline,3.6L V6 24V MPFI DOHC,Automatic,Firecracker Red Clearcoat,Black,,,41329.0,,3.6,6.0
Ford,Bronco Big Bend Advanced,2023,12000.0,Gasoline,275.0HP 2.3L 4 Cylinder Engine Gasoline Fuel,Automatic,Black,–,,Yes,54000.0,275.0,2.3,4.0
Ford,Expedition Timberline,2022,30301.0,Gasoline,3.5L V6 24V PDI DOHC Twin Turbo,Automatic,Dark Matter Metallic,Deep Cypress,,Yes,68420.0,,3.5,6.0
Toyota,Sequoia TRD Pro,2023,600.0,Hybrid,437.0HP 3.4L V6 Cylinder Engine Gas/Electric Hybrid,Automatic,Orange,Black,,Yes,91995.0,437.0,3.4,6.0
Plymouth,Prowler Base,2001,22300.0,Gasoline,253.0HP 3.5L V6 Cylinder Engine Gasoline Fuel,Automatic,Blue,Gray,,Yes,28500.0,253.0,3.5,6.0
Alfa,Romeo Giulia Ti,2023,9275.0,Gasoline,2.0L I4 16V GDI SOHC Turbo,Automatic,Alfa White,Black,,,43900.0,,2.0,
Chevrolet,Suburban 1500 LS,2004,171750.0,E85 Flex Fuel,295.0HP 5.3L 8 Cylinder Engine Flex Fuel Capability,Automatic,White,Beige,At least 1 accident or damage reported,Yes,12998.0,295.0,5.3,8.0
Mitsubishi,Lancer Evolution GSR,2013,76500.0,Gasoline,291.0HP 2.0L 4 Cylinder Engine Gasoline Fuel,Manual,Black,Black,,Yes,28000.0,291.0,2.0,4.0
Mercedes-Benz,AMG GLE 43 Coupe 4MATIC,2018,49000.0,Gasoline,385.0HP 3.0L V6 Cylinder Engine Gasoline Fuel,Automatic,Blue,Brown,At least 1 accident or damage reported,Yes,42995.0,385.0,3.0,6.0
Audi,R8 5.2 quattro Spyder,2011,75000.0,Gasoline,525.0HP 5.2L 10 Cylinder Engine Gasoline Fuel,Dual Clutch,White,Brown,At least 1 accident or damage reported,Yes,74000.0,525.0,5.2,10.0
Ford,Escape XLT,2007,133300.0,Gasoline,153.0HP 2.3L 4 Cylinder Engine Gasoline Fuel,Automatic,Silver,Silver,,Yes,3000.0,153.0,2.3,4.0
Bmw,X5 3.0si,2007,99700.0,Gasoline,260.0HP 3.0L Straight 6 Cylinder Engine Gasoline Fuel,Automatic,Black,Black,,Yes,8500.0,260.0,3.0,6.0
Chevrolet,Camaro 2LT,2011,126700.0,Gasoline,312.0HP 3.6L V6 Cylinder Engine Gasoline Fuel,Dual Clutch,White,Beige,At least 1 accident or damage reported,Yes,14000.0,312.0,3.6,6.0
Bmw,340 i,2016,28000.0,Gasoline,320.0HP 3.0L Straight 6 Cylinder Engine Gasoline Fuel,Manual,Black,Red,,Yes,36995.0,320.0,3.0,6.0
Mercedes-Benz,SL-Class SL 550,2012,21300.0,Gasoline,382.0HP 5.5L 8 Cylinder Engine Gasoline Fuel,Automatic,Silver,Red,At least 1 accident or damage reported,Yes,38500.0,382.0,5.5,8.0
Cadillac,Escalade Platinum,2019,92000.0,Gasoline,420.0HP 6.2L 8 Cylinder Engine Gasoline Fuel,Automatic,Black,Black,,Yes,51900.0,420.0,6.2,8.0
Chevrolet,Silverado 3500 LTZ,2018,92149.0,Diesel,6.6L V8 32V DDI OHV Turbo Diesel,Automatic,Black,Jet Black,,,52889.0,,6.6,8.0
Lexus,RC F Base,2015,25756.0,Gasoline,467.0HP 5.0L 8 Cylinder Engine Gasoline Fuel,Automatic,Black,Black,,Yes,49995.0,467.0,5.0,8.0
Kia,Forte GT-Line,2021,24534.0,Gasoline,147.0HP 2.0L 4 Cylinder Engine Gasoline Fuel,,White,Black,,Yes,21900.0,147.0,2.0,4.0
Land,Rover Range Rover Sport Supercharged Dynamic,2018,58100.0,Gasoline,518.0HP 5.0L 8 Cylinder Engine Gasoline Fuel,Automatic,Red,Black,,Yes,53499.0,518.0,5.0,8.0
Nissan,Titan S,2017,20220.0,Gasoline,390.0HP 5.6L 8 Cylinder Engine Gasoline Fuel,Automatic,White,Gray,,Yes,32324.0,390.0,5.6,8.0
Honda,Accord EX-L 2.0T,2019,40069.0,Gasoline,252.0HP 2.0L 4 Cylinder Engine Gasoline Fuel,Automatic,White,Black,At least 1 accident or damage reported,Yes,27500.0,252.0,2.0,4.0
Subaru,WRX Base,2017,60930.0,Gasoline,268.0HP 2.0L 4 Cylinder Engine Gasoline Fuel,Manual,Blue,Black,,Yes,23750.0,268.0,2.0,4.0
Audi,A4 2.0T Titanium Premium,2019,7300.0,Gasoline,188.0HP 2.0L 4 Cylinder Engine Gasoline Fuel,Automatic,White,Gray,,Yes,27900.0,188.0,2.0,4.0
Ford,Mustang EcoBoost Premium,2018,34000.0,,–,Automatic,Blue,Gray,At least 1 accident or damage reported,Yes,25000.0,,,
Chevrolet,Avalanche 1500 LS,2012,56000.0,E85 Flex Fuel,320.0HP 5.3L 8 Cylinder Engine Flex Fuel Capability,Automatic,Red,Black,At least 1 accident or damage reported,Yes,18000.0,320.0,5.3,8.0
Mercedes-Benz,CLA-Class CLA 250,2014,136000.0,Gasoline,208.0HP 2.0L 4 Cylinder Engine Gasoline Fuel,Dual Clutch,Gray,Black,At least 1 accident or damage reported,Yes,12000.0,208.0,2.0,4.0
Bmw,228 Gran Coupe i xDrive,2020,31100.0,Gasoline,228.0HP 2.0L 4 Cylinder Engine Gasoline Fuel,Automatic,Blue,White,,Yes,26999.0,228.0,2.0,4.0
Maserati,GranTurismo Base,2012,12100.0,Gasoline,440.0HP 4.7L 8 Cylinder Engine Gasoline Fuel,Dual Clutch,Blue,Beige,,Yes,37900.0,440.0,4.7,8.0
Ford,Expedition Platinum,2021,51902.0,Gasoline,3.5L V6 24V PDI DOHC Twin Turbo,Automatic,Red,Ceramic,,Yes,57480.0,,3.5,6.0
Audi,S4 Base,2007,93000.0,Gasoline,340.0HP 4.2L 8 Cylinder Engine Gasoline Fuel,Manual,Black,Black,At least 1 accident or damage reported,Yes,10995.0,340.0,4.2,8.0
Land,Rover Range Rover Sport Supercharged HSE,2016,99915.0,Gasoline,340.0HP 3.0L V6 Cylinder Engine Gasoline Fuel,Automatic,Blue,White,At least 1 accident or damage reported,Yes,26500.0,340.0,3.0,6.0
Ford,Mustang Mach-E GT,2022,7661.0,,Electric,Automatic,Star White,Black Onyx,,,49599.0,,,
Chevrolet,Tahoe LTZ,2007,177000.0,E85 Flex Fuel,320.0HP 5.3L 8 Cylinder Engine Flex Fuel Capability,Automatic,Gold,Beige,At least 1 accident or damage reported,Yes,10750.0,320.0,5.3,8.0
Nissan,Xterra S,2008,100900.0,Gasoline,261.0HP 4.0L V6 Cylinder Engine Gasoline Fuel,Automatic,Black,Gray,,Yes,6999.0,261.0,4.0,6.0
Infiniti,Q60 3.0T Premium,2017,107380.0,Gasoline,300.0HP 3.0L V6 Cylinder Engine Gasoline Fuel,Automatic,Black,Gray,At least 1 accident or damage reported,Yes,17500.0,300.0,3.0,6.0
Ford,F-150 Raptor,2021,32957.0,Gasoline,3.5L V6 24V PDI DOHC Twin Turbo,Automatic,Oxford White,Black,,,77900.0,,3.5,6.0
Acura,TLX Base,2016,45000.0,Gasoline,206.0HP 2.4L 4 Cylinder Engine Gasoline Fuel,Automatic,Gray,Blue,,Yes,16500.0,206.0,2.4,4.0
Nissan,Frontier SV,2013,67000.0,Gasoline,261.0HP 4.0L V6 Cylinder Engine Gasoline Fuel,Automatic,Blue,Gray,,Yes,15500.0,261.0,4.0,6.0
Chevrolet,Camaro 1SS,2021,12600.0,Gasoline,455.0HP 6.2L 8 Cylinder Engine Gasoline Fuel,Manual,Gray,Black,,Yes,47000.0,455.0,6.2,8.0
Porsche,Panamera 4,2018,24882.0,Gasoline,330.0HP 3.0L V6 Cylinder Engine Gasoline Fuel,Dual Clutch,White,Black,,Yes,59800.0,330.0,3.0,6.0
Acura,TLX PMC Edition,2020,6900.0,Gasoline,290.0HP 3.5L V6 Cylinder Engine Gasoline Fuel,Automatic,Red,Black,,Yes,43500.0,290.0,3.5,6.0
Kia,Sorento EX V6,2019,66075.0,Gasoline,3.3L V6 24V GDI DOHC,Automatic,Titanium Silver,Satin Black,,,23754.0,,3.3,6.0
Hyundai,Palisade SEL,2021,68050.0,Gasoline,291.0HP 3.8L V6 Cylinder Engine Gasoline Fuel,Automatic,Black,Black,,Yes,29600.0,291.0,3.8,6.0
Ford,F-250 Lariat,2017,128000.0,Diesel,440.0HP 6.7L 8 Cylinder Engine Diesel Fuel,Automatic,Gray,Black,,Yes,50000.0,440.0,6.7,8.0
Bmw,430 i,2021,9472.0,Gasoline,255.0HP 2.0L 4 Cylinder Engine Gasoline Fuel,Automatic,White,Blue,,Yes,51000.0,255.0,2.0,4.0
Mitsubishi,Lancer GTS,2009,185963.0,Gasoline,168.0HP 2.4L 4 Cylinder Engine Gasoline Fuel,,Orange,Gray,At least 1 accident or damage reported,Yes,5100.0,168.0,2.4,4.0
Nissan,NV200 S,2019,52000.0,Gasoline,131.0HP 2.0L 4 Cylinder Engine Gasoline Fuel,,Black,Gray,At least 1 accident or damage reported,Yes,19500.0,131.0,2.0,4.0
Buick,Enclave Leather,2015,68653.0,Gasoline,288.0HP 3.6L V6 Cylinder Engine Gasoline Fuel,Automatic,Blue,Black,At least 1 accident or damage reported,Yes,18950.0,288.0,3.6,6.0
Lexus,RX 330 Base,2004,151896.0,Gasoline,230.0HP 3.3L V6 Cylinder Engine Gasoline Fuel,Automatic,Silver,Gray,,Yes,7900.0,230.0,3.3,6.0
Lexus,RX 450h F Sport,2019,43671.0,Hybrid,3.5L V6 24V PDI DOHC Hybrid,Automatic,Caviar,Rioja Red,,,44950.0,,3.5,6.0
Ford,F-250 Lariat,2017,72128.0,E85 Flex Fuel,6.2L V8 16V MPFI SOHC Flexible Fuel,Automatic,White,Camel,,,45985.0,,6.2,8.0
Kia,Forte Koup EX,2013,134207.0,Gasoline,156.0HP 2.0L 4 Cylinder Engine Gasoline Fuel,Automatic,Black,–,At least 1 accident or damage reported,Yes,5500.0,156.0,2.0,4.0
Gmc,Terrain SLE,2020,26470.0,Gasoline,1.5L I4 16V GDI DOHC Turbo,Automatic,Summit White,Jet Black,,Yes,29900.0,,1.5,
Porsche,Macan Base,2018,82300.0,Gasoline,252.0HP 2.0L 4 Cylinder Engine Gasoline Fuel,Automatic,Black,Black,,Yes,35000.0,252.0,2.0,4.0
Lexus,RC 350 Base,2015,124000.0,Gasoline,306.0HP 3.5L V6 Cylinder Engine Gasoline Fuel,Dual Clutch,Blue,Blue,,Yes,24000.0,306.0,3.5,6.0
Audi,S4 3.0T Premium Plus,2020,23823.0,Gasoline,3.0L V6 24V GDI DOHC Turbo,Automatic,Tango Red Metallic,Black,,Yes,49995.0,,3.0,6.0
Gmc,Yukon SLT,2002,222600.0,Gasoline,275.0HP 4.8L 8 Cylinder Engine Gasoline Fuel,Automatic,Gray,Beige,,Yes,4999.0,275.0,4.8,8.0
Lamborghini,Urus Base,2021,9500.0,Gasoline,641.0HP 4.0L 8 Cylinder Engine Gasoline Fuel,Automatic,White,Black,,Yes,279900.0,641.0,4.0,8.0
Infiniti,QX60 Base,2014,154247.0,Gasoline,265.0HP 3.5L V6 Cylinder Engine Gasoline Fuel,Automatic,Black,Black,At least 1 accident or damage reported,Yes,12500.0,265.0,3.5,6.0
Chevrolet,Silverado 2500 LTZ H/D Extended Cab,2008,128000.0,Gasoline,353.0HP 6.0L 8 Cylinder Engine Gasoline Fuel,Automatic,Beige,Black,,Yes,23500.0,353.0,6.0,8.0
Maserati,GranTurismo Base,2008,70000.0,Gasoline,405.0HP 4.2L 8 Cylinder Engine Gasoline Fuel,Automatic,Blue,Brown,At least 1 accident or damage reported,Yes,13000.0,405.0,4.2,8.0
Acura,Integra GS-R,1995,123000.0,,–,Manual,White,Blue,,Yes,10999.0,,,
Bmw,X6 M Base,2016,52375.0,Gasoline,567.0HP 4.4L 8 Cylinder Engine Gasoline Fuel,Automatic,White,Brown,At least 1 accident or damage reported,Yes,48600.0,567.0,4.4,8.0
Chrysler,300 S,2016,100574.0,Gasoline,300.0HP 3.6L V6 Cylinder Engine Gasoline Fuel,Automatic,Black,Black,At least 1 accident or damage reported,Yes,17500.0,300.0,3.6,6.0
Chrysler,300 Base,2014,85000.0,Gasoline,292.0HP 3.6L V6 Cylinder Engine Gasoline Fuel,Automatic,White,–,At least 1 accident or damage reported,Yes,11250.0,292.0,3.6,6.0
Acura,RDX w/A-Spec Package,2023,3959.0,Gasoline,2.0 Liter DOHC Turbo,Automatic,White,Black,,,48998.0,,2.0,
Chevrolet,Corvette Stingray w/1LT,2021,10400.0,Gasoline,490.0HP 6.2L 8 Cylinder Engine Gasoline Fuel,Automatic,Silver,Black,,Yes,72900.0,490.0,6.2,8.0
Chevrolet,Camaro 1SS,2019,19200.0,Gasoline,455.0HP 6.2L 8 Cylinder Engine Gasoline Fuel,Manual,Orange,Black,,Yes,41500.0,455.0,6.2,8.0
Mercedes-Benz,E-Class E 350 4MATIC,2013,81000.0,Gasoline,302.0HP 3.5L V6 Cylinder Engine Gasoline Fuel,Automatic,Gray,Beige,At least 1 accident or damage reported,Yes,13000.0,302.0,3.5,6.0
Ford,F-150 Raptor,2022,17451.0,Gasoline,3.5L V6 24V PDI DOHC Twin Turbo,Automatic,Oxford White,Rhapsody Blue,,,77900.0,,3.5,6.0
Nissan,Versa 1.8 S,2011,165000.0,Gasoline,122.0HP 1.8L 4 Cylinder Engine Gasoline Fuel,Automatic,Black,–,,Yes,4000.0,122.0,1.8,4.0
Bmw,M3 CS,2024,124.0,Gasoline,543.0HP 3.0L Straight 6 Cylinder Engine Gasoline Fuel,Dual Clutch,Green,Black,,Yes,145000.0,543.0,3.0,6.0
Hyundai,Accent GLS,2013,117500.0,Gasoline,138.0HP 1.6L 4 Cylinder Engine Gasoline Fuel,Automatic,Silver,Gray,At least 1 accident or damage reported,Yes,6500.0,138.0,1.6,4.0
Mercedes-Benz,S-Class S 450 4MATIC,2018,72500.0,Gasoline,362.0HP 3.0L V6 Cylinder Engine Gasoline Fuel,Automatic,Black,Black,,Yes,60000.0,362.0,3.0,6.0
Porsche,911 GT3,2023,265.0,Gasoline,4.0L H6 24V GDI DOHC,Manual,Black,Gray,,Yes,279950.0,,4.0,
Mercedes-Benz,AMG GT 63 S 4-Door,2020,21214.0,Gasoline,4.0L V8 32V GDI DOHC Twin Turbo,Automatic,Obsidian Black Metallic,Black,,,117900.0,,4.0,8.0
Audi,Q5 3.0 TDI Premium Plus,2014,55564.0,Diesel,240.0HP 3.0L V6 Cylinder Engine Diesel Fuel,Automatic,Black,Black,At least 1 accident or damage reported,Yes,22500.0,240.0,3.0,6.0
Cadillac,LYRIQ Luxury,2023,1090.0,,500.0HP Electric Motor Electric Fuel System,Automatic,Gray,Silver,,Yes,68750.0,500.0,,
Volvo,XC60 T5 R-Design,2019,43500.0,Gasoline,250.0HP 2.0L 4 Cylinder Engine Gasoline Fuel,Dual Clutch,Gray,Black,,Yes,30000.0,250.0,2.0,4.0
Mercedes-Benz,AMG GT 53 Base,2019,35000.0,Hybrid,429.0HP 3.0L Straight 6 Cylinder Engine Gasoline/Mild Electric Hybrid,Dual Clutch,Black,Black,,Yes,83000.0,429.0,3.0,6.0
Gmc,Yukon SLT,2017,92031.0,Gasoline,355.0HP 5.3L 8 Cylinder Engine Gasoline Fuel,Automatic,White,Beige,At least 1 accident or damage reported,Yes,30000.0,355.0,5.3,8.0
Lexus,GS 350 Base,2016,128032.0,Gasoline,311.0HP 3.5L V6 Cylinder Engine Gasoline Fuel,Dual Clutch,Silver,Black,,Yes,18000.0,311.0,3.5,6.0
Jaguar,XF 25t Premium,2018,18800.0,Gasoline,247.0HP 2.0L 4 Cylinder Engine Gasoline Fuel,Automatic,White,White,,Yes,26000.0,247.0,2.0,4.0
Bmw,M8 Gran Coupe Competition,2023,2900.0,Gasoline,617.0HP 4.4L 8 Cylinder Engine Gasoline Fuel,Automatic,Green,Gray,,Yes,117500.0,617.0,4.4,8.0
Honda,Ridgeline Black Edition,2017,91600.0,Gasoline,280.0HP 3.5L V6 Cylinder Engine Gasoline Fuel,Automatic,Black,Black,,Yes,26000.0,280.0,3.5,6.0
Toyota,4Runner SR5,2019,91843.0,Gasoline,270.0HP 4.0L V6 Cylinder Engine Gasoline Fuel,Automatic,Blue,Black,At least 1 accident or damage reported,Yes,30500.0,270.0,4.0,6.0
Ford,Bronco Sport Outer Banks,2021,28105.0,Gasoline,1.5L I3 12V PDI DOHC Turbo,Automatic,Kodiak Brown Metallic,Ebony,,,32455.0,,1.5,
Dodge,Charger R/T 392,2017,73350.0,Gasoline,485.0HP 6.4L 8 Cylinder Engine Gasoline Fuel,Automatic,Gray,Red,,Yes,37000.0,485.0,6.4,8.0
Mercedes-Benz,GLC 300 GLC 300,2022,11875.0,Gasoline,2.0 Liter Turbo,Automatic,Black,Black,,,41598.0,,2.0,
Tesla,Model S P100D,2018,47000.0,,518.0HP Electric Motor Electric Fuel System,Automatic,Black,Black,,Yes,49900.0,518.0,,
Infiniti,Q50 3.0t Signature Edition,2017,67000.0,Gasoline,300.0HP 3.0L V6 Cylinder Engine Gasoline Fuel,Dual Clutch,Black,Black,,Yes,23000.0,300.0,3.0,6.0
Bmw,340 i,2016,117660.0,Gasoline,320.0HP 3.0L Straight 6 Cylinder Engine Gasoline Fuel,Automatic,White,Black,At least 1 accident or damage reported,Yes,19500.0,320.0,3.0,6.0
Pontiac,Firebird Trans Am,2001,71448.0,Gasoline,200.0HP 3.8L V6 Cylinder Engine Gasoline Fuel,Automatic,Gray,Black,,Yes,10500.0,200.0,3.8,6.0
Nissan,NV Passenger NV3500 HD SV V8,2015,86000.0,Gasoline,317.0HP 5.6L 8 Cylinder Engine Gasoline Fuel,Automatic,Silver,Gray,,Yes,29500.0,317.0,5.6,8.0
Lexus,ES 350 Base,2020,15324.0,Gasoline,3.5L V6 24V PDI DOHC,Automatic,Black,Black,At least 1 accident or damage reported,,33364.0,,3.5,6.0
Bmw,135 is,2013,29400.0,Gasoline,320.0HP 3.0L Straight 6 Cylinder Engine Gasoline Fuel,Manual,White,Beige,,Yes,29000.0,320.0,3.0,6.0
Lexus,IS 300 Base,2017,68871.0,Gasoline,255.0HP 3.5L V6 Cylinder Engine Gasoline Fuel,Automatic,Silver,Red,,Yes,28450.0,255.0,3.5,6.0
Porsche,Cayenne S,2012,126000.0,Gasoline,400.0HP 4.8L 8 Cylinder Engine Gasoline Fuel,Dual Clutch,Silver,Gray,,Yes,17999.0,400.0,4.8,8.0
Pontiac,Solstice GXP,2007,25718.0,Gasoline,260.0HP 2.0L 4 Cylinder Engine Gasoline Fuel,Manual,Yellow,Black,,Yes,17900.0,260.0,2.0,4.0
Porsche,Panamera Turbo,2015,67210.0,Gasoline,520.0HP 4.8L 8 Cylinder Engine Gasoline Fuel,Dual Clutch,Blue,Beige,At least 1 accident or damage reported,Yes,51950.0,520.0,4.8,8.0
Bmw,X6 xDrive35i,2018,27214.0,Gasoline,300.0HP 3.0L Straight 6 Cylinder Engine Gasoline Fuel,Dual Clutch,Black,Black,At least 1 accident or damage reported,Yes,40950.0,300.0,3.0,6.0
Ford,F-150 Limited,2019,42728.0,Gasoline,450.0HP 3.5L V6 Cylinder Engine Gasoline Fuel,Dual Clutch,Black,Brown,,Yes,45950.0,450.0,3.5,6.0
Mini,Cooper S Base,2010,97395.0,Gasoline,172.0HP 1.6L 4 Cylinder Engine Gasoline Fuel,Manual,Yellow,Black,,Yes,6699.0,172.0,1.6,4.0
Mazda,Mazda3 i SV,2015,91700.0,Gasoline,155.0HP 2.0L 4 Cylinder Engine Gasoline Fuel,Automatic,Red,Black,,Yes,12000.0,155.0,2.0,4.0
Mitsubishi,Lancer Evolution MR,2011,94500.0,Gasoline,291.0HP 2.0L 4 Cylinder Engine Gasoline Fuel,Dual Clutch,White,Black,,Yes,27000.0,291.0,2.0,4.0
Chevrolet,Tahoe LTZ,2014,196300.0,E85 Flex Fuel,320.0HP 5.3L 8 Cylinder Engine Flex Fuel Capability,Automatic,Black,Black,,Yes,10995.0,320.0,5.3,8.0
Cadillac,CTS 3.6L Luxury,2015,54259.0,Gasoline,3.6L V6 24V GDI DOHC,Automatic,Majestic Plum Metallic,Light Platinum / Jet Black,,Yes,19425.0,,3.6,6.0
Acura,RDX w/Advance Package,2021,36267.0,Gasoline,2.0 Liter Turbo,Automatic,White,Parchment,,,39798.0,,2.0,
Land,Rover Range Rover Sport Supercharged HSE,2015,175000.0,Gasoline,340.0HP 3.0L V6 Cylinder Engine Gasoline Fuel,Automatic,Black,Black,,Yes,19500.0,340.0,3.0,6.0
Chevrolet,Suburban 1500 LTZ,2015,159000.0,Gasoline,355.0HP 5.3L 8 Cylinder Engine Gasoline Fuel,Automatic,White,Beige,At least 1 accident or damage reported,Yes,26900.0,355.0,5.3,8.0
Chevrolet,Camaro 2SS,2016,74000.0,Gasoline,455.0HP 6.2L 8 Cylinder Engine Gasoline Fuel,Automatic,Black,Black,,Yes,32000.0,455.0,6.2,8.0
Chevrolet,Silverado 1500 Hybrid 1HY,2011,82963.0,Hybrid,332.0HP 6.0L 8 Cylinder Engine Gas/Electric Hybrid,Automatic,White,Black,,Yes,20995.0,332.0,6.0,8.0
Cadillac,XT5 Luxury,2019,54323.0,Gasoline,3.6 Liter DOHC,Automatic,Red,Beige,,,27998.0,,3.6,
Nissan,Armada SL,2019,59980.0,Gasoline,390.0HP 5.6L 8 Cylinder Engine Gasoline Fuel,Automatic,Silver,Black,,Yes,29000.0,390.0,5.6,8.0
Audi,Q5 S line Premium,2022,10120.0,Hybrid,2.0 Liter TFSI,Automatic,Navarre Blue,Gray,,,39998.0,,2.0,
Bmw,X6 M Base,2017,25000.0,Gasoline,567.0HP 4.4L 8 Cylinder Engine Gasoline Fuel,Dual Clutch,White,Red,At least 1 accident or damage reported,Yes,65000.0,567.0,4.4,8.0
Bmw,740 i,2012,126000.0,Gasoline,326.0HP 3.0L Straight 6 Cylinder Engine Gasoline Fuel,Automatic,Black,Black,At least 1 accident or damage reported,Yes,12700.0,326.0,3.0,6.0
Toyota,Sequoia TRD Pro,2020,37428.0,Gasoline,381.0HP 5.7L 8 Cylinder Engine Gasoline Fuel,Automatic,White,Black,,Yes,61599.0,381.0,5.7,8.0
Volkswagen,Jetta GLI,2014,99499.0,Gasoline,210.0HP 2.0L 4 Cylinder Engine Gasoline Fuel,Dual Clutch,Black,Black,At least 1 accident or damage reported,Yes,15000.0,210.0,2.0,4.0
Honda,Crosstour EX-L,2012,90742.0,Gasoline,192.0HP 2.4L 4 Cylinder Engine Gasoline Fuel,Automatic,Gray,Gray,,Yes,12980.0,192.0,2.4,4.0
Land,Rover Range Rover Sport Supercharged,2014,125000.0,E85 Flex Fuel,510.0HP 5.0L 8 Cylinder Engine Flex Fuel Capability,Automatic,White,Brown,At least 1 accident or damage reported,Yes,22500.0,510.0,5.0,8.0
Hyundai,Santa Fe Sport 2.0L Turbo Ultimate,2018,71669.0,Gasoline,240.0HP 2.0L 4 Cylinder Engine Gasoline Fuel,Automatic,Blue,Black,,Yes,20000.0,240.0,2.0,4.0
Cadillac,XT5 Luxury,2019,44692.0,Gasoline,3.6L V6 24V GDI DOHC,Automatic,Bronze Dune Metallic,Shara Beige,,,32368.0,,3.6,6.0
Jaguar,F-TYPE R,2018,16002.0,Gasoline,550.0HP 5.0L 8 Cylinder Engine Gasoline Fuel,Automatic,Black,Red,,Yes,74900.0,550.0,5.0,8.0
Toyota,FJ Cruiser Base,2014,86000.0,Gasoline,260.0HP 4.0L V6 Cylinder Engine Gasoline Fuel,Automatic,Blue,Black,,Yes,41500.0,260.0,4.0,6.0
Toyota,Tundra SR5,2019,56000.0,Gasoline,381.0HP 5.7L 8 Cylinder Engine Gasoline Fuel,Automatic,Blue,Black,,Yes,42000.0,381.0,5.7,8.0
Nissan,300ZX Base,1993,168000.0,,–,Manual,White,Black,,Yes,7000.0,,,
Ram,1500 Sport,2017,41789.0,Gasoline,395.0HP 5.7L 8 Cylinder Engine Gasoline Fuel,Automatic,Green,Black,At least 1 accident or damage reported,Yes,42500.0,395.0,5.7,8.0
Ford,Focus SE,2014,60109.0,E85 Flex Fuel,160.0HP 2.0L 4 Cylinder Engine Flex Fuel Capability,Automatic,Gray,Black,,Yes,9499.0,160.0,2.0,4.0
Mercedes-Benz,GLE 350 Base 4MATIC,2020,48000.0,Gasoline,255.0HP 2.0L 4 Cylinder Engine Gasoline Fuel,Automatic,Black,Black,,Yes,49995.0,255.0,2.0,4.0
Acura,TL Type S,2008,122000.0,Gasoline,286.0HP 3.5L V6 Cylinder Engine Gasoline Fuel,Dual Clutch,Gray,Beige,,Yes,11500.0,286.0,3.5,6.0
Land,Rover Range Rover HSE,2012,102800.0,Gasoline,385.0HP 5.0L 8 Cylinder Engine Gasoline Fuel,Automatic,Gold,Brown,,Yes,16000.0,385.0,5.0,8.0
Mini,Convertible Cooper,2022,15544.0,Gasoline,134.0HP 1.5L 3 Cylinder Engine Gasoline Fuel,Automatic,Blue,Brown,,,28000.0,134.0,1.5,3.0
Mazda,CX-9 Signature,2019,69771.0,Gasoline,227.0HP 2.5L 4 Cylinder Engine Gasoline Fuel,Automatic,Black,Red,,Yes,27500.0,227.0,2.5,4.0
Acura,TLX Tech,2023,2118.0,Gasoline,2.0 Liter DOHC Turbo,Automatic,Red,Black,,,41998.0,,2.0,
Ford,F-150 Raptor,2021,28260.0,Gasoline,450.0HP 3.5L V6 Cylinder Engine Gasoline Fuel,Automatic,Blue,Blue,,Yes,72950.0,450.0,3.5,6.0
Honda,Civic Si Base,2020,6025.0,Gasoline,205.0HP 1.5L 4 Cylinder Engine Gasoline Fuel,Manual,Gray,Gray,,Yes,27500.0,205.0,1.5,4.0
Hyundai,Elantra SE,2018,32697.0,Gasoline,147.0HP 2.0L 4 Cylinder Engine Gasoline Fuel,Automatic,Gray,Gray,At least 1 accident or damage reported,Yes,15900.0,147.0,2.0,4.0
Ford,Excursion Limited,2001,239000.0,Gasoline,310.0HP 6.8L 10 Cylinder Engine Gasoline Fuel,Automatic,White,–,,Yes,8000.0,310.0,6.8,10.0
Jaguar,F-TYPE S British Design Edition,2017,34150.0,Gasoline,380.0HP 3.0L V6 Cylinder Engine Gasoline Fuel,Automatic,Black,Black,,Yes,45999.0,380.0,3.0,6.0
Honda,Ridgeline RTL-E,2022,9642.0,Gasoline,3.5L V6 24V GDI SOHC,Automatic,Radiant Red Metallic II,Black,,,38999.0,,3.5,6.0
Pontiac,G6 GTP,2006,100545.0,Gasoline,201.0HP 3.5L V6 Cylinder Engine Gasoline Fuel,Automatic,Gray,Black,,Yes,5995.0,201.0,3.5,6.0
Mercedes-Benz,C-Class C300 4MATIC,2021,11111.0,Gasoline,2.0 Liter Turbo,Automatic,Gray,Black,,,38998.0,,2.0,
Toyota,FJ Cruiser Base,2007,162000.0,Gasoline,239.0HP 4.0L V6 Cylinder Engine Gasoline Fuel,Automatic,Black,Black,,Yes,23977.0,239.0,4.0,6.0
Buick,Enclave Premium,2020,87555.0,Gasoline,3.6L V6 24V GDI DOHC,Automatic,Dark Moon Blue Metallic,Dark Galvanized,At least 1 accident or damage reported,Yes,31650.0,,3.6,6.0
Chevrolet,Tahoe LTZ,2015,102200.0,Gasoline,355.0HP 5.3L 8 Cylinder Engine Gasoline Fuel,Automatic,Silver,Black,,Yes,25000.0,355.0,5.3,8.0
Bentley,Continental GTC V8,2013,18950.0,Gasoline,500.0HP 4.0L 8 Cylinder Engine Gasoline Fuel,Dual Clutch,White,Black,,Yes,77999.0,500.0,4.0,8.0
Mercedes-Benz,SLK-Class SLK 350,2015,16000.0,Gasoline,302.0HP 3.5L V6 Cylinder Engine Gasoline Fuel,Automatic,White,Red,At least 1 accident or damage reported,Yes,30500.0,302.0,3.5,6.0
Cadillac,Escalade Premium Luxury,2022,19250.0,Gasoline,420.0HP 6.2L 8 Cylinder Engine Gasoline Fuel,Automatic,Black,Black,,Yes,86999.0,420.0,6.2,8.0
Bmw,535 i xDrive,2015,65000.0,Gasoline,300.0HP 3.0L Straight 6 Cylinder Engine Gasoline Fuel,Dual Clutch,Silver,Black,,Yes,24995.0,300.0,3.0,6.0
Mini,Cooper S Base,2007,110022.0,Gasoline,172.0HP 1.6L 4 Cylinder Engine Gasoline Fuel,Manual,Silver,Black,,Yes,6250.0,172.0,1.6,4.0
Bentley,Continental GT Base,2012,79089.0,E85 Flex Fuel,567.0HP 6.0L 12 Cylinder Engine Flex Fuel Capability,Automatic,White,Beige,,Yes,46999.0,567.0,6.0,12.0
Lexus,GX 460 Premium,2023,2533.0,Gasoline,301.0HP 4.6L 8 Cylinder Engine Gasoline Fuel,Automatic,Black,Black,,Yes,64900.0,301.0,4.6,8.0
Audi,Q7 3.0T Premium Plus,2014,96273.0,Gasoline,280.0HP 3.0L V6 Cylinder Engine Gasoline Fuel,Automatic,Silver,Black,At least 1 accident or damage reported,Yes,15495.0,280.0,3.0,6.0
Cadillac,CT6 Luxury,2020,22187.0,Gasoline,3.6L V6 24V GDI DOHC,Automatic,Manhattan Noir Metallic,Shara Beige,At least 1 accident or damage reported,Yes,45480.0,,3.6,6.0
Gmc,Sierra 1500 SL Crew Cab,2009,137000.0,Gasoline,295.0HP 4.8L 8 Cylinder Engine Gasoline Fuel,Automatic,Red,–,,Yes,20000.0,295.0,4.8,8.0
Nissan,GT-R Premium,2009,60747.0,Gasoline,480.0HP 3.8L V6 Cylinder Engine Gasoline Fuel,Automatic,White,–,At least 1 accident or damage reported,Yes,71999.0,480.0,3.8,6.0
Dodge,Ram 1500 ST,2007,36500.0,Gasoline,210.0HP 3.7L V6 Cylinder Engine Gasoline Fuel,Automatic,Blue,Gray,,Yes,16000.0,210.0,3.7,6.0
Ford,Bronco Outer Banks,2021,19590.0,Gasoline,315.0HP 2.7L V6 Cylinder Engine Gasoline Fuel,Automatic,Blue,Gray,,Yes,54999.0,315.0,2.7,6.0
Nissan,GT-R Black Edition,2015,16850.0,Gasoline,545.0HP 3.8L V6 Cylinder Engine Gasoline Fuel,Dual Clutch,White,Black,,Yes,95000.0,545.0,3.8,6.0
Cadillac,Escalade ESV Sport,2021,4500.0,Gasoline,420.0HP 6.2L 8 Cylinder Engine Gasoline Fuel,Automatic,White,Beige,,,105000.0,420.0,6.2,8.0
Chevrolet,Cruze LT,2012,194000.0,Gasoline,138.0HP 1.4L 4 Cylinder Engine Gasoline Fuel,Automatic,Gray,White,At least 1 accident or damage reported,Yes,4900.0,138.0,1.4,4.0
Lexus,GX 460 Base,2020,48210.0,Gasoline,4.6L V8 32V MPFI DOHC,Automatic,Nebula Gray Pearl,Rioja Red,At least 1 accident or damage reported,Yes,47449.0,,4.6,8.0
Bmw,750 i,2018,81500.0,Gasoline,445.0HP 4.4L 8 Cylinder Engine Gasoline Fuel,Automatic,White,White,,Yes,41250.0,445.0,4.4,8.0
Ford,F-150 XLT,2021,77107.0,Gasoline,3.5L V6 24V PDI DOHC Twin Turbo,Automatic,Agate Black Metallic,Black,,,39995.0,,3.5,6.0
Bmw,535 i xDrive,2015,58664.0,Gasoline,300.0HP 3.0L Straight 6 Cylinder Engine Gasoline Fuel,Automatic,Blue,Gray,At least 1 accident or damage reported,Yes,20950.0,300.0,3.0,6.0
Mitsubishi,Montero Limited,2004,145000.0,Gasoline,215.0HP 3.8L V6 Cylinder Engine Gasoline Fuel,Automatic,Silver,Black,,Yes,8950.0,215.0,3.8,6.0
Lexus,LS 500 F Sport,2018,15055.0,Gasoline,416.0HP 3.5L V6 Cylinder Engine Gasoline Fuel,Automatic,White,Black,,Yes,59000.0,416.0,3.5,6.0
Tesla,Model S 85D,2015,67647.0,,422.0HP Electric Motor Electric Fuel System,Automatic,Blue,Beige,,Yes,28000.0,422.0,,
Lexus,LC 500 Base,2021,915.0,Gasoline,471.0HP 5.0L 8 Cylinder Engine Gasoline Fuel,Automatic,Blue,White,,Yes,159000.0,471.0,5.0,8.0
Mazda,MX-5 Miata Shinsen,2003,46873.0,Gasoline,142.0HP 1.8L 4 Cylinder Engine Gasoline Fuel,Manual,Gray,Blue,,Yes,11500.0,142.0,1.8,4.0
Cadillac,Escalade ESV Premium Luxury,2021,53169.0,Gasoline,420.0HP 6.2L 8 Cylinder Engine Gasoline Fuel,Automatic,Black,Black,,Yes,81500.0,420.0,6.2,8.0
Lexus,GX 460 Premium,2022,35700.0,Gasoline,301.0HP 4.6L 8 Cylinder Engine Gasoline Fuel,Automatic,Silver,Gray,At least 1 accident or damage reported,Yes,51900.0,301.0,4.6,8.0
Nissan,Pathfinder Platinum,2014,112600.0,Gasoline,260.0HP 3.5L V6 Cylinder Engine Gasoline Fuel,,Black,Black,At least 1 accident or damage reported,Yes,13000.0,260.0,3.5,6.0
Gmc,Yukon SLE,2015,112552.0,Gasoline,5.3L V8 16V GDI OHV,Automatic,Onyx Black,Jet Black,At least 1 accident or damage reported,Yes,24440.0,,5.3,8.0
Bmw,M3 Base,2003,127273.0,Gasoline,333.0HP 3.2L Straight 6 Cylinder Engine Gasoline Fuel,Manual,Silver,Black,,Yes,15000.0,333.0,3.2,6.0
Lexus,IS 250 Base,2007,189887.0,Gasoline,204.0HP 2.5L V6 Cylinder Engine Gasoline Fuel,Automatic,White,–,At least 1 accident or damage reported,Yes,3995.0,204.0,2.5,6.0
Bmw,640 i,2012,76465.0,Gasoline,315.0HP 3.0L Straight 6 Cylinder Engine Gasoline Fuel,Automatic,White,Beige,At least 1 accident or damage reported,Yes,22500.0,315.0,3.0,6.0
Mitsubishi,Eclipse Spyder GT,2007,136400.0,Gasoline,260.0HP 3.8L V6 Cylinder Engine Gasoline Fuel,Automatic,Red,Gray,At least 1 accident or damage reported,Yes,6750.0,260.0,3.8,6.0
Ford,Thunderbird Deluxe,2004,79635.0,Gasoline,280.0HP 3.9L 8 Cylinder Engine Gasoline Fuel,Automatic,Gray,Black,,Yes,13500.0,280.0,3.9,8.0
Tesla,Model Y Long Range,2022,4665.0,,Dual Motor - Standard,Automatic,Silver,Black,,,46598.0,,,
Buick,Enclave 1XL,2011,170000.0,Gasoline,288.0HP 3.6L V6 Cylinder Engine Gasoline Fuel,Automatic,Gold,Beige,At least 1 accident or damage reported,Yes,4000.0,288.0,3.6,6.0
Ford,F-150 XLT,2018,67650.0,Gasoline,375.0HP 3.5L V6 Cylinder Engine Gasoline Fuel,Automatic,Blue,Gray,,Yes,30000.0,375.0,3.5,6.0
Lexus,ES 350 Base,2016,119850.0,Gasoline,268.0HP 3.5L V6 Cylinder Engine Gasoline Fuel,Automatic,White,Beige,,Yes,19000.0,268.0,3.5,6.0
Acura,TL Type S,2008,116500.0,Gasoline,286.0HP 3.5L V6 Cylinder Engine Gasoline Fuel,Manual,Red,Black,,Yes,15999.0,286.0,3.5,6.0
Mercury,Capri XR2,1993,120644.0,,–,Manual,Green,Gray,,Yes,4200.0,,,
Ford,Transit Connect XLT,2010,169802.0,Gasoline,2.0L I4 16V MPFI DOHC,Automatic,Frozen White,Dark Gray,,Yes,9985.0,,2.0,
Bmw,X3 M40i,2021,36905.0,Gasoline,382.0HP 3.0L Straight 6 Cylinder Engine Gasoline Fuel,Dual Clutch,Blue,Beige,,Yes,50000.0,382.0,3.0,6.0
Jeep,Gladiator Willys,2022,8400.0,Gasoline,285.0HP 3.6L V6 Cylinder Engine Gasoline Fuel,Automatic,Black,Black,At least 1 accident or damage reported,Yes,47000.0,285.0,3.6,6.0
Hummer,H2 Base,2003,149961.0,Gasoline,316.0HP 6.0L 8 Cylinder Engine Gasoline Fuel,Automatic,Beige,Beige,At least 1 accident or damage reported,Yes,12500.0,316.0,6.0,8.0
Mercedes-Benz,C-Class C 63 AMG,2014,84500.0,Gasoline,451.0HP 6.2L 8 Cylinder Engine Gasoline Fuel,Automatic,White,Black,,Yes,41500.0,451.0,6.2,8.0
Lamborghini,Aventador LP700-4,2016,3254.0,Gasoline,6.5L V12 48V MPFI DOHC,Automatic,Bianco Isis,Giallo Taurus / Nero Ade,,,399900.0,,6.5,12.0
Mercedes-Benz,G-Class G 550 4MATIC,2016,96000.0,Gasoline,416.0HP 4.0L 8 Cylinder Engine Gasoline Fuel,Automatic,Blue,Brown,,Yes,65000.0,416.0,4.0,8.0
Nissan,GT-R Premium,2009,88000.0,Gasoline,480.0HP 3.8L V6 Cylinder Engine Gasoline Fuel,Dual Clutch,White,White,At least 1 accident or damage reported,Yes,57000.0,480.0,3.8,6.0
Audi,R8 4.2 quattro Spyder,2011,35322.0,Gasoline,4.2L V8 32V GDI DOHC,Manual,Phantom Black Pearl Effect / Black Roof,Red,,,94900.0,,4.2,8.0
Acura,TLX A-Spec,2020,32500.0,Gasoline,206.0HP 2.4L 4 Cylinder Engine Gasoline Fuel,Automatic,White,Red,,Yes,32000.0,206.0,2.4,4.0
Audi,A6 3.0T Premium Plus,2016,71280.0,Gasoline,333.0HP 3.0L V6 Cylinder Engine Gasoline Fuel,Automatic,Silver,Black,,Yes,22000.0,333.0,3.0,6.0
Porsche,Panamera 2,2011,37200.0,Gasoline,300.0HP 3.6L V6 Cylinder Engine Gasoline Fuel,Automatic,Black,Beige,,Yes,27500.0,300.0,3.6,6.0
Saturn,Sky Red Line,2008,94291.0,Gasoline,260.0HP 2.0L 4 Cylinder Engine Gasoline Fuel,Automatic,White,–,,Yes,14500.0,260.0,2.0,4.0
Maserati,Coupe Cambiocorsa,2006,54082.0,Gasoline,390.0HP 4.2L 8 Cylinder Engine Gasoline Fuel,Dual Clutch,Blue,Beige,,Yes,17000.0,390.0,4.2,8.0
Volvo,XC90 Recharge Plug-In Hybrid T8 Inscription 7 Passenger,2022,7800.0,Plug-In Hybrid,455.0HP 2.0L 4 Cylinder Engine Plug-In Electric/Gas,Automatic,Black,Beige,,Yes,66000.0,455.0,2.0,4.0
Jeep,Wrangler Sport,2016,86250.0,Gasoline,285.0HP 3.6L V6 Cylinder Engine Gasoline Fuel,Automatic,White,Black,,Yes,22000.0,285.0,3.6,6.0
Bmw,X5 xDrive50i,2016,75479.0,Gasoline,445.0HP 4.4L 8 Cylinder Engine Gasoline Fuel,Dual Clutch,Silver,Black,,Yes,27899.0,445.0,4.4,8.0
Bmw,750 i,2017,24650.0,Gasoline,445.0HP 4.4L 8 Cylinder Engine Gasoline Fuel,Automatic,Silver,Black,,Yes,50000.0,445.0,4.4,8.0
Volkswagen,Golf R 4-Door,2013,102750.0,Gasoline,256.0HP 2.0L 4 Cylinder Engine Gasoline Fuel,Manual,Black,Black,,Yes,20000.0,256.0,2.0,4.0
Alfa,Romeo Stelvio Base,2018,50000.0,Gasoline,280.0HP 2.0L 4 Cylinder Engine Gasoline Fuel,Automatic,Brown,Brown,,Yes,27500.0,280.0,2.0,4.0
Bmw,X5 xDrive35i,2017,72700.0,Gasoline,300.0HP 3.0L Straight 6 Cylinder Engine Gasoline Fuel,Automatic,Gray,Black,,Yes,27499.0,300.0,3.0,6.0
Bmw,X6 M Base,2018,54293.0,Gasoline,567.0HP 4.4L 8 Cylinder Engine Gasoline Fuel,Automatic,Black,Beige,At least 1 accident or damage reported,Yes,49000.0,567.0,4.4,8.0
Lexus,IS 300 Base,2018,16000.0,Gasoline,260.0HP 3.5L V6 Cylinder Engine Gasoline Fuel,Automatic,Blue,Brown,At least 1 accident or damage reported,Yes,30500.0,260.0,3.5,6.0
Lamborghini,Gallardo SE,2006,19500.0,Gasoline,493.0HP 5.0L 10 Cylinder Engine Gasoline Fuel,Automatic,Green,Yellow,,Yes,129000.0,493.0,5.0,10.0
Bmw,428 i,2014,71000.0,Gasoline,240.0HP 2.0L 4 Cylinder Engine Gasoline Fuel,Dual Clutch,White,Black,At least 1 accident or damage reported,Yes,16700.0,240.0,2.0,4.0
Bmw,X5 xDrive40i,2019,60000.0,Gasoline,335.0HP 3.0L Straight 6 Cylinder Engine Gasoline Fuel,Automatic,White,Beige,,Yes,36500.0,335.0,3.0,6.0
Porsche,Boxster Base,1998,75539.0,Gasoline,201.0HP 2.5L Flat 6 Cylinder Engine Gasoline Fuel,Manual,Blue,Beige,,Yes,11995.0,201.0,2.5,6.0
Alfa,Romeo Giulia Base,2017,36000.0,Gasoline,280.0HP 2.0L 4 Cylinder Engine Gasoline Fuel,Automatic,White,Red,,Yes,21000.0,280.0,2.0,4.0
Mercedes-Benz,C-Class C 300,2019,76422.0,Gasoline,2.0 Liter Turbo,Automatic,Black,Black,,,28998.0,,2.0,
Nissan,370Z NISMO Tech,2016,42600.0,Gasoline,350.0HP 3.7L V6 Cylinder Engine Gasoline Fuel,Automatic,Red,Black,At least 1 accident or damage reported,Yes,31950.0,350.0,3.7,6.0
Rivian,R1S Adventure Package,2023,211.0,,835.0HP Electric Motor Electric Fuel System,Automatic,Blue,Black,,Yes,99000.0,835.0,,
Chevrolet,Suburban LT,2017,98888.0,Gasoline,6.0L 8 Cylinder Engine Gasoline Fuel,Automatic,White,Black,At least 1 accident or damage reported,Yes,29000.0,,6.0,8.0
Ford,Fusion Hybrid SE,2019,64532.0,Hybrid,188.0HP 2.0L 4 Cylinder Engine Gas/Electric Hybrid,Automatic,Silver,Gray,At least 1 accident or damage reported,Yes,19395.0,188.0,2.0,4.0
Bmw,X3 xDrive35i,2011,75500.0,Gasoline,300.0HP 3.0L Straight 6 Cylinder Engine Gasoline Fuel,Automatic,White,Black,,Yes,12975.0,300.0,3.0,6.0
Buick,Envision Preferred,2019,32000.0,Gasoline,197.0HP 2.5L 4 Cylinder Engine Gasoline Fuel,Automatic,Black,Beige,,Yes,27000.0,197.0,2.5,4.0
Buick,Envision Essence,2019,47839.0,Gasoline,2.5L I4 16V GDI DOHC,Automatic,Summit White,Ebony,,Yes,24991.0,,2.5,
Porsche,Cayenne GTS,2013,98413.0,Gasoline,420.0HP 4.8L 8 Cylinder Engine Gasoline Fuel,Dual Clutch,Green,Black,At least 1 accident or damage reported,Yes,34900.0,420.0,4.8,8.0
Audi,RS 5 2.9T,2022,9628.0,Gasoline,444.0HP 2.9L V6 Cylinder Engine Gasoline Fuel,Automatic,White,Black,,Yes,78500.0,444.0,2.9,6.0
Jaguar,XK8 Base,1999,15000.0,Gasoline,290.0HP 4.0L 8 Cylinder Engine Gasoline Fuel,Automatic,Green,Beige,,Yes,16370.0,290.0,4.0,8.0
Audi,R8 5.2 V10,2021,6397.0,Gasoline,5.2L V10 40V PDI DOHC,Automatic,Kemora Gray Metallic,Black / Express Red,,,172900.0,,5.2,10.0
Honda,Pilot Black Edition,2022,22564.0,Gasoline,3.5 Liter,Automatic,Platinum White Pearl,Black,,,44998.0,,3.5,
Lexus,RX 350 Crafted Line F Sport,2015,110000.0,Gasoline,270.0HP 3.5L V6 Cylinder Engine Gasoline Fuel,Dual Clutch,White,Black,,Yes,28000.0,270.0,3.5,6.0
Mercedes-Benz,Sprinter 3500 High Roof,2022,105.0,Diesel,161.0HP 2.0L 4 Cylinder Engine Diesel Fuel,Automatic,Black,Orange,,Yes,200000.0,161.0,2.0,4.0
Toyota,4Runner Limited,2004,186117.0,Gasoline,245.0HP 4.0L V6 Cylinder Engine Gasoline Fuel,Automatic,Black,Beige,,Yes,13000.0,245.0,4.0,6.0
Jeep,Wrangler Sport,2002,103500.0,Gasoline,190.0HP 4.0L Straight 6 Cylinder Engine Gasoline Fuel,Manual,Yellow,Gray,,Yes,12500.0,190.0,4.0,6.0
Cadillac,CT6-V 4.2L Blackwing Twin Turbo,2019,8074.0,Gasoline,4.2L V8 32V GDI DOHC Twin Turbo,Automatic,Manhattan Noir Metallic,Jet Black,,,76700.0,,4.2,8.0
Bmw,M3 Base,2011,43000.0,Gasoline,414.0HP 4.0L 8 Cylinder Engine Gasoline Fuel,Manual,Black,Black,,Yes,50900.0,414.0,4.0,8.0
Bmw,750 i,2015,70700.0,Gasoline,445.0HP 4.4L 8 Cylinder Engine Gasoline Fuel,Automatic,Blue,Black,At least 1 accident or damage reported,Yes,23000.0,445.0,4.4,8.0
Chevrolet,Trailblazer RS,2022,42479.0,Gasoline,1.3L I3 12V GDI DOHC Turbo,Automatic,Mosaic Black Metallic,Jet Black,,Yes,28495.0,,1.3,
Ford,Excursion XLT 4WD,2000,205000.0,Gasoline,310.0HP 6.8L 10 Cylinder Engine Gasoline Fuel,Automatic,Black,Gray,At least 1 accident or damage reported,Yes,9950.0,310.0,6.8,10.0
Audi,SQ5 3.0T Premium Plus,2019,22300.0,Gasoline,349.0HP 3.0L V6 Cylinder Engine Gasoline Fuel,Automatic,Blue,Gray,,Yes,38999.0,349.0,3.0,6.0
Ford,Expedition EL Limited,2017,104000.0,Gasoline,365.0HP 3.5L V6 Cylinder Engine Gasoline Fuel,Automatic,Black,Black,At least 1 accident or damage reported,Yes,19995.0,365.0,3.5,6.0
Ford,Bronco Sport Base,2022,13865.0,Gasoline,1.5L I3 12V PDI DOHC Turbo,Automatic,Shadow Black,Ebony,,Yes,29182.0,,1.5,
Bmw,M4 Competition xDrive,2022,15882.0,Gasoline,503.0HP 3.0L Straight 6 Cylinder Engine Gasoline Fuel,Automatic,Red,Silver,,Yes,84995.0,503.0,3.0,6.0
Land,Rover Defender,2022,12209.0,Gasoline,5.0L V8 32V GDI DOHC Supercharged,Automatic,Black,Black,,,104900.0,,5.0,8.0
Mercedes-Benz,AMG GLC 43 AMG GLC 43,2021,10483.0,Gasoline,3.0 Liter Twin Turbo,Automatic,Graphite Grey Metallic,Black w/Red Stitching,,,60998.0,,3.0,
Nissan,GT-R Premium,2017,31150.0,Gasoline,565.0HP 3.8L V6 Cylinder Engine Gasoline Fuel,Dual Clutch,Orange,Black,,Yes,113000.0,565.0,3.8,6.0
Chrysler,200 C,2015,44000.0,E85 Flex Fuel,295.0HP 3.6L V6 Cylinder Engine Flex Fuel Capability,Automatic,White,Black,At least 1 accident or damage reported,Yes,12700.0,295.0,3.6,6.0
Hummer,H2 Base,2003,109000.0,Gasoline,316.0HP 6.0L 8 Cylinder Engine Gasoline Fuel,Automatic,Beige,Beige,,Yes,17500.0,316.0,6.0,8.0
Bmw,M4 Base,2020,31350.0,Gasoline,425.0HP 3.0L Straight 6 Cylinder Engine Gasoline Fuel,Dual Clutch,Gray,Orange,,Yes,62450.0,425.0,3.0,6.0
Audi,Q8 55 Premium Plus,2021,30000.0,Hybrid,335.0HP 3.0L V6 Cylinder Engine Gasoline/Mild Electric Hybrid,Automatic,Black,Black,,Yes,62000.0,335.0,3.0,6.0
Land,Rover Range Rover HSE,2012,66500.0,Gasoline,385.0HP 5.0L 8 Cylinder Engine Gasoline Fuel,Automatic,Silver,Black,,Yes,19950.0,385.0,5.0,8.0
Nissan,Frontier SV,2012,96600.0,Gasoline,261.0HP 4.0L V6 Cylinder Engine Gasoline Fuel,Automatic,Beige,Black,At least 1 accident or damage reported,Yes,17000.0,261.0,4.0,6.0
Toyota,Highlander LE Plus,2015,198000.0,Gasoline,270.0HP 3.5L V6 Cylinder Engine Gasoline Fuel,Automatic,White,Gray,,Yes,14000.0,270.0,3.5,6.0
Audi,S4 3.0T Premium Plus,2013,91877.0,Gasoline,333.0HP 3.0L V6 Cylinder Engine Gasoline Fuel,Automatic,Black,Red,At least 1 accident or damage reported,Yes,24000.0,333.0,3.0,6.0
Ford,Expedition Max Limited,2018,45578.0,Gasoline,375.0HP 3.5L V6 Cylinder Engine Gasoline Fuel,Automatic,White,–,,Yes,45023.0,375.0,3.5,6.0
Bmw,228 i,2015,54000.0,Gasoline,240.0HP 2.0L 4 Cylinder Engine Gasoline Fuel,Manual,Black,Red,At least 1 accident or damage reported,Yes,19996.0,240.0,2.0,4.0
Land,Rover Range Rover Sport HST MHEV,2020,52000.0,Hybrid,395.0HP 3.0L Straight 6 Cylinder Engine Gasoline/Mild Electric Hybrid,Automatic,Gray,Black,,Yes,55000.0,395.0,3.0,6.0
Mercedes-Benz,E-Class AMG E 53,2020,23044.0,Hybrid,3.0 Liter Turbo,Automatic,Emerald Green Metallic,Black/Saddle Brown,,,72598.0,,3.0,
Porsche,911 Carrera,2008,132500.0,Gasoline,325.0HP 3.6L Flat 6 Cylinder Engine Gasoline Fuel,Manual,Black,Black,,Yes,35000.0,325.0,3.6,6.0
Dodge,Dakota SLT Quad Cab,2006,256000.0,Gasoline,4.7L 8 Cylinder Engine Gasoline Fuel,Automatic,Black,Gray,,Yes,4000.0,,4.7,8.0
Mercedes-Benz,SL-Class SL63 AMG Roadster,2009,31370.0,Gasoline,518.0HP 6.3L 8 Cylinder Engine Gasoline Fuel,Dual Clutch,White,Brown,,Yes,65700.0,518.0,6.3,8.0
Chrysler,Sebring LX,2008,67303.0,Gasoline,173.0HP 2.4L 4 Cylinder Engine Gasoline Fuel,Automatic,Blue,Blue,,Yes,4900.0,173.0,2.4,4.0
Chevrolet,Corvette Stingray w/3LT,2021,12000.0,Gasoline,490.0HP 6.2L 8 Cylinder Engine Gasoline Fuel,Automatic,Blue,Black,At least 1 accident or damage reported,Yes,99900.0,490.0,6.2,8.0
Ford,Bronco Outer Banks,2023,16500.0,Gasoline,275.0HP 2.3L 4 Cylinder Engine Gasoline Fuel,Automatic,Blue,Gray,,Yes,54000.0,275.0,2.3,4.0
Toyota,Tacoma TRD Pro,2018,28800.0,Gasoline,"3.5L V-6 port/direct injection, DOHC, VVT-iE variable valve cont",Manual,–,Black,,,42900.0,,3.5,
Ram,ProMaster 2500 High Roof,2019,88000.0,Gasoline,280.0HP 3.6L V6 Cylinder Engine Gasoline Fuel,Automatic,White,Black,At least 1 accident or damage reported,Yes,39900.0,280.0,3.6,6.0
Ford,Shelby GT350 Base,2018,18515.0,Gasoline,526.0HP 5.2L 8 Cylinder Engine Gasoline Fuel,Manual,White,Black,At least 1 accident or damage reported,Yes,60867.0,526.0,5.2,8.0
Tesla,Model 3 Performance,2018,92813.0,,271.0HP Electric Motor Electric Fuel System,Automatic,Red,Black,,Yes,30499.0,271.0,,
Land,Rover Range Rover P530 SE LWB 7 Seat,2023,2100.0,Gasoline,523.0HP 4.4L 8 Cylinder Engine Gasoline Fuel,Automatic,Gray,Beige,,Yes,172000.0,523.0,4.4,8.0
Volvo,XC60 T6 Inscription,2019,58600.0,Gasoline,330.0HP 2.0L 4 Cylinder Engine Gasoline Fuel,Automatic,White,White,At least 1 accident or damage reported,Yes,29000.0,330.0,2.0,4.0
Lexus,LS 460 Crafted Line,2015,74500.0,Gasoline,386.0HP 4.6L 8 Cylinder Engine Gasoline Fuel,Dual Clutch,White,Red,,Yes,33900.0,386.0,4.6,8.0
Tesla,Model S 100D,2018,33500.0,,518.0HP Electric Motor Electric Fuel System,Automatic,Gray,Black,,Yes,51900.0,518.0,,
Cadillac,XT6 Premium Luxury AWD,2023,222.0,Gasoline,310.0HP 3.6L V6 Cylinder Engine Gasoline Fuel,Automatic,White,Black,,Yes,69000.0,310.0,3.6,6.0
Chevrolet,Avalanche 1500 LTZ,2007,75124.0,E85 Flex Fuel,310.0HP 5.3L 8 Cylinder Engine Flex Fuel Capability,Automatic,Red,Gray,,Yes,16499.0,310.0,5.3,8.0
Chevrolet,Corvette Grand Sport,2013,15500.0,Gasoline,430.0HP 6.2L 8 Cylinder Engine Gasoline Fuel,Dual Clutch,White,Blue,,Yes,45000.0,430.0,6.2,8.0
Audi,Q8 55 Premium,2020,34300.0,Hybrid,335.0HP 3.0L V6 Cylinder Engine Gasoline/Mild Electric Hybrid,Automatic,Gray,Brown,,Yes,52500.0,335.0,3.0,6.0
Honda,Odyssey Elite,2019,82000.0,Gasoline,280.0HP 3.5L V6 Cylinder Engine Gasoline Fuel,Automatic,Silver,Black,,Yes,32471.0,280.0,3.5,6.0
Acura,TLX,2023,3389.0,Gasoline,2.0 Liter DOHC Turbo,Automatic,Platinum White Pearl,Black,,,38598.0,,2.0,
Porsche,Cayenne GTS Coupe AWD,2023,10000.0,Gasoline,453.0HP 4.0L 8 Cylinder Engine Gasoline Fuel,Automatic,Gray,Black,,Yes,145000.0,453.0,4.0,8.0
Cadillac,STS V6,2005,96000.0,Gasoline,260.0HP 3.6L V6 Cylinder Engine Gasoline Fuel,Automatic,Beige,Brown,At least 1 accident or damage reported,Yes,4999.0,260.0,3.6,6.0
Dodge,Charger R/T,2021,7751.0,Gasoline,370.0HP 5.7L 8 Cylinder Engine Gasoline Fuel,Automatic,Black,Black,,Yes,41950.0,370.0,5.7,8.0
Audi,RS 7 4.0T Performance Prestige,2017,66250.0,Gasoline,605.0HP 4.0L 8 Cylinder Engine Gasoline Fuel,Automatic,Gray,Gray,At least 1 accident or damage reported,Yes,59200.0,605.0,4.0,8.0
Lexus,CT 200h Premium,2012,109000.0,Hybrid,134.0HP 1.8L 4 Cylinder Engine Gas/Electric Hybrid,Automatic,White,Black,At least 1 accident or damage reported,Yes,14945.0,134.0,1.8,4.0
Hyundai,Genesis Coupe 3.8 Base,2015,60000.0,Gasoline,348.0HP 3.8L V6 Cylinder Engine Gasoline Fuel,Dual Clutch,Black,Black,,Yes,17000.0,348.0,3.8,6.0
Tesla,Model S Performance,2020,14700.0,,778.0HP Electric Motor Electric Fuel System,Automatic,Gray,Black,,Yes,63000.0,778.0,,
Mercedes-Benz,E-Class E 350 4MATIC,2022,9006.0,Gasoline,255.0HP 2.0L 4 Cylinder Engine Gasoline Fuel,Automatic,Black,Black,,Yes,56999.0,255.0,2.0,4.0
Toyota,GR86 Base,2022,13400.0,Gasoline,228.0HP 2.4L 4 Cylinder Engine Gasoline Fuel,Automatic,Silver,Black,,Yes,33499.0,228.0,2.4,4.0
Porsche,Macan S,2020,28570.0,Gasoline,3.0 Liter Turbo,Automatic,White,Black,,,55998.0,,3.0,
Dodge,Durango SRT,2018,78000.0,Gasoline,475.0HP 6.4L 8 Cylinder Engine Gasoline Fuel,Dual Clutch,White,Black,At least 1 accident or damage reported,Yes,44700.0,475.0,6.4,8.0
Lexus,LX 570 Base,2013,134000.0,Gasoline,383.0HP 5.7L 8 Cylinder Engine Gasoline Fuel,Automatic,Gray,Black,At least 1 accident or damage reported,Yes,29995.0,383.0,5.7,8.0
Kia,Optima Hybrid EX,2013,104994.0,Hybrid,199.0HP 2.4L 4 Cylinder Engine Gas/Electric Hybrid,Automatic,Black,Beige,,Yes,9000.0,199.0,2.4,4.0
Bentley,Continental GT V8 S,2016,31500.0,Gasoline,521.0HP 4.0L 8 Cylinder Engine Gasoline Fuel,Automatic,Black,Beige,,Yes,103900.0,521.0,4.0,8.0
Alfa,Romeo Giulia Base,2020,30000.0,Gasoline,280.0HP 2.0L 4 Cylinder Engine Gasoline Fuel,Automatic,Black,–,,Yes,28900.0,280.0,2.0,4.0
Lexus,LX 600 F SPORT,2023,490.0,Gasoline,409.0HP 3.4L V6 Cylinder Engine Gasoline Fuel,Automatic,Black,Black,,Yes,124999.0,409.0,3.4,6.0
Porsche,Taycan Turbo,2020,18000.0,,616.0HP Electric Motor Electric Fuel System,Automatic,Silver,Black,,Yes,105000.0,616.0,,
Toyota,Sequoia Limited,2017,67000.0,E85 Flex Fuel,381.0HP 5.7L 8 Cylinder Engine Flex Fuel Capability,Automatic,Silver,Gray,,Yes,37999.0,381.0,5.7,8.0
Kia,K5 EX,2021,8263.0,Gasoline,180.0HP 1.6L 4 Cylinder Engine Gasoline Fuel,Automatic,Gray,White,,Yes,29000.0,180.0,1.6,4.0
Ram,1500 Big Horn,2021,35003.0,Gasoline,5.7L V8 16V MPFI OHV,Automatic,Bright White Clearcoat,Diesel Gray / Black,,Yes,40999.0,,5.7,8.0
Chevrolet,Corvette Base,2008,80000.0,Gasoline,430.0HP 6.2L 8 Cylinder Engine Gasoline Fuel,Automatic,Red,Beige,,Yes,31000.0,430.0,6.2,8.0
Chevrolet,Corvette Stingray w/1LT,2022,6200.0,Gasoline,490.0HP 6.2L 8 Cylinder Engine Gasoline Fuel,Dual Clutch,Brown,Black,,Yes,99999.0,490.0,6.2,8.0
Jaguar,F-TYPE S,2014,74595.0,Gasoline,495.0HP 5.0L 8 Cylinder Engine Gasoline Fuel,Automatic,Green,Black,At least 1 accident or damage reported,Yes,32450.0,495.0,5.0,8.0
Audi,A7 3.0T Prestige,2013,87066.0,Gasoline,310.0HP 3.0L V6 Cylinder Engine Gasoline Fuel,Automatic,Silver,Black,,Yes,20999.0,310.0,3.0,6.0
Audi,Q8 3.0T Prestige,2019,38360.0,Gasoline,3.0L V6 24V GDI DOHC Turbo,Automatic,Orca Black Metallic,Black,,,49936.0,,3.0,6.0
Kia,Telluride SX,2020,38000.0,Gasoline,291.0HP 3.8L V6 Cylinder Engine Gasoline Fuel,Automatic,Green,Beige,,Yes,41999.0,291.0,3.8,6.0
Toyota,Camry Hybrid XLE,2018,69641.0,Hybrid,208.0HP 2.5L 4 Cylinder Engine Gas/Electric Hybrid,,White,Black,At least 1 accident or damage reported,Yes,23995.0,208.0,2.5,4.0
Toyota,GR86 Premium,2022,1275.0,Gasoline,228.0HP 2.4L 4 Cylinder Engine Gasoline Fuel,Automatic,Blue,Black,,Yes,47999.0,228.0,2.4,4.0
Bmw,M3 Base,2001,60000.0,Gasoline,333.0HP 3.2L Straight 6 Cylinder Engine Gasoline Fuel,Manual,Black,Gray,,Yes,25000.0,333.0,3.2,6.0
Jeep,Wrangler Rubicon,2014,99450.0,Gasoline,285.0HP 3.6L V6 Cylinder Engine Gasoline Fuel,Manual,Gray,Black,,Yes,21000.0,285.0,3.6,6.0
Toyota,Tundra Hybrid Capstone,2023,200.0,Hybrid,437.0HP 3.4L V6 Cylinder Engine Gas/Electric Hybrid,Automatic,Blue,White,,Yes,82500.0,437.0,3.4,6.0
Porsche,Panamera 4 Edition,2016,68000.0,Gasoline,310.0HP 3.6L V6 Cylinder Engine Gasoline Fuel,Dual Clutch,Gray,Black,At least 1 accident or damage reported,Yes,32950.0,310.0,3.6,6.0
Lexus,GS 350 Base,2010,212000.0,Gasoline,303.0HP 3.5L V6 Cylinder Engine Gasoline Fuel,Automatic,Gray,Black,At least 1 accident or damage reported,Yes,9450.0,303.0,3.5,6.0
Gmc,Sierra 3500 Denali,2019,73091.0,Diesel,445.0HP 6.6L 8 Cylinder Engine Diesel Fuel,Automatic,White,Black,At least 1 accident or damage reported,Yes,58500.0,445.0,6.6,8.0
Kia,Niro Plug-In Hybrid EX,2023,9400.0,Plug-In Hybrid,180.0HP 1.6L 4 Cylinder Engine Plug-In Electric/Gas,Automatic,Black,Black,,Yes,31500.0,180.0,1.6,4.0
Porsche,Cayenne Base,2014,117697.0,Gasoline,300.0HP 3.6L V6 Cylinder Engine Gasoline Fuel,Automatic,Black,Black,At least 1 accident or damage reported,Yes,16975.0,300.0,3.6,6.0
Mercedes-Benz,S-Class S 65 AMG,2015,95428.0,Gasoline,621.0HP 6.0L 12 Cylinder Engine Gasoline Fuel,Automatic,Silver,Silver,,Yes,55000.0,621.0,6.0,12.0
Lexus,GX 460 Premium,2017,116300.0,Gasoline,301.0HP 4.6L 8 Cylinder Engine Gasoline Fuel,Automatic,Gray,Beige,,Yes,31950.0,301.0,4.6,8.0
Acura,MDX Sport Hybrid 3.0L w/Technology Package,2019,56778.0,Hybrid,321.0HP 3.0L V6 Cylinder Engine Gas/Electric Hybrid,Automatic,Black,Black,,Yes,41899.0,321.0,3.0,6.0
Audi,Q5 S line Premium Plus,2023,5682.0,Hybrid,2.0 Liter TFSI,Automatic,Chronos Gray,Gray,,,48698.0,,2.0,
Bmw,530 i,2017,37000.0,Gasoline,248.0HP 2.0L 4 Cylinder Engine Gasoline Fuel,Automatic,Gray,Black,,Yes,31000.0,248.0,2.0,4.0
Kia,Forte Koup EX,2015,103748.0,Gasoline,173.0HP 2.0L 4 Cylinder Engine Gasoline Fuel,Automatic,Gray,Gray,,Yes,8500.0,173.0,2.0,4.0
Toyota,Sequoia Limited,2005,86000.0,Gasoline,282.0HP 4.7L 8 Cylinder Engine Gasoline Fuel,Automatic,Silver,–,,Yes,22500.0,282.0,4.7,8.0
Land,Rover LR4 HSE,2013,125900.0,Gasoline,375.0HP 5.0L 8 Cylinder Engine Gasoline Fuel,Automatic,Black,Beige,,Yes,21000.0,375.0,5.0,8.0
Nissan,Titan SV,2023,6200.0,Gasoline,400.0HP 5.6L 8 Cylinder Engine Gasoline Fuel,Automatic,Black,Gray,,Yes,48000.0,400.0,5.6,8.0
Ford,F-250 Lariat,2019,85000.0,Diesel,450.0HP 6.7L 8 Cylinder Engine Diesel Fuel,Automatic,Black,Black,At least 1 accident or damage reported,Yes,52500.0,450.0,6.7,8.0
Mercedes-Benz,AMG GT AMG GT,2017,19324.0,Gasoline,456.0HP 4.0L 8 Cylinder Engine Gasoline Fuel,Dual Clutch,Gray,Beige,,Yes,75000.0,456.0,4.0,8.0
Cadillac,Escalade Platinum,2018,49273.0,Gasoline,420.0HP 6.2L 8 Cylinder Engine Gasoline Fuel,Automatic,Red,Black,,Yes,54000.0,420.0,6.2,8.0
Tesla,Model 3 Standard Range Plus,2019,42094.0,,Electric Motor Electric Fuel System,Automatic,White,White,,Yes,32000.0,,,
Bmw,M3 Base,2017,44000.0,Gasoline,425.0HP 3.0L Straight 6 Cylinder Engine Gasoline Fuel,Automatic,Blue,Black,,Yes,55000.0,425.0,3.0,6.0
Chevrolet,Cruze LT,2012,148377.0,Gasoline,138.0HP 1.4L 4 Cylinder Engine Gasoline Fuel,Automatic,Blue,Black,,,5500.0,138.0,1.4,4.0
Dodge,Challenger SRT8,2010,70000.0,Gasoline,425.0HP 6.1L 8 Cylinder Engine Gasoline Fuel,Manual,Orange,Black,,Yes,22000.0,425.0,6.1,8.0
Mercedes-Benz,Sprinter 2500,2016,143290.0,Diesel,161.0HP 2.1L 4 Cylinder Engine Diesel Fuel,Automatic,White,Black,,Yes,33490.0,161.0,2.1,4.0
Ford,F-350 Platinum,2019,69205.0,Diesel,450.0HP 6.7L 8 Cylinder Engine Diesel Fuel,Dual Clutch,White,Black,,Yes,73500.0,450.0,6.7,8.0
Chevrolet,Tahoe LTZ,2015,123500.0,Gasoline,355.0HP 5.3L 8 Cylinder Engine Gasoline Fuel,Automatic,White,Brown,,Yes,25650.0,355.0,5.3,8.0
Audi,Q7 3.0T Prestige,2018,70773.0,Gasoline,333.0HP 3.0L V6 Cylinder Engine Gasoline Fuel,Automatic,White,Black,,Yes,30950.0,333.0,3.0,6.0
Jeep,Patriot Latitude,2015,109000.0,Gasoline,158.0HP 2.0L 4 Cylinder Engine Gasoline Fuel,Automatic,Gray,Gray,At least 1 accident or damage reported,Yes,7599.0,158.0,2.0,4.0
Infiniti,QX70 Base,2014,71097.0,Gasoline,325.0HP 3.7L V6 Cylinder Engine Gasoline Fuel,Automatic,Black,Black,,Yes,18995.0,325.0,3.7,6.0
Bmw,X5 xDrive35i,2013,76309.0,Gasoline,300.0HP 3.0L Straight 6 Cylinder Engine Gasoline Fuel,Automatic,Silver,Black,,,12000.0,300.0,3.0,6.0
Tesla,Model 3,2018,26609.0,,Electric,Automatic,Gray,–,,,36998.0,,,
Land,Rover Range Rover P400 SE LWB 7 Seat,2023,4126.0,Hybrid,395.0HP 3.0L Straight 6 Cylinder Engine Gasoline/Mild Electric Hybrid,Automatic,Black,Beige,,,155000.0,395.0,3.0,6.0
Nissan,240SX Base,1996,160490.0,,–,Manual,Gray,Black,,Yes,15500.0,,,
Cadillac,ATS 2.5L,2014,80400.0,Gasoline,202.0HP 2.5L 4 Cylinder Engine Gasoline Fuel,Automatic,Silver,Black,At least 1 accident or damage reported,Yes,15000.0,202.0,2.5,4.0
Toyota,RAV4 Base,2010,123620.0,Gasoline,179.0HP 2.5L 4 Cylinder Engine Gasoline Fuel,Automatic,Black,Black,At least 1 accident or damage reported,Yes,9900.0,179.0,2.5,4.0
Acura,TSX Technology,2011,187883.0,Gasoline,201.0HP 2.4L 4 Cylinder Engine Gasoline Fuel,Automatic,Red,Beige,,Yes,5500.0,201.0,2.4,4.0
Mercedes-Benz,G-Class G 550 4MATIC,2020,45000.0,Gasoline,416.0HP 4.0L 8 Cylinder Engine Gasoline Fuel,Automatic,Black,Black,,Yes,133000.0,416.0,4.0,8.0
Honda,Civic Sport,2022,25420.0,Gasoline,158.0HP 2.0L 4 Cylinder Engine Gasoline Fuel,,Red,Gray,,Yes,24500.0,158.0,2.0,4.0
Bmw,M3 Base,2011,129999.0,Gasoline,414.0HP 4.0L 8 Cylinder Engine Gasoline Fuel,Manual,White,Black,,Yes,29999.0,414.0,4.0,8.0
Bmw,M3 Base,2008,41048.0,Gasoline,414.0HP 4.0L 8 Cylinder Engine Gasoline Fuel,Dual Clutch,Gray,Beige,,Yes,38490.0,414.0,4.0,8.0
Nissan,Cube 1.8 S,2010,72500.0,Gasoline,122.0HP 1.8L 4 Cylinder Engine Gasoline Fuel,Manual,Brown,Black,,Yes,6750.0,122.0,1.8,4.0
Ram,ProMaster 3500 Tradesman,2014,143390.0,Gasoline,280.0HP 3.6L V6 Cylinder Engine Gasoline Fuel,Automatic,White,–,,Yes,13000.0,280.0,3.6,6.0
Acura,RDX Base,2018,68425.0,Gasoline,279.0HP 3.5L V6 Cylinder Engine Gasoline Fuel,Automatic,Gray,–,At least 1 accident or damage reported,Yes,23500.0,279.0,3.5,6.0
Toyota,4Runner Limited,2018,95000.0,Gasoline,270.0HP 4.0L V6 Cylinder Engine Gasoline Fuel,Automatic,Silver,Brown,,Yes,33000.0,270.0,4.0,6.0
Ram,1500 Limited,2019,29000.0,Gasoline,395.0HP 5.7L 8 Cylinder Engine Gasoline Fuel,Automatic,Gray,Black,At least 1 accident or damage reported,Yes,49500.0,395.0,5.7,8.0
Chevrolet,Corvette Base,2003,145000.0,Gasoline,350.0HP 5.7L 8 Cylinder Engine Gasoline Fuel,Automatic,Blue,Black,,Yes,22000.0,350.0,5.7,8.0
Land,Rover Defender 110 SE,2020,29700.0,Hybrid,395.0HP 3.0L Straight 6 Cylinder Engine Gasoline/Mild Electric Hybrid,Automatic,Green,Black,,,68000.0,395.0,3.0,6.0
Jeep,Grand Cherokee Laredo,2011,98658.0,Gasoline,360.0HP 5.7L 8 Cylinder Engine Gasoline Fuel,Automatic,White,Gray,,Yes,14995.0,360.0,5.7,8.0
Volvo,S80 T6,2009,97615.0,Gasoline,281.0HP 3.0L Straight 6 Cylinder Engine Gasoline Fuel,Automatic,Black,Gray,,Yes,10500.0,281.0,3.0,6.0
Porsche,Cayenne S,2014,36000.0,Gasoline,400.0HP 4.8L 8 Cylinder Engine Gasoline Fuel,Automatic,Black,Beige,,Yes,37000.0,400.0,4.8,8.0
Mazda,CX-30 Select,2021,61874.0,Gasoline,2.5L I4 16V GDI DOHC,Automatic,Jet Black Mica,Black,,Yes,22389.0,,2.5,
Chrysler,Town & Country Touring,2012,74582.0,E85 Flex Fuel,283.0HP 3.6L V6 Cylinder Engine Flex Fuel Capability,Automatic,Black,–,,Yes,8500.0,283.0,3.6,6.0
Infiniti,FX37 Base,2013,51500.0,Gasoline,325.0HP 3.7L V6 Cylinder Engine Gasoline Fuel,Automatic,Gray,Black,,Yes,23900.0,325.0,3.7,6.0
Toyota,FJ Cruiser Base,2007,193827.0,Gasoline,239.0HP 4.0L V6 Cylinder Engine Gasoline Fuel,Automatic,Silver,Black,,Yes,14950.0,239.0,4.0,6.0
Chevrolet,Silverado 1500 LT,2019,53433.0,Gasoline,355.0HP 5.3L 8 Cylinder Engine Gasoline Fuel,Automatic,Blue,Gray,,Yes,36950.0,355.0,5.3,8.0
Mercedes-Benz,C-Class C 63 AMG,2012,103000.0,Gasoline,451.0HP 6.3L 8 Cylinder Engine Gasoline Fuel,Automatic,Silver,Black,At least 1 accident or damage reported,Yes,40000.0,451.0,6.3,8.0
Bmw,428 Gran Coupe i xDrive,2016,59000.0,Gasoline,240.0HP 2.0L 4 Cylinder Engine Gasoline Fuel,Dual Clutch,Black,Brown,At least 1 accident or damage reported,Yes,20999.0,240.0,2.0,4.0
Lexus,GX 460 Premium,2017,82000.0,Gasoline,301.0HP 4.6L 8 Cylinder Engine Gasoline Fuel,Automatic,Gray,Brown,,Yes,32900.0,301.0,4.6,8.0
Porsche,Panamera Edition,2016,60000.0,Gasoline,310.0HP 3.6L V6 Cylinder Engine Gasoline Fuel,Automatic,Gray,Black,,Yes,45000.0,310.0,3.6,6.0
Cadillac,Escalade ESV Platinum,2017,93971.0,Gasoline,420.0HP 6.2L 8 Cylinder Engine Gasoline Fuel,Automatic,White,Beige,,Yes,47000.0,420.0,6.2,8.0
Lexus,IS 350 Base,2015,62600.0,Gasoline,306.0HP 3.5L V6 Cylinder Engine Gasoline Fuel,Dual Clutch,Gray,Red,,Yes,27500.0,306.0,3.5,6.0
Mercedes-Benz,E-Class E 350 4MATIC,2014,84450.0,Gasoline,302.0HP 3.5L V6 Cylinder Engine Gasoline Fuel,Automatic,Gray,Beige,,Yes,19000.0,302.0,3.5,6.0
Audi,Q5 S line Premium,2022,18099.0,Hybrid,2.0 Liter TFSI,Automatic,Daytona Gray,Gray,,,40798.0,,2.0,
Mercedes-Benz,E-Class E 350 4MATIC,2014,76500.0,Gasoline,302.0HP 3.5L V6 Cylinder Engine Gasoline Fuel,Automatic,Silver,Black,,Yes,17999.0,302.0,3.5,6.0
Chevrolet,Camaro 1LT,2017,74000.0,Gasoline,275.0HP 2.0L 4 Cylinder Engine Gasoline Fuel,Automatic,Yellow,Black,,Yes,19800.0,275.0,2.0,4.0
Ram,1500 Laramie,2022,15607.0,Gasoline,5.7L V8 16V MPFI OHV,Automatic,Billet Silver Metallic Clearcoat,Black,,,45999.0,,5.7,8.0
Chevrolet,Silverado 1500 1LZ,2014,111095.0,E85 Flex Fuel,355.0HP 5.3L 8 Cylinder Engine Flex Fuel Capability,Automatic,White,Black,At least 1 accident or damage reported,Yes,26000.0,355.0,5.3,8.0
Toyota,Camry Solara SLE,2007,37216.0,Gasoline,210.0HP 3.3L V6 Cylinder Engine Gasoline Fuel,Automatic,Red,Beige,At least 1 accident or damage reported,Yes,14995.0,210.0,3.3,6.0
Jaguar,F-TYPE S,2015,25786.0,Gasoline,380.0HP 3.0L V6 Cylinder Engine Gasoline Fuel,Automatic,Blue,Gray,,Yes,38500.0,380.0,3.0,6.0
Jeep,Gladiator Sport,2021,15520.0,Gasoline,3.6L V6 24V MPFI DOHC,Automatic,Sting Gray Clearcoat,Black,,Yes,40459.0,,3.6,6.0
Ram,1500 Big Horn,2021,49583.0,Gasoline,5.7L V8 16V MPFI OHV,Automatic,Billet Silver Metallic Clearcoat,Black,,,42816.0,,5.7,8.0
Porsche,Cayenne Diesel,2015,97300.0,Diesel,240.0HP 3.0L V6 Cylinder Engine Diesel Fuel,Automatic,Black,Black,,Yes,29995.0,240.0,3.0,6.0
Chevrolet,Camaro Base,2002,89000.0,Gasoline,200.0HP 3.8L V6 Cylinder Engine Gasoline Fuel,Automatic,Silver,Black,,Yes,10400.0,200.0,3.8,6.0
Porsche,Cayenne S,2015,52111.0,Gasoline,420.0HP 3.6L V6 Cylinder Engine Gasoline Fuel,Automatic,Black,Black,At least 1 accident or damage reported,Yes,37500.0,420.0,3.6,6.0
Dodge,Challenger R/T Scat Pack,2019,75800.0,Gasoline,6.4 Liter,Automatic,Gray,Black,,,35998.0,,6.4,
Lexus,ES 350 Base,2010,113500.0,Gasoline,272.0HP 3.5L V6 Cylinder Engine Gasoline Fuel,Automatic,Red,Beige,At least 1 accident or damage reported,Yes,11000.0,272.0,3.5,6.0
Audi,Q3 2.0T Premium Plus,2015,155382.0,Gasoline,200.0HP 2.0L 4 Cylinder Engine Gasoline Fuel,Automatic,Brown,Gray,At least 1 accident or damage reported,Yes,13500.0,200.0,2.0,4.0
Mercedes-Benz,E-Class E 550,2016,49643.0,Gasoline,402.0HP 4.7L 8 Cylinder Engine Gasoline Fuel,Automatic,White,Black,At least 1 accident or damage reported,Yes,33995.0,402.0,4.7,8.0
Bmw,650 i xDrive,2015,76474.0,Gasoline,445.0HP 4.4L 8 Cylinder Engine Gasoline Fuel,Dual Clutch,White,Black,,Yes,32000.0,445.0,4.4,8.0
Porsche,Cayman Base,2016,10431.0,Gasoline,275.0HP 2.7L Flat 6 Cylinder Engine Gasoline Fuel,Automatic,Red,Black,,Yes,50999.0,275.0,2.7,6.0
Infiniti,FX50 Base,2009,190120.0,Gasoline,390.0HP 5.0L 8 Cylinder Engine Gasoline Fuel,Automatic,Gray,Black,At least 1 accident or damage reported,Yes,12500.0,390.0,5.0,8.0
Ford,F-150 XLT,2020,92000.0,Gasoline,375.0HP 3.5L V6 Cylinder Engine Gasoline Fuel,Automatic,Gray,Black,,Yes,29999.0,375.0,3.5,6.0
Chevrolet,Camaro 2LT,2017,24000.0,Gasoline,335.0HP 3.6L V6 Cylinder Engine Gasoline Fuel,Manual,Yellow,Black,,Yes,32000.0,335.0,3.6,6.0
Ram,1500 Big Horn,2020,25396.0,Gasoline,5.7L V8 16V MPFI OHV,Automatic,Maximum Steel Metallic,Black,,Yes,43250.0,,5.7,8.0
Chevrolet,Silverado 2500 H/D,2001,167000.0,Gasoline,300.0HP 6.0L 8 Cylinder Engine Gasoline Fuel,Automatic,White,Gray,At least 1 accident or damage reported,Yes,6500.0,300.0,6.0,8.0
Ram,1500 Laramie,2022,18645.0,Gasoline,5.7L V8 16V MPFI OHV,Automatic,Diamond Black,Black,,Yes,49700.0,,5.7,8.0
Porsche,911 Turbo,2018,28470.0,Gasoline,540.0HP 3.8L Flat 6 Cylinder Engine Gasoline Fuel,Dual Clutch,White,Black,At least 1 accident or damage reported,Yes,147500.0,540.0,3.8,6.0
Ford,Mustang V6,2016,54000.0,Gasoline,300.0HP 3.7L V6 Cylinder Engine Gasoline Fuel,Automatic,White,Black,,Yes,23999.0,300.0,3.7,6.0
Hyundai,Accent GL,2003,83000.0,Gasoline,104.0HP 1.6L 4 Cylinder Engine Gasoline Fuel,Manual,Blue,Gray,,Yes,2900.0,104.0,1.6,4.0
Audi,Q5 S line Premium Plus,2022,10071.0,Hybrid,2.0 Liter TFSI,Automatic,Mythos Black Metallic,Black,,,40598.0,,2.0,
Ford,F-150 XLT,2021,43329.0,Gasoline,3.5L V6 24V PDI DOHC Twin Turbo,Automatic,Carbonized Gray Metallic,Black,,Yes,43642.0,,3.5,6.0
Lexus,RC F Base,2015,51400.0,Gasoline,467.0HP 5.0L 8 Cylinder Engine Gasoline Fuel,Automatic,Silver,Gray,,Yes,43000.0,467.0,5.0,8.0
Chevrolet,Suburban 1500 LT,2015,153800.0,E85 Flex Fuel,355.0HP 5.3L 8 Cylinder Engine Flex Fuel Capability,Automatic,Silver,Black,At least 1 accident or damage reported,Yes,23000.0,355.0,5.3,8.0
Land,Rover Range Rover Sport SVR Carbon Edition,2022,9000.0,Gasoline,575.0HP 5.0L 8 Cylinder Engine Gasoline Fuel,Automatic,Green,Gray,,Yes,115000.0,575.0,5.0,8.0
Dodge,Viper SRT-10,2003,10800.0,Gasoline,500.0HP 8.3L 10 Cylinder Engine Gasoline Fuel,Manual,Silver,Black,,Yes,65499.0,500.0,8.3,10.0
Ram,1500 Laramie,2020,10458.0,Gasoline,5.7L V8 16V MPFI OHV,Automatic,Delmonico Red Pearlcoat,Black,,Yes,48815.0,,5.7,8.0
Bmw,328 i,2014,84709.0,Gasoline,240.0HP 2.0L 4 Cylinder Engine Gasoline Fuel,Automatic,Silver,Gray,,Yes,13800.0,240.0,2.0,4.0
Mercedes-Benz,AMG C 43 AMG C 43 4MATIC,2019,33500.0,Gasoline,385.0HP 3.0L V6 Cylinder Engine Gasoline Fuel,Automatic,Red,Black,,Yes,45770.0,385.0,3.0,6.0
Bmw,M4 Base,2015,98000.0,Gasoline,425.0HP 3.0L Straight 6 Cylinder Engine Gasoline Fuel,Dual Clutch,Black,Orange,,Yes,32999.0,425.0,3.0,6.0
Bmw,750 i,2008,94653.0,Gasoline,360.0HP 4.8L 8 Cylinder Engine Gasoline Fuel,Automatic,Green,Green,At least 1 accident or damage reported,Yes,7300.0,360.0,4.8,8.0
Ford,Expedition Limited,2023,9281.0,Gasoline,440.0HP 3.5L V6 Cylinder Engine Gasoline Fuel,Automatic,Black,Black,,Yes,85000.0,440.0,3.5,6.0
Chevrolet,Traverse Premier,2023,11806.0,Gasoline,310.0HP 3.6L V6 Cylinder Engine Gasoline Fuel,Automatic,White,Black,,Yes,47000.0,310.0,3.6,6.0
Mercedes-Benz,E-Class D 2.5 Turbo,1993,70015.0,,–,Automatic,Gray,Gray,,Yes,22500.0,,,
Cadillac,Escalade Platinum,2020,48613.0,Gasoline,420.0HP 6.2L 8 Cylinder Engine Gasoline Fuel,Automatic,Black,Black,At least 1 accident or damage reported,Yes,61500.0,420.0,6.2,8.0
Ram,3500 Tradesman,2023,2990.0,Diesel,400.0HP 6.7L Straight 6 Cylinder Engine Diesel Fuel,Automatic,White,Black,At least 1 accident or damage reported,Yes,69900.0,400.0,6.7,6.0
Audi,TT 1.8L,2005,124747.0,Gasoline,180.0HP 1.8L 4 Cylinder Engine Gasoline Fuel,Dual Clutch,Silver,Black,,Yes,6900.0,180.0,1.8,4.0
Ram,1500 Big Horn,2021,24000.0,Hybrid,395.0HP 5.7L 8 Cylinder Engine Gasoline/Mild Electric Hybrid,Automatic,Silver,Black,,Yes,42000.0,395.0,5.7,8.0
Mazda,CX-7 Sport,2009,113000.0,Gasoline,244.0HP 2.3L 4 Cylinder Engine Gasoline Fuel,Automatic,Gray,Black,,Yes,5499.0,244.0,2.3,4.0
Infiniti,QX60 Base,2017,89106.0,Gasoline,295.0HP 3.5L V6 Cylinder Engine Gasoline Fuel,Dual Clutch,White,Beige,,Yes,18000.0,295.0,3.5,6.0
Ford,F-250 Platinum,2017,22000.0,E85 Flex Fuel,385.0HP 6.2L 8 Cylinder Engine Flex Fuel Capability,Automatic,Beige,Black,At least 1 accident or damage reported,Yes,53000.0,385.0,6.2,8.0
Jeep,Compass Limited,2022,20472.0,Gasoline,2.4L I4 16V MPFI SOHC,Automatic,Red,Black,,,28298.0,,2.4,
Infiniti,QX80 SENSORY,2023,8600.0,Gasoline,400.0HP 5.6L 8 Cylinder Engine Gasoline Fuel,Automatic,Black,Brown,,,78990.0,400.0,5.6,8.0
Chevrolet,Silverado 1500 Limited LT Trail Boss,2022,4753.0,Gasoline,355.0HP 5.3L 8 Cylinder Engine Gasoline Fuel,Automatic,White,Black,,Yes,57000.0,355.0,5.3,8.0
Hyundai,Genesis Coupe 2.0T,2010,65000.0,Gasoline,210.0HP 2.0L 4 Cylinder Engine Gasoline Fuel,Automatic,Gray,Black,,,8900.0,210.0,2.0,4.0
Chevrolet,Camaro 1SS,2021,15000.0,Gasoline,455.0HP 6.2L 8 Cylinder Engine Gasoline Fuel,Manual,Blue,Gray,,Yes,43500.0,455.0,6.2,8.0
Chevrolet,Tahoe Base,1997,229000.0,Diesel,180.0HP 6.5L 8 Cylinder Engine Diesel Fuel,Automatic,Green,Beige,At least 1 accident or damage reported,Yes,19500.0,180.0,6.5,8.0
Audi,A6 3.0 TDI Premium Plus,2014,42400.0,Diesel,240.0HP 3.0L V6 Cylinder Engine Diesel Fuel,Automatic,Silver,Black,,Yes,26500.0,240.0,3.0,6.0
Land,Rover Defender S,2023,15840.0,Gasoline,296.0HP 2.0L 4 Cylinder Engine Gasoline Fuel,Automatic,White,Black,,Yes,69900.0,296.0,2.0,4.0
Porsche,Cayenne S,2016,76200.0,Gasoline,420.0HP 3.6L V6 Cylinder Engine Gasoline Fuel,Dual Clutch,Gray,Beige,,Yes,42000.0,420.0,3.6,6.0
Chevrolet,Suburban Premier,2019,105667.0,Gasoline,355.0HP 5.3L 8 Cylinder Engine Gasoline Fuel,Automatic,Black,Beige,,Yes,39000.0,355.0,5.3,8.0
Chevrolet,Suburban Premier,2019,51338.0,Gasoline,355.0HP 5.3L 8 Cylinder Engine Gasoline Fuel,Automatic,White,Black,,Yes,49900.0,355.0,5.3,8.0
Dodge,Dart SE,2016,76857.0,Gasoline,160.0HP 2.0L 4 Cylinder Engine Gasoline Fuel,Manual,Black,Black,At least 1 accident or damage reported,Yes,8100.0,160.0,2.0,4.0
Ford,F-250 Lariat,2019,80200.0,E85 Flex Fuel,385.0HP 6.2L 8 Cylinder Engine Flex Fuel Capability,Automatic,White,Black,,Yes,42500.0,385.0,6.2,8.0
Toyota,Sequoia SR5,2002,244200.0,Gasoline,240.0HP 4.7L 8 Cylinder Engine Gasoline Fuel,Automatic,White,–,At least 1 accident or damage reported,Yes,3950.0,240.0,4.7,8.0
Ford,Mustang GT,2014,38560.0,Gasoline,420.0HP 5.0L 8 Cylinder Engine Gasoline Fuel,Manual,Black,Black,At least 1 accident or damage reported,Yes,28500.0,420.0,5.0,8.0
Chevrolet,Corvette Stingray w/2LT,2020,12500.0,Gasoline,490.0HP 6.2L 8 Cylinder Engine Gasoline Fuel,Dual Clutch,Yellow,Black,,Yes,84999.0,490.0,6.2,8.0
Hyundai,Genesis Coupe 3.8 Base,2016,45303.0,Gasoline,348.0HP 3.8L V6 Cylinder Engine Gasoline Fuel,Automatic,White,Black,,Yes,20999.0,348.0,3.8,6.0
Ford,Focus ST Base,2014,110000.0,Gasoline,252.0HP 2.0L 4 Cylinder Engine Gasoline Fuel,Manual,Silver,Gray,,Yes,9495.0,252.0,2.0,4.0
Cadillac,CTS Luxury,2011,66200.0,Gasoline,270.0HP 3.0L V6 Cylinder Engine Gasoline Fuel,Automatic,Black,Black,,Yes,16499.0,270.0,3.0,6.0
Subaru,Baja Base,2003,71000.0,Gasoline,165.0HP 2.5L 4 Cylinder Engine Gasoline Fuel,Manual,Red,Black,,Yes,14900.0,165.0,2.5,4.0
Toyota,Highlander XLE,2019,81301.0,Gasoline,3.5L V6 24V PDI DOHC,Automatic,Black,Black,,Yes,30275.0,,3.5,6.0
Chevrolet,Corvette Stingray Z51,2019,7033.0,Gasoline,460.0HP 6.2L 8 Cylinder Engine Gasoline Fuel,Automatic,White,Black,,Yes,63900.0,460.0,6.2,8.0
Dodge,Durango SRT,2020,36000.0,Gasoline,475.0HP 6.4L 8 Cylinder Engine Gasoline Fuel,Automatic,Gray,Red,,Yes,62000.0,475.0,6.4,8.0
Acura,TSX 2.4,2010,116000.0,Gasoline,201.0HP 2.4L 4 Cylinder Engine Gasoline Fuel,Manual,Silver,Black,At least 1 accident or damage reported,Yes,9000.0,201.0,2.4,4.0
Chevrolet,Camaro 2SS,2018,42780.0,Gasoline,455.0HP 6.2L 8 Cylinder Engine Gasoline Fuel,Dual Clutch,Black,Black,At least 1 accident or damage reported,Yes,41100.0,455.0,6.2,8.0
Bmw,640 Gran Coupe i,2014,39886.0,Gasoline,315.0HP 3.0L Straight 6 Cylinder Engine Gasoline Fuel,Dual Clutch,Black,Red,At least 1 accident or damage reported,Yes,26000.0,315.0,3.0,6.0
Audi,S5 3.0T Premium Plus,2014,151400.0,Gasoline,333.0HP 3.0L V6 Cylinder Engine Gasoline Fuel,Dual Clutch,Gray,Black,,Yes,15400.0,333.0,3.0,6.0
Alfa,Romeo Giulia Base,2017,48000.0,Gasoline,280.0HP 2.0L 4 Cylinder Engine Gasoline Fuel,Automatic,Red,Black,,Yes,20500.0,280.0,2.0,4.0
Toyota,Highlander XLE,2023,8727.0,Gasoline,2.4L I4 16V PDI DOHC Turbo,Automatic,Ruby Flare Pearl,Black,,,44596.0,,2.4,
Rolls-Royce,Ghost Base,2011,79000.0,Gasoline,563.0HP 6.6L 12 Cylinder Engine Gasoline Fuel,Automatic,Black,White,At least 1 accident or damage reported,Yes,80300.0,563.0,6.6,12.0
Dodge,Challenger R/T,2020,54000.0,Gasoline,372.0HP 5.7L 8 Cylinder Engine Gasoline Fuel,Automatic,Gray,Black,,Yes,34000.0,372.0,5.7,8.0
Porsche,Cayenne Base,2016,110000.0,Gasoline,300.0HP 3.6L V6 Cylinder Engine Gasoline Fuel,Automatic,White,White,At least 1 accident or damage reported,Yes,25900.0,300.0,3.6,6.0
Chevrolet,Bolt EV LT,2020,49688.0,,200.0HP Electric Motor Electric Fuel System,Automatic,Blue,Gray,,Yes,24900.0,200.0,,
Mercedes-Benz,Metris Base,2020,14000.0,Gasoline,208.0HP 2.0L 4 Cylinder Engine Gasoline Fuel,Automatic,Black,Beige,,Yes,48000.0,208.0,2.0,4.0
Dodge,Charger SRT Hellcat Widebody,2023,5000.0,Gasoline,717.0HP 6.2L 8 Cylinder Engine Gasoline Fuel,Dual Clutch,Gray,Black,,Yes,110000.0,717.0,6.2,8.0
Chevrolet,Silverado 1500 ZR2,2022,11597.0,Gasoline,6.2L V8 16V GDI OHV,Automatic,Silver Ice Metallic,Jet Black,,,68590.0,,6.2,8.0
Mercedes-Benz,AMG S 63 Base 4MATIC,2017,86101.0,Gasoline,577.0HP 5.5L 8 Cylinder Engine Gasoline Fuel,Automatic,Gray,Red,At least 1 accident or damage reported,Yes,72777.0,577.0,5.5,8.0
Chevrolet,Silverado 1500 LT,2017,58816.0,Gasoline,5.3L V8 16V GDI OHV,Automatic,Black,Jet Black,,,36590.0,,5.3,8.0
Lexus,RC 350 Base,2016,77856.0,Gasoline,3.5L V6 24V PDI DOHC,Automatic,Atomic Silver,Black,,Yes,30919.0,,3.5,6.0
Lamborghini,Urus Base,2021,20069.0,Gasoline,4.0L V8 32V GDI DOHC Twin Turbo,Automatic,Rosso Mars Metallic,Nero Ade,,,229900.0,,4.0,8.0
Gmc,Acadia SLE-1,2015,115282.0,Gasoline,3.6L V6 24V GDI DOHC,Automatic,Crimson Red Tintcoat,Ebony,At least 1 accident or damage reported,Yes,12433.0,,3.6,6.0
Porsche,911 GT3,2016,30700.0,Gasoline,475.0HP 3.8L Flat 6 Cylinder Engine Gasoline Fuel,Automatic,White,Black,,Yes,138999.0,475.0,3.8,6.0
Mini,Cooper Base,2003,103726.0,Gasoline,115.0HP 1.6L 4 Cylinder Engine Gasoline Fuel,Manual,Red,Gray,At least 1 accident or damage reported,Yes,5995.0,115.0,1.6,4.0
Mazda,MX-5 Miata Sport,2008,39800.0,Gasoline,158.0HP 2.0L 4 Cylinder Engine Gasoline Fuel,Dual Clutch,Blue,Black,,Yes,13250.0,158.0,2.0,4.0
Toyota,4Runner TRD Off Road,2019,79500.0,Gasoline,270.0HP 4.0L V6 Cylinder Engine Gasoline Fuel,Automatic,White,Black,,Yes,33333.0,270.0,4.0,6.0
Toyota,Highlander Limited,2008,165520.0,Gasoline,270.0HP 3.5L V6 Cylinder Engine Gasoline Fuel,Automatic,Gray,Gray,At least 1 accident or damage reported,Yes,9000.0,270.0,3.5,6.0
Bmw,650 Gran Coupe i,2014,92000.0,Gasoline,445.0HP 4.4L 8 Cylinder Engine Gasoline Fuel,Dual Clutch,Black,Black,At least 1 accident or damage reported,Yes,24000.0,445.0,4.4,8.0
Hyundai,Palisade Calligraphy,2023,1500.0,Gasoline,291.0HP 3.8L V6 Cylinder Engine Gasoline Fuel,Dual Clutch,Green,Black,,Yes,55000.0,291.0,3.8,6.0
Pontiac,Solstice GXP,2008,38100.0,Gasoline,260.0HP 2.0L 4 Cylinder Engine Gasoline Fuel,Manual,Orange,Black,,Yes,19950.0,260.0,2.0,4.0
Land,Rover Range Rover Evoque SE Premium,2018,42125.0,Gasoline,237.0HP 2.0L 4 Cylinder Engine Gasoline Fuel,Dual Clutch,White,Black,,Yes,38999.0,237.0,2.0,4.0
Porsche,Cayenne Diesel,2014,86818.0,Diesel,240.0HP 3.0L V6 Cylinder Engine Diesel Fuel,Dual Clutch,Silver,Black,,Yes,33500.0,240.0,3.0,6.0
Bmw,M3 Competition xDrive,2023,3490.0,Gasoline,503.0HP 3.0L Straight 6 Cylinder Engine Gasoline Fuel,Automatic,Gray,Black,,Yes,95580.0,503.0,3.0,6.0
Toyota,Avalon Limited,2008,111300.0,Gasoline,268.0HP 3.5L V6 Cylinder Engine Gasoline Fuel,Dual Clutch,Gold,Beige,,Yes,7900.0,268.0,3.5,6.0
Bmw,M3 Base,2011,98200.0,Gasoline,414.0HP 4.0L 8 Cylinder Engine Gasoline Fuel,Automatic,White,Black,,Yes,27000.0,414.0,4.0,8.0
Porsche,Panamera Base,2018,42500.0,Gasoline,330.0HP 3.0L V6 Cylinder Engine Gasoline Fuel,Automatic,Black,Beige,At least 1 accident or damage reported,Yes,53999.0,330.0,3.0,6.0
Jeep,Wrangler Sport,2001,171000.0,Gasoline,181.0HP 4.0L Straight 6 Cylinder Engine Gasoline Fuel,Manual,White,Black,At least 1 accident or damage reported,Yes,15000.0,181.0,4.0,6.0
Honda,Passport TrailSport,2023,11649.0,Gasoline,280.0HP 3.5L V6 Cylinder Engine Gasoline Fuel,Automatic,Black,Black,,,39999.0,280.0,3.5,6.0
Mercedes-Benz,SL-Class SL 550,2013,24933.0,Gasoline,429.0HP 4.6L 8 Cylinder Engine Gasoline Fuel,Dual Clutch,Silver,Red,At least 1 accident or damage reported,Yes,40250.0,429.0,4.6,8.0
Audi,RS 4 Base,2007,99769.0,Gasoline,420.0HP 4.2L 8 Cylinder Engine Gasoline Fuel,Manual,Gray,White,,Yes,29995.0,420.0,4.2,8.0
Toyota,Avalon Limited,2022,16156.0,Gasoline,3.5L V6 24V PDI DOHC,Automatic,Blueprint,Graphite,,,39390.0,,3.5,6.0
Mercedes-Benz,E-Class E 350 4MATIC,2008,67250.0,Gasoline,268.0HP 3.5L V6 Cylinder Engine Gasoline Fuel,Automatic,White,Beige,,Yes,11900.0,268.0,3.5,6.0
Gmc,Yukon Denali,2021,30022.0,Gasoline,420.0HP 6.2L 8 Cylinder Engine Gasoline Fuel,Automatic,Blue,Black,At least 1 accident or damage reported,Yes,74500.0,420.0,6.2,8.0
Porsche,Panamera 4S,2017,42596.0,Gasoline,440.0HP 2.9L V6 Cylinder Engine Gasoline Fuel,Dual Clutch,Black,Black,,Yes,78000.0,440.0,2.9,6.0
Ford,Explorer XLT,2021,33705.0,Gasoline,2.3L I4 16V GDI DOHC Turbo,Automatic,White,Light Slate,At least 1 accident or damage reported,Yes,36995.0,,2.3,
Land,Rover LR4 HSE LUX Landmark Edition,2016,63300.0,Gasoline,340.0HP 3.0L V6 Cylinder Engine Gasoline Fuel,Automatic,White,Brown,,Yes,31000.0,340.0,3.0,6.0
Acura,TLX Type S w/Performance Tire,2023,4700.0,Gasoline,355.0HP 3.0L V6 Cylinder Engine Gasoline Fuel,Automatic,Red,Black,,Yes,52000.0,355.0,3.0,6.0
Toyota,Tacoma Base,2020,27256.0,Gasoline,3.5 Liter,,Midnight Black Metallic,Black/Gun Metal,,,42998.0,,3.5,
Hummer,H3 Base,2010,107481.0,Gasoline,239.0HP 3.7L 5 Cylinder Engine Gasoline Fuel,Automatic,White,Black,,Yes,13500.0,239.0,3.7,5.0
Tesla,Model 3 Long Range,2018,61700.0,,271.0HP Electric Motor Electric Fuel System,Automatic,White,Black,,Yes,25900.0,271.0,,
Volvo,850 Turbo,1995,94000.0,,–,Automatic,White,Black,,Yes,4500.0,,,
Jeep,Wrangler Unlimited Sahara,2017,128000.0,Gasoline,285.0HP 3.6L V6 Cylinder Engine Gasoline Fuel,Automatic,Gray,Black,,Yes,26800.0,285.0,3.6,6.0
Chevrolet,Camaro 2SS,2018,26000.0,Gasoline,455.0HP 6.2L 8 Cylinder Engine Gasoline Fuel,Automatic,White,Black,,Yes,39000.0,455.0,6.2,8.0
Audi,S6 4.0T,2015,74000.0,Gasoline,420.0HP 4.0L 8 Cylinder Engine Gasoline Fuel,Automatic,Blue,Gray,,Yes,29950.0,420.0,4.0,8.0
Audi,TT RS Base,2012,54900.0,Gasoline,360.0HP 2.5L 5 Cylinder Engine Gasoline Fuel,Manual,White,Brown,,,28900.0,360.0,2.5,5.0
Infiniti,QX56 Base,2012,141775.0,Gasoline,400.0HP 5.6L 8 Cylinder Engine Gasoline Fuel,Dual Clutch,White,Beige,,Yes,11500.0,400.0,5.6,8.0
Volkswagen,New Beetle GLS,2001,63250.0,Gasoline,115.0HP 2.0L 4 Cylinder Engine Gasoline Fuel,Automatic,Yellow,Yellow,,Yes,12000.0,115.0,2.0,4.0
Audi,Q5 S line Premium Plus,2022,13895.0,Hybrid,2.0 Liter TFSI,Automatic,Daytona Gray,Black,,,44998.0,,2.0,
Lamborghini,Aventador LP750-4 Superveloce,2017,10654.0,Gasoline,"6.5L V-12 DOHC, variable valve control, premium unleaded, engine",Automatic,Balloon White,Nero Ade,,,449991.0,,6.5,
Ford,F-250 XL,2014,35900.0,E85 Flex Fuel,385.0HP 6.2L 8 Cylinder Engine Flex Fuel Capability,Dual Clutch,Blue,Gray,At least 1 accident or damage reported,Yes,27900.0,385.0,6.2,8.0
Gmc,Yukon XL Denali,2022,48306.0,Gasoline,6.2L V8 16V GDI OHV,Automatic,Summit White,Jet Black,At least 1 accident or damage reported,Yes,71999.0,,6.2,8.0
Audi,A4 2.0T Premium,2012,125000.0,Gasoline,211.0HP 2.0L 4 Cylinder Engine Gasoline Fuel,Automatic,Black,Black,,Yes,10500.0,211.0,2.0,4.0
Dodge,Challenger SRT 392,2016,37700.0,,–,Automatic,Black,Black,At least 1 accident or damage reported,Yes,38000.0,,,
Tesla,Model S P100D,2017,103000.0,,Electric Motor Electric Fuel System,Automatic,Black,White,,Yes,36000.0,,,
Mazda,CX-30 Premium Package,2021,45303.0,Gasoline,2.5L I4 16V GDI DOHC,Automatic,Snowflake White Pearl,White / Brown,,,25382.0,,2.5,
Lexus,ES 350 Base,2016,53900.0,Gasoline,268.0HP 3.5L V6 Cylinder Engine Gasoline Fuel,Automatic,Red,Beige,,Yes,27500.0,268.0,3.5,6.0
Jeep,Wrangler Sahara,2008,54000.0,Gasoline,202.0HP 3.8L V6 Cylinder Engine Gasoline Fuel,Automatic,Green,Gray,,Yes,20000.0,202.0,3.8,6.0
Chevrolet,Avalanche 1500 LTZ,2007,129000.0,Gasoline,366.0HP 6.0L 8 Cylinder Engine Gasoline Fuel,Automatic,White,Beige,,Yes,17950.0,366.0,6.0,8.0
Jeep,Grand Cherokee L Laredo,2022,10232.0,Gasoline,3.6L V6 24V MPFI DOHC,Automatic,Diamond Black,Global Black,,Yes,44646.0,,3.6,6.0
Acura,MDX w/Advance Package,2023,3708.0,Gasoline,3.5 Liter SOHC,Automatic,White,Espresso,,,58998.0,,3.5,
Nissan,Pathfinder SL,2018,167000.0,Gasoline,284.0HP 3.5L V6 Cylinder Engine Gasoline Fuel,Automatic,Black,Beige,,,14500.0,284.0,3.5,6.0
Tesla,Model X Long Range,2019,37000.0,,518.0HP Electric Motor Electric Fuel System,Automatic,Gray,Black,,Yes,58000.0,518.0,,
Subaru,Impreza Premium,2022,10419.0,Gasoline,"2L H-4 gasoline direct injection, DOHC, variable valve control,",CVT,Crystal White Pearl,Black,At least 1 accident or damage reported,,24998.0,,,
Audi,A8 4.0T,2014,96238.0,Gasoline,420.0HP 4.0L 8 Cylinder Engine Gasoline Fuel,Dual Clutch,Black,Black,At least 1 accident or damage reported,Yes,22500.0,420.0,4.0,8.0
Subaru,Ascent Limited 7-Passenger,2022,12700.0,Gasoline,260.0HP 2.4L 4 Cylinder Engine Gasoline Fuel,,White,Beige,,Yes,38500.0,260.0,2.4,4.0
Chevrolet,Avalanche 1500 LT,2007,244000.0,E85 Flex Fuel,320.0HP 5.3L 8 Cylinder Engine Flex Fuel Capability,Automatic,Gray,Gray,,Yes,16900.0,320.0,5.3,8.0
Porsche,Cayenne S,2015,124000.0,Gasoline,420.0HP 3.6L V6 Cylinder Engine Gasoline Fuel,Automatic,White,Beige,,Yes,25000.0,420.0,3.6,6.0
Bmw,335 i,2009,123000.0,Gasoline,300.0HP 3.0L Straight 6 Cylinder Engine Gasoline Fuel,Automatic,Purple,Black,,Yes,15000.0,300.0,3.0,6.0
Gmc,Sierra 1500 Limited Elevation,2022,24900.0,Gasoline,310.0HP 2.7L 4 Cylinder Engine Gasoline Fuel,Automatic,Black,Black,,Yes,49900.0,310.0,2.7,4.0
Ford,Explorer Sport,2016,95500.0,Gasoline,365.0HP 3.5L V6 Cylinder Engine Gasoline Fuel,Dual Clutch,Black,Black,,Yes,20000.0,365.0,3.5,6.0
Cadillac,Escalade ESV Sport,2021,4283.0,Gasoline,6.2L V8 16V GDI OHV,Automatic,Black,Brandy,,Yes,479995.0,,6.2,8.0
Lexus,LX 570 Three-Row,2021,48300.0,Gasoline,383.0HP 5.7L 8 Cylinder Engine Gasoline Fuel,Automatic,White,Red,,Yes,82000.0,383.0,5.7,8.0
Bmw,M3 Base,2008,94000.0,Gasoline,414.0HP 4.0L 8 Cylinder Engine Gasoline Fuel,Manual,Gray,Red,,Yes,25999.0,414.0,4.0,8.0
Nissan,Xterra Pro-4X,2011,183000.0,Gasoline,261.0HP 4.0L V6 Cylinder Engine Gasoline Fuel,Automatic,Black,Gray,At least 1 accident or damage reported,Yes,12000.0,261.0,4.0,6.0
Ford,Fusion Hybrid SE Hybrid,2013,126225.0,Hybrid,188.0HP 2.0L 4 Cylinder Engine Gas/Electric Hybrid,,Silver,Black,At least 1 accident or damage reported,Yes,11500.0,188.0,2.0,4.0
Volkswagen,Golf GTI 2.0T SE 4-Door,2016,87892.0,Gasoline,210.0HP 2.0L 4 Cylinder Engine Gasoline Fuel,Manual,Gray,Black,,Yes,16000.0,210.0,2.0,4.0
Cadillac,CTS-V Base,2012,45000.0,Gasoline,556.0HP 6.2L 8 Cylinder Engine Gasoline Fuel,Automatic,Red,Black,,Yes,41500.0,556.0,6.2,8.0
Aston,Martin Vantage Base,2022,1023.0,Gasoline,503.0HP 4.0L 8 Cylinder Engine Gasoline Fuel,Automatic,Blue,Brown,,Yes,156900.0,503.0,4.0,8.0
Lexus,GX 460 Base,2015,106000.0,Gasoline,301.0HP 4.6L 8 Cylinder Engine Gasoline Fuel,Automatic,Black,Beige,,Yes,37500.0,301.0,4.6,8.0
Gmc,Acadia SLT-1,2019,51300.0,Gasoline,193.0HP 2.5L 4 Cylinder Engine Gasoline Fuel,Automatic,Black,Black,At least 1 accident or damage reported,Yes,25500.0,193.0,2.5,4.0
Ford,Bronco Sport Big Bend,2021,30176.0,Gasoline,1.5L I3 12V PDI DOHC Turbo,Automatic,Black,Medium Dark Slate,,Yes,28979.0,,1.5,
Nissan,Titan SV,2021,27598.0,Gasoline,5.6L V8 32V GDI DOHC,Automatic,Black,Black,,,39884.0,,5.6,8.0
Volkswagen,Jetta SportWagen SE,2012,107000.0,Gasoline,170.0HP 2.5L 5 Cylinder Engine Gasoline Fuel,Automatic,Black,Beige,,Yes,9499.0,170.0,2.5,5.0
Land,Rover Range Rover 5.0L V8 Supercharged,2019,17500.0,Gasoline,518.0HP 5.0L 8 Cylinder Engine Gasoline Fuel,Automatic,Black,Black,,Yes,65000.0,518.0,5.0,8.0
Ram,2500 Laramie,2017,117878.0,Diesel,350.0HP 6.7L Straight 6 Cylinder Engine Diesel Fuel,Dual Clutch,Red,Black,,Yes,42000.0,350.0,6.7,6.0
Nissan,Murano SL,2010,138700.0,Gasoline,265.0HP 3.5L V6 Cylinder Engine Gasoline Fuel,,Gray,Black,At least 1 accident or damage reported,Yes,7000.0,265.0,3.5,6.0
Cadillac,Escalade ESV Base,2009,152068.0,E85 Flex Fuel,403.0HP 6.2L 8 Cylinder Engine Flex Fuel Capability,Automatic,White,Black,At least 1 accident or damage reported,Yes,12350.0,403.0,6.2,8.0
Bmw,428 i xDrive SULEV,2016,77000.0,Gasoline,240.0HP 2.0L 4 Cylinder Engine Gasoline Fuel,Dual Clutch,White,Red,At least 1 accident or damage reported,Yes,26999.0,240.0,2.0,4.0
Ford,Focus RS Base,2017,26000.0,Gasoline,350.0HP 2.3L 4 Cylinder Engine Gasoline Fuel,Manual,Gray,Black,,Yes,37000.0,350.0,2.3,4.0
Lexus,CT 200h Premium,2014,131200.0,Hybrid,134.0HP 1.8L 4 Cylinder Engine Gas/Electric Hybrid,Automatic,Brown,Brown,,Yes,14000.0,134.0,1.8,4.0
Buick,Enclave Leather,2017,83280.0,Gasoline,3.6L V6 24V GDI DOHC,Automatic,Quicksilver Metallic,Ebony,,,20599.0,,3.6,6.0
Bmw,M3 Base,2015,59000.0,Gasoline,425.0HP 3.0L Straight 6 Cylinder Engine Gasoline Fuel,Manual,Gray,Black,,Yes,53500.0,425.0,3.0,6.0
Volkswagen,Arteon 2.0T SEL R-Line,2020,15500.0,Gasoline,268.0HP 2.0L 4 Cylinder Engine Gasoline Fuel,Automatic,Silver,Black,,Yes,30000.0,268.0,2.0,4.0
Bmw,X6 xDrive35i,2013,90000.0,Gasoline,300.0HP 3.0L Straight 6 Cylinder Engine Gasoline Fuel,Automatic,White,Red,,Yes,19950.0,300.0,3.0,6.0
Infiniti,G35 Base,2006,94000.0,Gasoline,280.0HP 3.5L V6 Cylinder Engine Gasoline Fuel,Dual Clutch,White,Gray,At least 1 accident or damage reported,Yes,10995.0,280.0,3.5,6.0
Hummer,H2 Base,2008,63750.0,Gasoline,393.0HP 6.2L 8 Cylinder Engine Gasoline Fuel,Automatic,White,Black,At least 1 accident or damage reported,Yes,55000.0,393.0,6.2,8.0
Mercedes-Benz,C-Class C 300 4MATIC Luxury,2011,95500.0,Gasoline,228.0HP 3.0L V6 Cylinder Engine Gasoline Fuel,Automatic,Black,Beige,At least 1 accident or damage reported,Yes,15990.0,228.0,3.0,6.0
Acura,ILX Premium Package,2019,37900.0,Gasoline,201.0HP 2.4L 4 Cylinder Engine Gasoline Fuel,Automatic,White,Black,,Yes,26000.0,201.0,2.4,4.0
Porsche,911 GT3,2015,13250.0,Gasoline,475.0HP 3.8L Flat 6 Cylinder Engine Gasoline Fuel,Automatic,Brown,Gray,,Yes,154900.0,475.0,3.8,6.0
Ram,1500 Longhorn,2019,76249.0,Gasoline,5.7L V8 16V MPFI OHV,Automatic,Diamond Black,Mountain Brown,At least 1 accident or damage reported,,40995.0,,5.7,8.0
Bmw,M3 Base,2001,81000.0,Gasoline,333.0HP 3.2L Straight 6 Cylinder Engine Gasoline Fuel,Manual,Blue,Gray,,Yes,39000.0,333.0,3.2,6.0
Chevrolet,Suburban LT,2022,37806.0,Gasoline,355.0HP 5.3L 8 Cylinder Engine Gasoline Fuel,Automatic,Black,Black,,Yes,60894.0,355.0,5.3,8.0
Dodge,Ram 2500 ST,2010,151544.0,Gasoline,355.0HP 5.7L 8 Cylinder Engine Gasoline Fuel,Automatic,Brown,Gray,At least 1 accident or damage reported,Yes,17700.0,355.0,5.7,8.0
Chevrolet,Camaro 2SS,2012,60345.0,Gasoline,400.0HP 6.2L 8 Cylinder Engine Gasoline Fuel,Automatic,Yellow,Black,,Yes,26950.0,400.0,6.2,8.0
Dodge,Challenger SE,2010,90305.0,Gasoline,250.0HP 3.5L V6 Cylinder Engine Gasoline Fuel,Automatic,Gray,Black,,Yes,12000.0,250.0,3.5,6.0
Jeep,Grand Cherokee L Limited,2022,13275.0,Gasoline,3.6L V6 24V MPFI DOHC,Automatic,Velvet Red Pearlcoat,Global Black,,,42599.0,,3.6,6.0
Chevrolet,Camaro 2SS,2018,8660.0,Gasoline,455.0HP 6.2L 8 Cylinder Engine Gasoline Fuel,Automatic,White,Black,,Yes,45000.0,455.0,6.2,8.0
Ford,F-350 Lariat,2021,28220.0,Diesel,475.0HP 6.7L 8 Cylinder Engine Diesel Fuel,Automatic,Silver,Black,,Yes,73600.0,475.0,6.7,8.0
Ford,F-250 King Ranch,2015,97700.0,Diesel,440.0HP 6.7L 8 Cylinder Engine Diesel Fuel,Automatic,Black,–,,Yes,39950.0,440.0,6.7,8.0
Chevrolet,Corvette Stingray w/3LT,2023,4200.0,Gasoline,490.0HP 6.2L 8 Cylinder Engine Gasoline Fuel,Automatic,White,Black,,Yes,98000.0,490.0,6.2,8.0
Bentley,Continental GT V8 First Edition,2020,27404.0,Gasoline,"4L V-8 gasoline direct injection, DOHC, variable valve control,",Automatic,Dark Sapphire,Linen,,,199991.0,,,
Lincoln,MKC Reserve,2016,100000.0,Gasoline,240.0HP 2.0L 4 Cylinder Engine Gasoline Fuel,Dual Clutch,White,White,,Yes,24000.0,240.0,2.0,4.0
Ford,Excursion Limited,2001,333361.0,Diesel,250.0HP 7.3L 8 Cylinder Engine Diesel Fuel,Automatic,Black,Beige,At least 1 accident or damage reported,Yes,17000.0,250.0,7.3,8.0
Land,Rover Discovery SE,2018,63295.0,Gasoline,340.0HP 3.0L V6 Cylinder Engine Gasoline Fuel,Automatic,Blue,White,,Yes,29993.0,340.0,3.0,6.0
Land,Rover Defender V8,2022,3000.0,Gasoline,518.0HP 5.0L 8 Cylinder Engine Gasoline Fuel,Automatic,Black,Black,,Yes,96500.0,518.0,5.0,8.0
Chevrolet,Silverado 1500 2LT,2014,102604.0,E85 Flex Fuel,355.0HP 5.3L 8 Cylinder Engine Flex Fuel Capability,Automatic,Gray,Gray,,Yes,25500.0,355.0,5.3,8.0
Mercedes-Benz,AMG G 63 Base,2017,39800.0,Gasoline,563.0HP 5.5L 8 Cylinder Engine Gasoline Fuel,Automatic,White,Red,,Yes,99000.0,563.0,5.5,8.0
Ford,F-250 XLT,2019,124000.0,E85 Flex Fuel,385.0HP 6.2L 8 Cylinder Engine Flex Fuel Capability,Automatic,White,Gray,,Yes,40100.0,385.0,6.2,8.0
Tesla,Model 3 Base,2022,12080.0,,271.0HP Electric Motor Electric Fuel System,Automatic,Black,Black,,Yes,36750.0,271.0,,
Lexus,LX 570 Three-Row,2018,39300.0,Gasoline,383.0HP 5.7L 8 Cylinder Engine Gasoline Fuel,Dual Clutch,Black,Black,,Yes,69500.0,383.0,5.7,8.0
Infiniti,QX60 Luxe,2019,51000.0,Gasoline,295.0HP 3.5L V6 Cylinder Engine Gasoline Fuel,,Gray,–,At least 1 accident or damage reported,Yes,29000.0,295.0,3.5,6.0
Rivian,R1S Adventure Package,2023,250.0,,835.0HP Electric Motor Electric Fuel System,Automatic,Green,Black,,,97500.0,835.0,,
Land,Rover Range Rover Sport 3.0L Supercharged HSE,2017,67000.0,Gasoline,340.0HP 3.0L V6 Cylinder Engine Gasoline Fuel,Automatic,Gray,Beige,,Yes,35999.0,340.0,3.0,6.0
Infiniti,QX60 Base,2014,95400.0,Gasoline,265.0HP 3.5L V6 Cylinder Engine Gasoline Fuel,Automatic,White,Beige,,,14195.0,265.0,3.5,6.0
Hyundai,Sonata GLS,2013,136991.0,Gasoline,198.0HP 2.4L 4 Cylinder Engine Gasoline Fuel,Automatic,Gray,Gray,,Yes,11000.0,198.0,2.4,4.0
Toyota,Tundra Limited,2022,3959.0,Gasoline,389.0HP 3.4L V6 Cylinder Engine Gasoline Fuel,Automatic,Blue,Gray,,Yes,55000.0,389.0,3.4,6.0
Jeep,Grand Cherokee Limited,2020,47500.0,Gasoline,293.0HP 3.6L V6 Cylinder Engine Gasoline Fuel,Automatic,Purple,Black,,Yes,31000.0,293.0,3.6,6.0
Ford,F-350 Lariat Crew Cab Super Duty DRW,2005,176691.0,Diesel,325.0HP 6.0L 8 Cylinder Engine Diesel Fuel,Automatic,White,Beige,At least 1 accident or damage reported,Yes,13000.0,325.0,6.0,8.0
Tesla,Model 3 Performance,2021,33000.0,,455.0HP Electric Motor Electric Fuel System,Automatic,Red,White,,Yes,55000.0,455.0,,
Mercedes-Benz,CLS-Class CLS 550,2014,34600.0,Gasoline,402.0HP 4.7L 8 Cylinder Engine Gasoline Fuel,Dual Clutch,Black,Black,,Yes,27500.0,402.0,4.7,8.0
Ram,2500 SLT,2014,84500.0,Gasoline,410.0HP 6.4L 8 Cylinder Engine Gasoline Fuel,Automatic,Black,Gray,,Yes,34000.0,410.0,6.4,8.0
Kia,Sorento Hybrid EX,2022,36100.0,Hybrid,227.0HP 1.6L 4 Cylinder Engine Gas/Electric Hybrid,Automatic,Black,White,,Yes,37500.0,227.0,1.6,4.0
Hyundai,Genesis 3.8,2015,92225.0,Gasoline,311.0HP 3.8L V6 Cylinder Engine Gasoline Fuel,Automatic,Black,Black,At least 1 accident or damage reported,Yes,17000.0,311.0,3.8,6.0
Jeep,Compass Latitude,2020,17500.0,Gasoline,180.0HP 2.4L 4 Cylinder Engine Gasoline Fuel,Automatic,Silver,Black,,Yes,25695.0,180.0,2.4,4.0
Ford,Fusion SE,2011,114323.0,Gasoline,175.0HP 2.5L 4 Cylinder Engine Gasoline Fuel,Automatic,Black,Black,,Yes,6000.0,175.0,2.5,4.0
Toyota,FJ Cruiser Base,2014,92000.0,Gasoline,260.0HP 4.0L V6 Cylinder Engine Gasoline Fuel,Automatic,Beige,Black,,Yes,27500.0,260.0,4.0,6.0
Bmw,430 Gran Coupe i xDrive,2018,29025.0,Gasoline,2.0 Liter DOHC T/C,Automatic,Carbon Black Metallic,Black,,,29998.0,,2.0,
Dodge,Durango SRT 392,2021,17000.0,Gasoline,475.0HP 6.4L 8 Cylinder Engine Gasoline Fuel,Dual Clutch,Blue,Black,,Yes,65000.0,475.0,6.4,8.0
Hyundai,Santa Fe GLS,2015,96476.0,Gasoline,290.0HP 3.3L V6 Cylinder Engine Gasoline Fuel,Automatic,White,Gray,,Yes,13000.0,290.0,3.3,6.0
Volkswagen,Atlas 3.6L SEL Premium,2021,36311.0,Gasoline,3.6L V6 24V GDI DOHC,Automatic,Deep Black Pearl Effect,Titan Black / Quarzit,,Yes,39127.0,,3.6,6.0
Land,Rover Range Rover Sport 5.0L Supercharged Dynamic,2016,56842.0,Gasoline,510.0HP 5.0L 8 Cylinder Engine Gasoline Fuel,Dual Clutch,Silver,Black,,Yes,35000.0,510.0,5.0,8.0
Nissan,Murano SV,2021,23677.0,Gasoline,3.5L V6 24V MPFI DOHC,Automatic,Sunset Drift Chromaflair,Graphite,,,29510.0,,3.5,6.0
Buick,Envision Essence,2020,27340.0,Gasoline,2.5L I4 16V GDI DOHC,Automatic,Summit White,Ebony,,,31700.0,,2.5,
Chevrolet,Silverado 1500 RST,2020,26177.0,Gasoline,5.3L V8 16V GDI OHV,Automatic,Shadow Gray Metallic,Jet Black,,,41986.0,,5.3,8.0
Pontiac,Solstice GXP,2009,122348.0,Gasoline,260.0HP 2.0L 4 Cylinder Engine Gasoline Fuel,Automatic,Red,Black,At least 1 accident or damage reported,Yes,10000.0,260.0,2.0,4.0
Bmw,640 Gran Coupe i xDrive,2015,98000.0,Gasoline,315.0HP 3.0L Straight 6 Cylinder Engine Gasoline Fuel,Dual Clutch,Black,Beige,,Yes,22500.0,315.0,3.0,6.0
Tesla,Model 3 Standard Range Plus,2019,32300.0,,Electric Motor Electric Fuel System,Automatic,Black,Black,,Yes,29000.0,,,
Mini,Countryman Cooper S,2019,18997.0,Gasoline,189.0HP 2.0L 4 Cylinder Engine Gasoline Fuel,Dual Clutch,Red,Black,,Yes,26750.0,189.0,2.0,4.0
Porsche,Boxster GTS,2016,40350.0,Gasoline,330.0HP 3.4L Flat 6 Cylinder Engine Gasoline Fuel,Automatic,Gray,Black,,Yes,67995.0,330.0,3.4,6.0
Ford,Expedition EL King Ranch,2011,156856.0,E85 Flex Fuel,310.0HP 5.4L 8 Cylinder Engine Flex Fuel Capability,Automatic,Black,Brown,,Yes,14300.0,310.0,5.4,8.0
Bentley,Continental GT GT Speed,2022,1919.0,Gasoline,12 Cylinder Engine,Automatic,Granite,Porpoise,,,289991.0,,,12.0
Bmw,X5 M Base,2017,61773.0,Gasoline,567.0HP 4.4L 8 Cylinder Engine Gasoline Fuel,Dual Clutch,Gray,Black,,Yes,46000.0,567.0,4.4,8.0
Ford,Mustang GT Premium,2011,74500.0,Gasoline,412.0HP 5.0L 8 Cylinder Engine Gasoline Fuel,Manual,Black,Black,,Yes,22000.0,412.0,5.0,8.0
Jeep,Compass Sport,2016,99000.0,Gasoline,172.0HP 2.4L 4 Cylinder Engine Gasoline Fuel,Automatic,White,Gray,At least 1 accident or damage reported,Yes,5000.0,172.0,2.4,4.0
Infiniti,G37 Sport,2008,63496.0,Gasoline,330.0HP 3.7L V6 Cylinder Engine Gasoline Fuel,Manual,Black,Black,,Yes,15000.0,330.0,3.7,6.0
Ford,F-150 XLT,2022,18465.0,Gasoline,400.0HP 3.5L V6 Cylinder Engine Gasoline Fuel,Automatic,Black,Gray,,Yes,47500.0,400.0,3.5,6.0
Porsche,911 Carrera 4S,2007,42635.0,Gasoline,355.0HP 3.8L Flat 6 Cylinder Engine Gasoline Fuel,Dual Clutch,Blue,Blue,,Yes,72995.0,355.0,3.8,6.0
Infiniti,G35 Base,2005,99000.0,Gasoline,298.0HP 3.5L V6 Cylinder Engine Gasoline Fuel,Manual,Silver,Black,,Yes,18900.0,298.0,3.5,6.0
Chrysler,300C Base,2013,87500.0,Gasoline,292.0HP 3.6L V6 Cylinder Engine Gasoline Fuel,Automatic,White,Beige,,Yes,13750.0,292.0,3.6,6.0
Toyota,Camry Solara SLE,2007,138000.0,Gasoline,210.0HP 3.3L V6 Cylinder Engine Gasoline Fuel,Automatic,White,Beige,,Yes,6800.0,210.0,3.3,6.0
Lexus,IS 300 Base,2018,70891.0,Gasoline,260.0HP 3.5L V6 Cylinder Engine Gasoline Fuel,Dual Clutch,White,Black,,Yes,28995.0,260.0,3.5,6.0
Buick,Enclave Essence,2020,55403.0,Gasoline,310.0HP 3.6L V6 Cylinder Engine Gasoline Fuel,Automatic,Red,Gray,At least 1 accident or damage reported,Yes,29444.0,310.0,3.6,6.0
Bmw,M4 Competition xDrive,2022,3213.0,Gasoline,503.0HP 3.0L Straight 6 Cylinder Engine Gasoline Fuel,Automatic,Black,Red,,Yes,89995.0,503.0,3.0,6.0
Pontiac,GTO Base,2005,142314.0,Gasoline,400.0HP 6.0L 8 Cylinder Engine Gasoline Fuel,Manual,Red,Red,At least 1 accident or damage reported,Yes,21999.0,400.0,6.0,8.0
Toyota,FJ Cruiser Base,2013,53000.0,Gasoline,260.0HP 4.0L V6 Cylinder Engine Gasoline Fuel,Automatic,Blue,Black,,Yes,36740.0,260.0,4.0,6.0
Hyundai,Elantra SE,2014,120250.0,Gasoline,145.0HP 1.8L 4 Cylinder Engine Gasoline Fuel,Automatic,Blue,Gray,,Yes,7500.0,145.0,1.8,4.0
Porsche,Macan S,2015,72329.0,Gasoline,340.0HP 3.0L V6 Cylinder Engine Gasoline Fuel,Automatic,Silver,Black,,Yes,29500.0,340.0,3.0,6.0
Hummer,H3 Base,2007,153692.0,Gasoline,242.0HP 3.7L 5 Cylinder Engine Gasoline Fuel,Automatic,Beige,Black,,Yes,9995.0,242.0,3.7,5.0
Tesla,Model 3 Long Range,2021,32670.0,,Electric Motor Electric Fuel System,Automatic,White,Black,,Yes,37000.0,,,
Ford,Transit-350 Base,2018,235000.0,Gasoline,275.0HP 3.7L V6 Cylinder Engine Gasoline Fuel,Automatic,White,Gray,,,18000.0,275.0,3.7,6.0
Rivian,R1T Launch Edition,2022,8681.0,,835.0HP Electric Motor Electric Fuel System,Automatic,Gray,Black,,Yes,82000.0,835.0,,
Audi,S4 3.0 Prestige,2012,98400.0,Gasoline,333.0HP 3.0L V6 Cylinder Engine Gasoline Fuel,Automatic,White,White,,Yes,18000.0,333.0,3.0,6.0
Toyota,4Runner SR5 Premium,2023,1400.0,Gasoline,270.0HP 4.0L V6 Cylinder Engine Gasoline Fuel,Automatic,White,Black,,Yes,46500.0,270.0,4.0,6.0
Tesla,Model 3 Mid Range,2018,32000.0,,271.0HP Electric Motor Electric Fuel System,Automatic,Black,Black,,Yes,29999.0,271.0,,
Ford,F-250 Base,1997,92800.0,Gasoline,210.0HP 5.8L 8 Cylinder Engine Gasoline Fuel,Automatic,White,Gray,,Yes,9000.0,210.0,5.8,8.0
Mercedes-Benz,G-Class G 550 4MATIC,2021,75151.0,Gasoline,416.0HP 4.0L 8 Cylinder Engine Gasoline Fuel,Automatic,Black,Black,,Yes,130000.0,416.0,4.0,8.0
Subaru,Legacy 2.5 GT spec.B,2008,94000.0,Gasoline,243.0HP 2.5L 4 Cylinder Engine Gasoline Fuel,Manual,Gray,Blue,,Yes,12500.0,243.0,2.5,4.0
Mercedes-Benz,E-Class E 350,2014,67350.0,Gasoline,302.0HP 3.5L V6 Cylinder Engine Gasoline Fuel,Automatic,Silver,–,At least 1 accident or damage reported,Yes,18700.0,302.0,3.5,6.0
Bmw,M3 Base,2001,66500.0,Gasoline,333.0HP 3.2L Straight 6 Cylinder Engine Gasoline Fuel,Manual,Red,Black,,Yes,21000.0,333.0,3.2,6.0
Mercedes-Benz,C-Class C 250 Sport,2014,70612.0,Gasoline,201.0HP 1.8L 4 Cylinder Engine Gasoline Fuel,Automatic,White,Beige,,Yes,14500.0,201.0,1.8,4.0
Toyota,Sienna XLE Limited,2007,112630.0,Gasoline,266.0HP 3.5L V6 Cylinder Engine Gasoline Fuel,Automatic,Silver,Gray,At least 1 accident or damage reported,Yes,11500.0,266.0,3.5,6.0
Dodge,Avenger SE,2014,124705.0,E85 Flex Fuel,283.0HP 3.6L V6 Cylinder Engine Flex Fuel Capability,Automatic,Black,Black,,Yes,6499.0,283.0,3.6,6.0
Bmw,M240 i,2018,61000.0,Gasoline,335.0HP 3.0L Straight 6 Cylinder Engine Gasoline Fuel,Manual,Blue,Black,At least 1 accident or damage reported,Yes,34000.0,335.0,3.0,6.0
Ram,3500 SLT,2017,157272.0,Diesel,350.0HP 6.7L Straight 6 Cylinder Engine Diesel Fuel,Automatic,White,Gray,At least 1 accident or damage reported,Yes,32999.0,350.0,6.7,6.0
Mercedes-Benz,GL-Class GL 450 4MATIC,2015,84000.0,Gasoline,362.0HP 3.0L V6 Cylinder Engine Gasoline Fuel,Automatic,Blue,Gray,,Yes,20399.0,362.0,3.0,6.0
Jeep,Gladiator Rubicon,2020,27981.0,Gasoline,285.0HP 3.6L V6 Cylinder Engine Gasoline Fuel,Automatic,Red,Black,,Yes,47500.0,285.0,3.6,6.0
Bentley,Continental GT Base,2009,18000.0,Gasoline,552.0HP 6.0L 12 Cylinder Engine Gasoline Fuel,Automatic,Blue,Beige,,Yes,63000.0,552.0,6.0,12.0
Tesla,Model 3 Long Range,2019,27123.0,,425.0HP Electric Motor Electric Fuel System,Automatic,Red,Black,,Yes,38200.0,425.0,,
Chevrolet,Corvette Stingray w/2LT,2021,3053.0,Gasoline,490.0HP 6.2L 8 Cylinder Engine Gasoline Fuel,Dual Clutch,Silver,Gray,,Yes,83900.0,490.0,6.2,8.0
Audi,Q5 3.0T Premium Plus,2015,60251.0,Gasoline,272.0HP 3.0L V6 Cylinder Engine Gasoline Fuel,Automatic,Black,Black,At least 1 accident or damage reported,Yes,19000.0,272.0,3.0,6.0
Mazda,MX-5 Miata Club,2021,5093.0,Gasoline,181.0HP 2.0L 4 Cylinder Engine Gasoline Fuel,Manual,Gray,Black,,Yes,28000.0,181.0,2.0,4.0
Bentley,Bentayga W12 Signature,2018,31875.0,Gasoline,600.0HP 6.0L 12 Cylinder Engine Gasoline Fuel,Automatic,White,Black,,Yes,115785.0,600.0,6.0,12.0
Mercedes-Benz,S-Class S500,2005,175722.0,Gasoline,302.0HP 5.0L 8 Cylinder Engine Gasoline Fuel,Automatic,White,Beige,,Yes,7000.0,302.0,5.0,8.0
Bmw,M6 Base,2015,17900.0,Gasoline,560.0HP 4.4L 8 Cylinder Engine Gasoline Fuel,Dual Clutch,Black,Black,,Yes,59900.0,560.0,4.4,8.0
Gmc,Yukon SLT,2015,142792.0,Gasoline,355.0HP 5.3L 8 Cylinder Engine Gasoline Fuel,Automatic,White,Brown,,Yes,22999.0,355.0,5.3,8.0
Bmw,750 iL,2001,53814.0,Gasoline,326.0HP 5.4L 12 Cylinder Engine Gasoline Fuel,Automatic,Gray,Gray,,,11800.0,326.0,5.4,12.0
Toyota,Tundra Limited,2010,89400.0,Gasoline,381.0HP 5.7L 8 Cylinder Engine Gasoline Fuel,Automatic,White,Gray,,Yes,26900.0,381.0,5.7,8.0
Chrysler,300C Base,2007,86000.0,Gasoline,340.0HP 5.7L 8 Cylinder Engine Gasoline Fuel,Automatic,Gray,Black,,Yes,15000.0,340.0,5.7,8.0
Smart,ForTwo Pure,2008,61595.0,Gasoline,70.0HP 1.0L 3 Cylinder Engine Gasoline Fuel,Automatic,Blue,Gray,,Yes,5000.0,70.0,1.0,3.0
Toyota,Tundra SR,2018,74000.0,E85 Flex Fuel,381.0HP 5.7L 8 Cylinder Engine Flex Fuel Capability,Automatic,Beige,Black,At least 1 accident or damage reported,Yes,38000.0,381.0,5.7,8.0
Hummer,H2 Base,2004,130000.0,Gasoline,316.0HP 6.0L 8 Cylinder Engine Gasoline Fuel,Automatic,Black,Black,At least 1 accident or damage reported,Yes,16500.0,316.0,6.0,8.0
Bmw,ALPINA B7 Base,2015,86000.0,Gasoline,540.0HP 4.4L 8 Cylinder Engine Gasoline Fuel,Automatic,Black,White,At least 1 accident or damage reported,Yes,29000.0,540.0,4.4,8.0
Land,Rover Range Rover Sport Supercharged,2008,140600.0,Gasoline,390.0HP 4.2L 8 Cylinder Engine Gasoline Fuel,Automatic,Red,Beige,,Yes,7500.0,390.0,4.2,8.0
Audi,A4 2.0T Tech Premium,2018,27532.0,Gasoline,252.0HP 2.0L 4 Cylinder Engine Gasoline Fuel,Automatic,Gray,Black,,Yes,27900.0,252.0,2.0,4.0
Ford,Focus SE,2017,91000.0,E85 Flex Fuel,160.0HP 2.0L 4 Cylinder Engine Flex Fuel Capability,Automatic,Gray,Black,,Yes,12500.0,160.0,2.0,4.0
Mercedes-Benz,E-Class E 550 4MATIC,2014,63000.0,Gasoline,402.0HP 4.7L 8 Cylinder Engine Gasoline Fuel,Automatic,Silver,Black,,Yes,28500.0,402.0,4.7,8.0
Jeep,Wrangler Unlimited 4xe Sahara,2022,10500.0,Plug-In Hybrid,375.0HP 2.0L 4 Cylinder Engine Plug-In Electric/Gas,Automatic,Green,Beige,,Yes,49999.0,375.0,2.0,4.0
Mercedes-Benz,M-Class ML 350 4MATIC,2014,75073.0,E85 Flex Fuel,302.0HP 3.5L V6 Cylinder Engine Flex Fuel Capability,Automatic,Gray,Black,,Yes,21500.0,302.0,3.5,6.0
Jeep,Wrangler Sahara,2008,140000.0,Gasoline,202.0HP 3.8L V6 Cylinder Engine Gasoline Fuel,Automatic,Silver,–,At least 1 accident or damage reported,Yes,9000.0,202.0,3.8,6.0
Mercedes-Benz,A-Class A 220 4MATIC,2019,30300.0,Gasoline,188.0HP 2.0L 4 Cylinder Engine Gasoline Fuel,Automatic,Silver,Black,,Yes,30500.0,188.0,2.0,4.0
Chevrolet,Malibu 1LT,2009,139000.0,Gasoline,169.0HP 2.4L 4 Cylinder Engine Gasoline Fuel,Automatic,White,Black,,Yes,4200.0,169.0,2.4,4.0
Hummer,H3 Base,2006,118000.0,Gasoline,220.0HP 3.5L 5 Cylinder Engine Gasoline Fuel,Automatic,Gray,Black,,Yes,17900.0,220.0,3.5,5.0
Bmw,i8 Base,2015,51000.0,Plug-In Hybrid,357.0HP 1.5L 3 Cylinder Engine Plug-In Electric/Gas,Dual Clutch,Gray,Brown,,Yes,53000.0,357.0,1.5,3.0
Cadillac,XLR Base,2009,69423.0,Gasoline,320.0HP 4.6L 8 Cylinder Engine Gasoline Fuel,Automatic,Red,Beige,,Yes,36500.0,320.0,4.6,8.0
Lincoln,MKZ Select,2017,52284.0,Gasoline,240.0HP 2.0L 4 Cylinder Engine Gasoline Fuel,Automatic,Blue,Beige,At least 1 accident or damage reported,Yes,12500.0,240.0,2.0,4.0
Chevrolet,Silverado 1500 W/T,2006,111228.0,Gasoline,195.0HP 4.3L V6 Cylinder Engine Gasoline Fuel,Automatic,Blue,Gray,At least 1 accident or damage reported,Yes,4000.0,195.0,4.3,6.0
Land,Rover Range Rover Sport HSE,2019,52300.0,Gasoline,340.0HP 3.0L V6 Cylinder Engine Gasoline Fuel,Dual Clutch,Black,Black,,Yes,49900.0,340.0,3.0,6.0
Nissan,Titan SL,2021,95993.0,Gasoline,5.6L V8 32V GDI DOHC,Automatic,White,Black,,Yes,32612.0,,5.6,8.0
Kia,Telluride SX,2022,26716.0,Gasoline,"LAMBDA II 3.8L V-6 gasoline direct injection, DOHC, D-CVVT varia",Automatic,Dark Moss,Black,,,47541.0,,3.8,
Chevrolet,Tahoe RST,2023,39517.0,Gasoline,5.3L V8 16V GDI OHV,Automatic,Black,Jet Black,At least 1 accident or damage reported,,67190.0,,5.3,8.0
Ford,Mustang GT Premium,2019,31600.0,Gasoline,460.0HP 5.0L 8 Cylinder Engine Gasoline Fuel,Manual,Blue,Gray,,Yes,41000.0,460.0,5.0,8.0
Bmw,330 i,2017,83298.0,Gasoline,248.0HP 2.0L 4 Cylinder Engine Gasoline Fuel,Automatic,Black,Black,,Yes,18300.0,248.0,2.0,4.0
Land,Rover Range Rover Sport 3.0L Supercharged HSE,2017,95212.0,Gasoline,340.0HP 3.0L V6 Cylinder Engine Gasoline Fuel,Automatic,Brown,Beige,,Yes,31599.0,340.0,3.0,6.0
Porsche,911 Carrera,2010,61600.0,Gasoline,345.0HP 3.6L Flat 6 Cylinder Engine Gasoline Fuel,Automatic,Black,Black,,Yes,51750.0,345.0,3.6,6.0
Infiniti,QX56 Base,2011,130921.0,Gasoline,400.0HP 5.6L 8 Cylinder Engine Gasoline Fuel,,White,Beige,,Yes,12000.0,400.0,5.6,8.0
Ram,2500 Tradesman,2020,41000.0,Gasoline,410.0HP 6.4L 8 Cylinder Engine Gasoline Fuel,Automatic,White,Gray,,,45515.0,410.0,6.4,8.0
Bmw,840 i xDrive,2024,1500.0,Gasoline,335.0HP 3.0L Straight 6 Cylinder Engine Gasoline Fuel,Automatic,Gray,Brown,,Yes,90000.0,335.0,3.0,6.0
Mini,Clubman Cooper S ALL4,2017,79950.0,Gasoline,189.0HP 2.0L 4 Cylinder Engine Gasoline Fuel,Automatic,Blue,Black,,Yes,17390.0,189.0,2.0,4.0
Cadillac,Escalade ESV Premium Luxury Platinum,2021,31500.0,Gasoline,420.0HP 6.2L 8 Cylinder Engine Gasoline Fuel,Automatic,White,Beige,,Yes,95000.0,420.0,6.2,8.0
Audi,R8 5.2 V10 plus,2017,61000.0,Gasoline,610.0HP 5.2L 10 Cylinder Engine Gasoline Fuel,Dual Clutch,Gray,Black,,Yes,140000.0,610.0,5.2,10.0
Ram,2500 Big Horn,2021,45867.0,Gasoline,6.4L V8 16V MPFI OHV,Automatic,Billet Silver Metallic Clearcoat,Diesel Gray / Black,,Yes,43449.0,,6.4,8.0
Porsche,911 Carrera 4,2014,22700.0,Gasoline,350.0HP 3.4L Flat 6 Cylinder Engine Gasoline Fuel,Manual,Silver,Black,At least 1 accident or damage reported,Yes,85500.0,350.0,3.4,6.0
Bentley,Continental GT Base,2009,43000.0,Gasoline,552.0HP 6.0L 12 Cylinder Engine Gasoline Fuel,Automatic,Black,Black,,Yes,48500.0,552.0,6.0,12.0
Toyota,Tundra SR5,2015,99000.0,Gasoline,310.0HP 4.6L 8 Cylinder Engine Gasoline Fuel,Automatic,Gray,Gray,,Yes,27000.0,310.0,4.6,8.0
Toyota,4Runner SR5,2006,135000.0,Gasoline,236.0HP 4.0L V6 Cylinder Engine Gasoline Fuel,Automatic,White,Gray,,Yes,16900.0,236.0,4.0,6.0
Cadillac,CTS 2.0L Turbo Luxury,2019,46000.0,Gasoline,265.0HP 2.0L 4 Cylinder Engine Gasoline Fuel,Automatic,Black,Beige,At least 1 accident or damage reported,Yes,29000.0,265.0,2.0,4.0
Ford,Focus SE,2014,79615.0,Gasoline,2.0L I4 16V GDI DOHC,Automatic,Black,Charcoal Black,,Yes,10995.0,,2.0,
Bmw,M5 Base,2021,13250.0,Gasoline,4.4L V8 32V GDI DOHC Twin Turbo,Automatic,Alpine White,Aragon Brown,,,86900.0,,4.4,8.0
Land,Rover Range Rover 3.0L V6 Supercharged HSE,2019,41200.0,Gasoline,380.0HP 3.0L V6 Cylinder Engine Gasoline Fuel,Dual Clutch,Black,Black,,Yes,60500.0,380.0,3.0,6.0
Cadillac,Escalade ESV Luxury,2016,116500.0,Gasoline,420.0HP 6.2L 8 Cylinder Engine Gasoline Fuel,Automatic,Black,Brown,At least 1 accident or damage reported,Yes,30500.0,420.0,6.2,8.0
Acura,NSX Base,1993,75980.0,,–,Automatic,Silver,Black,,Yes,90200.0,,,
Chevrolet,Corvette Z06,2018,24059.0,Gasoline,650.0HP 6.2L 8 Cylinder Engine Gasoline Fuel,Automatic,Gray,Black,,Yes,87150.0,650.0,6.2,8.0
Audi,Q5 2.0T Premium Plus,2015,118500.0,E85 Flex Fuel,220.0HP 2.0L 4 Cylinder Engine Flex Fuel Capability,Automatic,Silver,Black,At least 1 accident or damage reported,Yes,15400.0,220.0,2.0,4.0
Bmw,ALPINA B7 ALPINA B7 xDrive,2020,15097.0,Gasoline,4.4 Liter Twin Turbo,Automatic,Frozen Dark Silver Metallic,Black,,,99998.0,,4.4,
Maserati,Ghibli S Q4,2018,20000.0,Gasoline,424.0HP 3.0L V6 Cylinder Engine Gasoline Fuel,Automatic,White,Brown,,Yes,43000.0,424.0,3.0,6.0
Bmw,228 Gran Coupe i xDrive,2020,10426.0,Gasoline,2.0 Liter Turbo,Automatic,Black Sapphire Metallic,Oyster/Black,,,30798.0,,2.0,
Ford,Expedition Limited,2023,9500.0,Gasoline,400.0HP 3.5L V6 Cylinder Engine Gasoline Fuel,Automatic,Black,Red,At least 1 accident or damage reported,Yes,63500.0,400.0,3.5,6.0
Nissan,Frontier SE Crew Cab,2006,134000.0,Gasoline,265.0HP 4.0L V6 Cylinder Engine Gasoline Fuel,Automatic,Gray,Gray,At least 1 accident or damage reported,Yes,8500.0,265.0,4.0,6.0
Subaru,BRZ Limited,2022,10500.0,Gasoline,228.0HP 2.4L 4 Cylinder Engine Gasoline Fuel,Dual Clutch,Gray,–,,Yes,32500.0,228.0,2.4,4.0
Chevrolet,Malibu LT,2018,53100.0,Gasoline,160.0HP 1.5L 4 Cylinder Engine Gasoline Fuel,Automatic,Red,Black,,Yes,17500.0,160.0,1.5,4.0
Ford,Focus SEL,2017,80134.0,E85 Flex Fuel,2.0L I4 16V GDI DOHC Flexible Fuel,Automatic,White,Charcoal Black,,Yes,13895.0,,2.0,
Nissan,Rogue Sport S,2021,24000.0,Gasoline,141.0HP 2.0L 4 Cylinder Engine Gasoline Fuel,Automatic,Gray,Black,,Yes,25500.0,141.0,2.0,4.0
Volvo,C70 T5,2006,61000.0,Gasoline,218.0HP 2.5L 5 Cylinder Engine Gasoline Fuel,Manual,Blue,Beige,,Yes,10299.0,218.0,2.5,5.0
Lincoln,Nautilus Reserve,2021,19700.0,Gasoline,335.0HP 2.7L V6 Cylinder Engine Gasoline Fuel,Automatic,White,Beige,,Yes,48000.0,335.0,2.7,6.0
Mercedes-Benz,AMG GT Base,2018,28182.0,Gasoline,469.0HP 4.0L 8 Cylinder Engine Gasoline Fuel,Automatic,White,Brown,At least 1 accident or damage reported,Yes,84500.0,469.0,4.0,8.0
Ford,Mustang EcoBoost Premium,2017,59500.0,Gasoline,310.0HP 2.3L 4 Cylinder Engine Gasoline Fuel,Automatic,Black,Black,At least 1 accident or damage reported,Yes,21000.0,310.0,2.3,4.0
Ford,Ranger XLT,1999,115402.0,E85 Flex Fuel,152.0HP 3.0L V6 Cylinder Engine Flex Fuel Capability,Automatic,Gold,Beige,,Yes,8000.0,152.0,3.0,6.0
Gmc,Yukon SLT,2018,85500.0,Gasoline,355.0HP 5.3L 8 Cylinder Engine Gasoline Fuel,Automatic,Black,Black,At least 1 accident or damage reported,Yes,35899.0,355.0,5.3,8.0
Ram,2500 Big Horn,2020,51000.0,Gasoline,410.0HP 6.4L 8 Cylinder Engine Gasoline Fuel,Automatic,Red,Black,,Yes,44900.0,410.0,6.4,8.0
Tesla,Model Y Performance,2021,17500.0,,455.0HP Electric Motor Electric Fuel System,Automatic,Gray,White,,Yes,45000.0,455.0,,
Lexus,ES 350 Base,2011,132000.0,Gasoline,272.0HP 3.5L V6 Cylinder Engine Gasoline Fuel,Automatic,Black,Beige,,Yes,9999.0,272.0,3.5,6.0
Jeep,Wrangler Rubicon Hard Rock,2016,67882.0,Gasoline,3.6 Liter,Automatic,White,Black,,,32798.0,,3.6,
Volvo,XC90 T6 Momentum,2018,62000.0,Gasoline,316.0HP 2.0L 4 Cylinder Engine Gasoline Fuel,Automatic,Silver,Black,,Yes,30500.0,316.0,2.0,4.0
Porsche,911 R,2016,12454.0,Gasoline,500.0HP 4.0L Flat 6 Cylinder Engine Gasoline Fuel,Manual,Purple,Black,,Yes,210000.0,500.0,4.0,6.0
Bmw,M6 Gran Coupe Base,2017,27965.0,Gasoline,560.0HP 4.4L 8 Cylinder Engine Gasoline Fuel,Automatic,Green,Black,,Yes,58000.0,560.0,4.4,8.0
Cadillac,Escalade ESV Platinum Edition,2013,119000.0,E85 Flex Fuel,403.0HP 6.2L 8 Cylinder Engine Flex Fuel Capability,Automatic,Black,Black,,,20500.0,403.0,6.2,8.0
Bmw,X5 xDrive35i,2018,48000.0,Gasoline,300.0HP 3.0L Straight 6 Cylinder Engine Gasoline Fuel,Automatic,Black,Black,,Yes,32000.0,300.0,3.0,6.0
Bmw,X5 xDrive40i,2020,5541.0,Gasoline,3.0 Liter Turbo,Automatic,White,Black,,,56598.0,,3.0,
Mitsubishi,Outlander SEL,2018,29000.0,Gasoline,166.0HP 2.4L 4 Cylinder Engine Gasoline Fuel,Automatic,Red,Beige,,Yes,19500.0,166.0,2.4,4.0
Dodge,Ram 1500 ST,2010,131100.0,E85 Flex Fuel,310.0HP 4.7L 8 Cylinder Engine Flex Fuel Capability,Automatic,White,Gray,At least 1 accident or damage reported,Yes,12995.0,310.0,4.7,8.0
Subaru,Impreza 2.0i,2015,102242.0,Gasoline,"2L H-4 DOHC, variable valve control, regular unleaded, engine wi",Manual,Quartz Blue Pearl,Black,At least 1 accident or damage reported,,11498.0,,,
Mercedes-Benz,Maybach S S 600,2016,18069.0,Gasoline,523.0HP 6.0L 12 Cylinder Engine Gasoline Fuel,Automatic,Black,Black,,Yes,79999.0,523.0,6.0,12.0
Kia,Sportage LX,2023,13000.0,Gasoline,187.0HP 2.5L 4 Cylinder Engine Gasoline Fuel,Automatic,White,Black,,Yes,31900.0,187.0,2.5,4.0
Porsche,911 Turbo Cabriolet,2008,51000.0,Gasoline,480.0HP 3.6L Flat 6 Cylinder Engine Gasoline Fuel,Dual Clutch,Silver,Black,At least 1 accident or damage reported,Yes,69500.0,480.0,3.6,6.0
Hummer,H3 Base,2007,137333.0,Gasoline,242.0HP 3.7L 5 Cylinder Engine Gasoline Fuel,Automatic,Blue,Black,At least 1 accident or damage reported,Yes,10000.0,242.0,3.7,5.0
Buick,LaCrosse Leather,2014,125559.0,Gasoline,304.0HP 3.6L V6 Cylinder Engine Gasoline Fuel,Automatic,White,Beige,At least 1 accident or damage reported,Yes,11200.0,304.0,3.6,6.0
Chevrolet,Silverado 1500 High Country,2020,88161.0,Gasoline,6.2L V8 16V GDI OHV,Automatic,Iridescent Pearl Tricoat,Jet Black,At least 1 accident or damage reported,Yes,48889.0,,6.2,8.0
Toyota,4Runner SR5,2016,101900.0,Gasoline,270.0HP 4.0L V6 Cylinder Engine Gasoline Fuel,Automatic,Black,Black,,Yes,29000.0,270.0,4.0,6.0
Cadillac,Escalade ESV Luxury,2015,159500.0,Gasoline,420.0HP 6.2L 8 Cylinder Engine Gasoline Fuel,Automatic,Black,Black,At least 1 accident or damage reported,Yes,18800.0,420.0,6.2,8.0
Subaru,Legacy 2.5i Premium,2015,68860.0,Gasoline,175.0HP 2.5L 4 Cylinder Engine Gasoline Fuel,,Silver,Beige,At least 1 accident or damage reported,Yes,15000.0,175.0,2.5,4.0
Tesla,Model 3 Long Range,2018,43000.0,,271.0HP Electric Motor Electric Fuel System,Automatic,Red,Black,At least 1 accident or damage reported,Yes,30499.0,271.0,,
Ford,Expedition EL XLT,2017,182000.0,Gasoline,365.0HP 3.5L V6 Cylinder Engine Gasoline Fuel,Automatic,Black,Black,At least 1 accident or damage reported,Yes,16500.0,365.0,3.5,6.0
Tesla,Model Y Long Range,2022,21404.0,,425.0HP Electric Motor Electric Fuel System,Automatic,White,White,,Yes,49500.0,425.0,,
Ford,Expedition EL Limited,2017,81000.0,Gasoline,365.0HP 3.5L V6 Cylinder Engine Gasoline Fuel,Dual Clutch,Black,Black,,Yes,27000.0,365.0,3.5,6.0
Chevrolet,Silverado 1500 LTZ,2021,62257.0,Gasoline,5.3L V8 16V GDI OHV,Automatic,Satin Steel Metallic,Gideon,,,42590.0,,5.3,8.0
Bmw,X5 xDrive40e,2016,91798.0,Hybrid,Electric,Automatic,Alpine White,Black,,,22998.0,,,
Bmw,335 is,2011,82000.0,Gasoline,320.0HP 3.0L Straight 6 Cylinder Engine Gasoline Fuel,Automatic,Gray,Black,At least 1 accident or damage reported,Yes,20000.0,320.0,3.0,6.0
Ford,F-150 XLT,2012,207100.0,Gasoline,365.0HP 3.5L V6 Cylinder Engine Gasoline Fuel,Automatic,Black,Gray,At least 1 accident or damage reported,Yes,15000.0,365.0,3.5,6.0
Land,Rover Range Rover Sport P400 SE Dynamic,2023,450.0,Hybrid,395.0HP 3.0L Straight 6 Cylinder Engine Gasoline/Mild Electric Hybrid,Automatic,Blue,Black,,Yes,124000.0,395.0,3.0,6.0
Porsche,Panamera Edition,2016,77945.0,Gasoline,310.0HP 3.6L V6 Cylinder Engine Gasoline Fuel,Automatic,Blue,Beige,At least 1 accident or damage reported,Yes,30000.0,310.0,3.6,6.0
Kia,Sorento Plug-In Hybrid SX,2022,15583.0,Hybrid,1.6L I4 16V GDI DOHC Turbo Hybrid,Automatic,Aurora Black,Gray,,,40599.0,,1.6,
Bmw,M240 i,2017,37100.0,Gasoline,335.0HP 3.0L Straight 6 Cylinder Engine Gasoline Fuel,Automatic,White,Black,At least 1 accident or damage reported,Yes,26125.0,335.0,3.0,6.0
Maserati,Quattroporte Base,2006,51000.0,Gasoline,394.0HP 4.2L 8 Cylinder Engine Gasoline Fuel,Dual Clutch,Blue,Beige,At least 1 accident or damage reported,Yes,18000.0,394.0,4.2,8.0
Ford,F-150 XLT,2017,94000.0,Gasoline,325.0HP 2.7L V6 Cylinder Engine Gasoline Fuel,Automatic,White,Black,,Yes,26000.0,325.0,2.7,6.0
Land,Rover Discovery S,2003,121886.0,Gasoline,217.0HP 4.6L 8 Cylinder Engine Gasoline Fuel,Automatic,White,Beige,At least 1 accident or damage reported,Yes,6000.0,217.0,4.6,8.0
Ford,F-250 XLT Crew Cab Super Duty,2008,157500.0,Gasoline,300.0HP 5.4L 8 Cylinder Engine Gasoline Fuel,Automatic,Green,Gray,At least 1 accident or damage reported,Yes,15000.0,300.0,5.4,8.0
Ford,Taurus SHO,2014,138415.0,Gasoline,365.0HP 3.5L V6 Cylinder Engine Gasoline Fuel,Automatic,Silver,Black,At least 1 accident or damage reported,Yes,15500.0,365.0,3.5,6.0
Land,Rover Range Rover Sport HSE,2012,110000.0,Gasoline,375.0HP 5.0L 8 Cylinder Engine Gasoline Fuel,Automatic,Silver,Black,,Yes,10200.0,375.0,5.0,8.0
Cadillac,Escalade Sport,2023,8532.0,Diesel,3.0L I6 24V DDI DOHC Turbo Diesel,Automatic,Black Raven,Jet Black,,,109900.0,,3.0,
Gmc,Sierra 1500 SLT,2021,12941.0,Gasoline,355.0HP 5.3L 8 Cylinder Engine Gasoline Fuel,Automatic,White,Black,At least 1 accident or damage reported,Yes,51500.0,355.0,5.3,8.0
Bmw,335 i xDrive,2009,69764.0,Gasoline,300.0HP 3.0L Straight 6 Cylinder Engine Gasoline Fuel,Manual,Black,Black,,Yes,19500.0,300.0,3.0,6.0
Porsche,911 Carrera 4S,2003,90000.0,Gasoline,315.0HP 3.6L Flat 6 Cylinder Engine Gasoline Fuel,Manual,Silver,Black,,,24000.0,315.0,3.6,6.0
Audi,Q5 S line Premium,2022,8193.0,Hybrid,2.0 Liter TFSI,Automatic,Florett Silver,Black,,,42598.0,,2.0,
Lexus,RX 350 F Sport Performance,2020,43277.0,Gasoline,3.5L V6 24V PDI DOHC,Automatic,Caviar,Black,,,43599.0,,3.5,6.0
Audi,S4 3.0T Premium Plus,2018,26500.0,Gasoline,354.0HP 3.0L V6 Cylinder Engine Gasoline Fuel,Automatic,Gray,Black,At least 1 accident or damage reported,Yes,38000.0,354.0,3.0,6.0
Chevrolet,Silverado 1500 LT,2019,36021.0,Gasoline,2.7L I4 16V GDI DOHC Turbo,Automatic,Cajun Red Tintcoat,Jet Black,,,35670.0,,2.7,
Chevrolet,Colorado Z71,2019,25462.0,Gasoline,3.6L V6 24V GDI DOHC,Automatic,Shadow Gray Metallic,Jet Black,,,36139.0,,3.6,6.0
Audi,A5 2.0T Prestige,2018,35850.0,Gasoline,252.0HP 2.0L 4 Cylinder Engine Gasoline Fuel,Automatic,White,Black,,Yes,33000.0,252.0,2.0,4.0
Mazda,Mazda3 s Sport,2008,77700.0,Gasoline,156.0HP 2.3L 4 Cylinder Engine Gasoline Fuel,Manual,Red,Black,,Yes,6300.0,156.0,2.3,4.0
Jaguar,E-PACE 300 Sport,2021,23600.0,Hybrid,296.0HP 2.0L 4 Cylinder Engine Gasoline/Mild Electric Hybrid,Automatic,Black,Black,,Yes,42999.0,296.0,2.0,4.0
Ferrari,GTC4Lusso T,2019,8870.0,Gasoline,3.9L V8 32V GDI DOHC Twin Turbo,Automatic,Nero Daytona,–,,Yes,215000.0,,3.9,8.0
Toyota,Celica GT,2001,122000.0,Gasoline,140.0HP 1.8L 4 Cylinder Engine Gasoline Fuel,Manual,Blue,Gray,,Yes,7800.0,140.0,1.8,4.0
Ford,Excursion Limited 4WD,2003,245000.0,Diesel,325.0HP 6.0L 8 Cylinder Engine Diesel Fuel,Automatic,Black,Beige,At least 1 accident or damage reported,Yes,17999.0,325.0,6.0,8.0
Porsche,718 Spyder Base,2022,4700.0,Gasoline,414.0HP 4.0L Flat 6 Cylinder Engine Gasoline Fuel,Manual,White,Black,,Yes,134000.0,414.0,4.0,6.0
Subaru,WRX STI Base,2016,84100.0,Gasoline,305.0HP 2.5L 4 Cylinder Engine Gasoline Fuel,Manual,Gray,Black,,Yes,34000.0,305.0,2.5,4.0
Audi,A6 45 Premium Plus,2021,33000.0,Hybrid,248.0HP 2.0L 4 Cylinder Engine Gasoline/Mild Electric Hybrid,Automatic,Black,Black,,Yes,40000.0,248.0,2.0,4.0
Tesla,Model S P100D,2018,10065.0,,Electric,Automatic,Red Multi,White,,,59999.0,,,
Mercedes-Benz,AMG GT R,2018,3811.0,Gasoline,577.0HP 4.0L 8 Cylinder Engine Gasoline Fuel,Automatic,Black,Black,,Yes,148500.0,577.0,4.0,8.0
Acura,RDX PMC Edition,2021,44457.0,Gasoline,2.0 Liter Turbo,,Majestic Black Pearl,Ebony,,,40598.0,,2.0,
Audi,S4 3.0T Premium Plus,2013,139355.0,Gasoline,333.0HP 3.0L V6 Cylinder Engine Gasoline Fuel,Automatic,Black,Black,,Yes,20900.0,333.0,3.0,6.0
Lotus,Evora Base,2010,9100.0,Gasoline,276.0HP 3.5L V6 Cylinder Engine Gasoline Fuel,Manual,Black,White,,Yes,55000.0,276.0,3.5,6.0
Mercedes-Benz,S-Class S 560 4MATIC,2019,10500.0,Gasoline,463.0HP 4.0L 8 Cylinder Engine Gasoline Fuel,Automatic,Silver,Brown,,Yes,77900.0,463.0,4.0,8.0
Chevrolet,Silverado 1500 RST,2023,5006.0,Gasoline,5.3L V8 16V GDI OHV,Automatic,Dark Ash Metallic,Black,,,59590.0,,5.3,8.0
Hyundai,Genesis Coupe 2.0T R-Spec,2013,55000.0,Gasoline,260.0HP 2.0L 4 Cylinder Engine Gasoline Fuel,Manual,White,Red,,,18000.0,260.0,2.0,4.0
Bmw,M3 Competition,2021,33500.0,Gasoline,503.0HP 3.0L Straight 6 Cylinder Engine Gasoline Fuel,Automatic,Gray,Black,,Yes,71000.0,503.0,3.0,6.0
Bmw,435 i,2014,126500.0,Gasoline,300.0HP 3.0L Straight 6 Cylinder Engine Gasoline Fuel,Automatic,White,Black,,Yes,15000.0,300.0,3.0,6.0
Land,Rover Range Rover Evoque HSE Dynamic,2016,79000.0,Gasoline,240.0HP 2.0L 4 Cylinder Engine Gasoline Fuel,Automatic,Red,Red,,Yes,24000.0,240.0,2.0,4.0
Porsche,911 Targa 4 GTS,2018,19000.0,Gasoline,450.0HP 3.0L Flat 6 Cylinder Engine Gasoline Fuel,Automatic,Gray,Black,,Yes,145000.0,450.0,3.0,6.0
Ram,3500 Tradesman,2021,57000.0,Diesel,400.0HP 6.7L Straight 6 Cylinder Engine Diesel Fuel,Automatic,Blue,Gray,,Yes,52000.0,400.0,6.7,6.0
Bmw,X5 xDrive40i,2020,4880.0,Gasoline,3.0 Liter Turbo,Automatic,White,Black,,,57998.0,,3.0,
Acura,NSX Base,2018,6523.0,Hybrid,3.5L V6 24V PDI DOHC Twin Turbo Hybrid,Automatic,White,Ebony,,,143900.0,,3.5,6.0
Mercedes-Benz,SL-Class SL500 Roadster,2005,127000.0,Gasoline,302.0HP 5.0L 8 Cylinder Engine Gasoline Fuel,Automatic,White,Beige,,Yes,14000.0,302.0,5.0,8.0
Lexus,SC 430 Base,2002,89500.0,Gasoline,300.0HP 4.3L 8 Cylinder Engine Gasoline Fuel,Automatic,Black,Black,,Yes,15999.0,300.0,4.3,8.0
Chevrolet,Silverado 1500 Base,2000,97000.0,Gasoline,200.0HP 4.3L V6 Cylinder Engine Gasoline Fuel,Automatic,White,Gray,,Yes,27500.0,200.0,4.3,6.0
Buick,Enclave Avenir,2021,31181.0,Gasoline,3.6L V6 24V GDI DOHC,Automatic,Rich Garnet Metallic,Chestnut,At least 1 accident or damage reported,Yes,42442.0,,3.6,6.0
Lexus,NX 300h Base,2020,16425.0,Hybrid,2.5L I4 16V MPFI DOHC Hybrid,Automatic,Gray,Black,At least 1 accident or damage reported,,33200.0,,2.5,
Lexus,RX 350 RX 350 F SPORT Handling,2022,11238.0,Gasoline,3.5 Liter DOHC,Automatic,Atomic Silver,Black,,,54798.0,,3.5,
Chevrolet,Avalanche 1500 LS,2005,97146.0,E85 Flex Fuel,295.0HP 5.3L 8 Cylinder Engine Flex Fuel Capability,,Black,Gray,At least 1 accident or damage reported,Yes,7999.0,295.0,5.3,8.0
Mercedes-Benz,SL-Class SL400,2015,36670.0,Gasoline,3.0 Liter,Automatic,White,Tan,,,39998.0,,3.0,
Chevrolet,Suburban Premier,2019,44800.0,Gasoline,420.0HP 6.2L 8 Cylinder Engine Gasoline Fuel,Automatic,Black,Black,,Yes,52500.0,420.0,6.2,8.0
Ford,Transit-350 Base,2015,150000.0,Gasoline,310.0HP 3.5L V6 Cylinder Engine Gasoline Fuel,Automatic,Black,Gray,At least 1 accident or damage reported,Yes,17100.0,310.0,3.5,6.0
Infiniti,QX60 Luxe,2020,38400.0,Gasoline,295.0HP 3.5L V6 Cylinder Engine Gasoline Fuel,Automatic,Blue,Beige,,Yes,32100.0,295.0,3.5,6.0
Bentley,Continental GTC Base,2008,7960.0,Gasoline,552.0HP 6.0L 12 Cylinder Engine Gasoline Fuel,Automatic,White,White,,Yes,81500.0,552.0,6.0,12.0
Nissan,350Z Enthusiast,2007,117000.0,Gasoline,306.0HP 3.5L V6 Cylinder Engine Gasoline Fuel,Automatic,Silver,Black,At least 1 accident or damage reported,Yes,9975.0,306.0,3.5,6.0
Rivian,R1S Adventure Package,2023,159.0,,533.0HP Electric Motor Electric Fuel System,Automatic,White,Black,,Yes,95500.0,533.0,,
Mclaren,570S Base,2017,30200.0,Gasoline,562.0HP 3.8L 8 Cylinder Engine Gasoline Fuel,Dual Clutch,Orange,Black,,Yes,139000.0,562.0,3.8,8.0
Nissan,Altima 2.5 SL,2012,91545.0,Gasoline,175.0HP 2.5L 4 Cylinder Engine Gasoline Fuel,,Silver,Black,,Yes,8999.0,175.0,2.5,4.0
Land,Rover Range Rover 5.0L Supercharged,2015,110000.0,E85 Flex Fuel,510.0HP 5.0L 8 Cylinder Engine Flex Fuel Capability,Automatic,Black,–,At least 1 accident or damage reported,Yes,26499.0,510.0,5.0,8.0
Bmw,X5 xDrive35i,2017,105100.0,Gasoline,300.0HP 3.0L Straight 6 Cylinder Engine Gasoline Fuel,Automatic,Gray,Black,At least 1 accident or damage reported,Yes,23300.0,300.0,3.0,6.0
Infiniti,QX56 Base,2012,110000.0,Gasoline,400.0HP 5.6L 8 Cylinder Engine Gasoline Fuel,Dual Clutch,White,Beige,,Yes,15600.0,400.0,5.6,8.0
Ford,F-150 XLT,2019,81778.0,Gasoline,3.5L V6 24V PDI DOHC Twin Turbo,Automatic,Black,Medium Earth Gray,,Yes,32769.0,,3.5,6.0
Lexus,RX 450h Base,2010,168422.0,Hybrid,245.0HP 3.5L V6 Cylinder Engine Gas/Electric Hybrid,Automatic,Black,Beige,At least 1 accident or damage reported,Yes,10900.0,245.0,3.5,6.0
Maserati,Ghibli S Q4 GranSport,2018,80500.0,Gasoline,424.0HP 3.0L V6 Cylinder Engine Gasoline Fuel,Automatic,Black,Black,,Yes,34900.0,424.0,3.0,6.0
Volvo,XC90 T6 Momentum,2018,81200.0,Gasoline,316.0HP 2.0L 4 Cylinder Engine Gasoline Fuel,Automatic,Black,Black,At least 1 accident or damage reported,Yes,28825.0,316.0,2.0,4.0
Lamborghini,Huracan EVO Base,2020,6246.0,Gasoline,5.2L V10 40V GDI DOHC,Automatic,Nero Noctis,Nero Ade,,Yes,267950.0,,5.2,10.0
Jeep,Wrangler Unlimited Rubicon,2017,20172.0,Gasoline,285.0HP 3.6L V6 Cylinder Engine Gasoline Fuel,Dual Clutch,Gray,Black,,Yes,47500.0,285.0,3.6,6.0
Hummer,H2 Base,2005,145000.0,Gasoline,325.0HP 6.0L 8 Cylinder Engine Gasoline Fuel,Automatic,Green,Black,,Yes,22500.0,325.0,6.0,8.0
Ford,Flex Limited,2009,162000.0,Gasoline,262.0HP 3.5L V6 Cylinder Engine Gasoline Fuel,Automatic,Gray,Black,At least 1 accident or damage reported,Yes,7500.0,262.0,3.5,6.0
Porsche,718 Cayman GT4,2020,13554.0,Gasoline,414.0HP 4.0L Flat 6 Cylinder Engine Gasoline Fuel,Manual,Blue,Black,,Yes,124995.0,414.0,4.0,6.0
Toyota,Camry XLE,2007,59700.0,Gasoline,268.0HP 3.5L V6 Cylinder Engine Gasoline Fuel,Automatic,Green,Gray,,Yes,9500.0,268.0,3.5,6.0
Mercedes-Benz,A-Class A 220 4MATIC,2020,30930.0,Gasoline,2.0L I4 16V GDI DOHC Turbo,Automatic,Midnight Black,Black,,,28900.0,,2.0,
Bmw,335 i,2009,51983.0,Gasoline,300.0HP 3.0L Straight 6 Cylinder Engine Gasoline Fuel,Manual,Gray,White,,Yes,19999.0,300.0,3.0,6.0
Chevrolet,Camaro 2SS,2022,22000.0,Gasoline,455.0HP 6.2L 8 Cylinder Engine Gasoline Fuel,Manual,Blue,Black,,Yes,50000.0,455.0,6.2,8.0
Volkswagen,ID.4 Pro S,2023,16800.0,,295.0HP Electric Motor Electric Fuel System,Automatic,Gray,Black,,Yes,45000.0,295.0,,
Chevrolet,Silverado 2500 High Country,2022,16000.0,Diesel,445.0HP 6.6L 8 Cylinder Engine Diesel Fuel,Automatic,Black,Black,At least 1 accident or damage reported,Yes,73995.0,445.0,6.6,8.0
Nissan,Altima 2.5 SV,2020,22295.0,Gasoline,2.5L I4 16V GDI DOHC,Automatic,Scarlet Ember,Gray,,,23599.0,,2.5,
Bentley,Continental GT V8,2020,33000.0,Gasoline,542.0HP 4.0L 8 Cylinder Engine Gasoline Fuel,Automatic,Beige,Beige,,Yes,188500.0,542.0,4.0,8.0
Toyota,Sequoia Platinum,2023,1025.0,Hybrid,437.0HP 3.4L V6 Cylinder Engine Gas/Electric Hybrid,Automatic,Black,Black,,Yes,85000.0,437.0,3.4,6.0
Acura,TL Technology,2013,89190.0,Gasoline,305.0HP 3.7L V6 Cylinder Engine Gasoline Fuel,Automatic,Gray,White,At least 1 accident or damage reported,Yes,15499.0,305.0,3.7,6.0
Toyota,Highlander Limited,2020,53550.0,Gasoline,3.5L V6 24V PDI DOHC,Automatic,Blue,Gray,,Yes,39687.0,,3.5,6.0
Ford,Edge SEL,2021,56946.0,Gasoline,2.0L I4 16V GDI DOHC Turbo,Automatic,Silver,Ebony,,Yes,26299.0,,2.0,
Jaguar,F-TYPE R,2016,11684.0,Gasoline,550.0HP 5.0L 8 Cylinder Engine Gasoline Fuel,Automatic,Black,Black,,Yes,54900.0,550.0,5.0,8.0
Gmc,Yukon XL Denali,2018,45617.0,Gasoline,420.0HP 6.2L 8 Cylinder Engine Gasoline Fuel,Automatic,White,Gray,,Yes,51000.0,420.0,6.2,8.0
Chevrolet,Suburban LT,2018,75466.0,Gasoline,355.0HP 5.3L 8 Cylinder Engine Gasoline Fuel,Automatic,Gray,Black,,Yes,34500.0,355.0,5.3,8.0
Maserati,Levante GTS,2021,19513.0,Gasoline,3.8L V8 32V GDI DOHC Twin Turbo,Automatic,Black,Red / Black,At least 1 accident or damage reported,Yes,84645.0,,3.8,8.0
Subaru,Outback Limited,2021,15636.0,Gasoline,2.5L H4 16V GDI DOHC,Automatic,Crystal Black Silica,Black,,,33531.0,,2.5,
Mercedes-Benz,S-Class S 450,2018,69600.0,Gasoline,362.0HP 3.0L V6 Cylinder Engine Gasoline Fuel,Automatic,Black,Black,,Yes,40888.0,362.0,3.0,6.0
Mercedes-Benz,GL-Class GL 450,2011,138050.0,Gasoline,335.0HP 4.7L 8 Cylinder Engine Gasoline Fuel,Automatic,White,Beige,,Yes,16500.0,335.0,4.7,8.0
Ford,F-250 Lariat,2017,132269.0,E85 Flex Fuel,385.0HP 6.2L 8 Cylinder Engine Flex Fuel Capability,Automatic,Gray,Black,,Yes,35900.0,385.0,6.2,8.0
Hyundai,Palisade Limited,2020,45815.0,Gasoline,291.0HP 3.8L V6 Cylinder Engine Gasoline Fuel,Dual Clutch,Silver,Black,,Yes,37700.0,291.0,3.8,6.0
Ford,F-150 XLT,2021,25352.0,Gasoline,3.5L V6 24V PDI DOHC Twin Turbo,Automatic,Gray,Black,,Yes,48459.0,,3.5,6.0
Mercedes-Benz,R-Class R 350 4MATIC,2008,120000.0,Gasoline,268.0HP 3.5L V6 Cylinder Engine Gasoline Fuel,Automatic,Silver,Black,,Yes,8995.0,268.0,3.5,6.0
Chevrolet,Camaro 2SS,2018,75151.0,Gasoline,455.0HP 6.2L 8 Cylinder Engine Gasoline Fuel,Manual,Gray,Black,At least 1 accident or damage reported,Yes,45000.0,455.0,6.2,8.0
Jeep,Wrangler Sport,2016,74139.0,Gasoline,285.0HP 3.6L V6 Cylinder Engine Gasoline Fuel,Manual,Red,Black,,Yes,23000.0,285.0,3.6,6.0
Chevrolet,1500 Cheyenne,1994,170443.0,,–,Automatic,Red,–,At least 1 accident or damage reported,Yes,6000.0,,,
Jaguar,XJ6 Vanden Plas,1995,70000.0,,–,Automatic,Gold,–,,Yes,19000.0,,,
Bmw,550 i xDrive,2012,68500.0,Gasoline,400.0HP 4.4L 8 Cylinder Engine Gasoline Fuel,Dual Clutch,Black,Black,,Yes,17800.0,400.0,4.4,8.0
Lexus,GX 460 Luxury,2020,37366.0,Gasoline,4.6L V8 32V MPFI DOHC,Automatic,White,–,,,51890.0,,4.6,8.0
Tesla,Model S Long Range,2021,35315.0,,670.0HP Electric Motor Electric Fuel System,Automatic,White,Black,,Yes,66900.0,670.0,,
Volkswagen,Jetta 1.4T SE,2017,61000.0,Gasoline,150.0HP 1.4L 4 Cylinder Engine Gasoline Fuel,Automatic,White,Black,,Yes,15995.0,150.0,1.4,4.0
Jeep,Grand Cherokee Limited,2022,12050.0,Gasoline,3.6L V6 24V MPFI DOHC,Automatic,Bright White Clearcoat,Global Black,,,41599.0,,3.6,6.0
Jaguar,XK8 Base,2001,150000.0,Gasoline,290.0HP 4.0L 8 Cylinder Engine Gasoline Fuel,Automatic,Green,White,At least 1 accident or damage reported,Yes,9875.0,290.0,4.0,8.0
Porsche,Macan S,2016,46200.0,Gasoline,340.0HP 3.0L V6 Cylinder Engine Gasoline Fuel,Dual Clutch,Gray,Gray,At least 1 accident or damage reported,Yes,41500.0,340.0,3.0,6.0
Mercedes-Benz,E-Class E 350,2014,88000.0,Gasoline,302.0HP 3.5L V6 Cylinder Engine Gasoline Fuel,Automatic,Silver,Black,,Yes,15500.0,302.0,3.5,6.0
Mercedes-Benz,GL-Class GL 450 4MATIC,2015,47000.0,Gasoline,362.0HP 3.0L V6 Cylinder Engine Gasoline Fuel,Automatic,Silver,Black,,Yes,30089.0,362.0,3.0,6.0
Land,Rover Range Rover 3.0L Supercharged HSE,2017,50340.0,Gasoline,380.0HP 3.0L V6 Cylinder Engine Gasoline Fuel,Automatic,White,Beige,At least 1 accident or damage reported,Yes,47000.0,380.0,3.0,6.0
Mercedes-Benz,E-Class E 350 4MATIC,2010,67800.0,Gasoline,268.0HP 3.5L V6 Cylinder Engine Gasoline Fuel,Automatic,Black,Black,,Yes,13999.0,268.0,3.5,6.0
Dodge,Dakota Sport,2002,150000.0,Gasoline,175.0HP 3.9L V6 Cylinder Engine Gasoline Fuel,Manual,Black,Gray,At least 1 accident or damage reported,Yes,5500.0,175.0,3.9,6.0
Chevrolet,Camaro ZL1,2018,13500.0,Gasoline,650.0HP 6.2L 8 Cylinder Engine Gasoline Fuel,Manual,Black,Black,At least 1 accident or damage reported,Yes,54000.0,650.0,6.2,8.0
Hummer,H3 Base,2007,101750.0,Gasoline,242.0HP 3.7L 5 Cylinder Engine Gasoline Fuel,Automatic,White,Black,,Yes,12900.0,242.0,3.7,5.0
Honda,Odyssey EX-L,2022,18385.0,Gasoline,280.0HP 3.5L V6 Cylinder Engine Gasoline Fuel,Automatic,Red,Beige,,Yes,37950.0,280.0,3.5,6.0
Nissan,350Z Touring,2008,123500.0,Gasoline,306.0HP 3.5L V6 Cylinder Engine Gasoline Fuel,Automatic,Gray,Beige,At least 1 accident or damage reported,Yes,13500.0,306.0,3.5,6.0
Gmc,Savana 2500 Work Van,2017,117000.0,E85 Flex Fuel,342.0HP 6.0L 8 Cylinder Engine Flex Fuel Capability,Automatic,Silver,Silver,,Yes,38000.0,342.0,6.0,8.0
Mercedes-Benz,E-Class E 350 4MATIC,2010,86121.0,Gasoline,268.0HP 3.5L V6 Cylinder Engine Gasoline Fuel,Automatic,Gray,Black,,Yes,13600.0,268.0,3.5,6.0
Lexus,GX 460 Premium,2020,22466.0,Gasoline,301.0HP 4.6L 8 Cylinder Engine Gasoline Fuel,Automatic,White,Black,,Yes,45900.0,301.0,4.6,8.0
Nissan,Titan XD SV,2017,80000.0,Gasoline,390.0HP 5.6L 8 Cylinder Engine Gasoline Fuel,Automatic,Silver,Black,,Yes,23800.0,390.0,5.6,8.0
Chrysler,300 Touring,2020,23152.0,Gasoline,292.0HP 3.6L V6 Cylinder Engine Gasoline Fuel,Automatic,White,White,,Yes,28250.0,292.0,3.6,6.0
Dodge,Charger R/T,2006,91300.0,Gasoline,350.0HP 5.7L 8 Cylinder Engine Gasoline Fuel,Automatic,Yellow,–,,Yes,9200.0,350.0,5.7,8.0
Nissan,Pathfinder SL,2020,45000.0,Gasoline,284.0HP 3.5L V6 Cylinder Engine Gasoline Fuel,,Black,Black,,Yes,28999.0,284.0,3.5,6.0
Rivian,R1S Launch Edition,2023,1885.0,,835.0HP Electric Motor Electric Fuel System,Automatic,Green,White,,Yes,93500.0,835.0,,
Ford,Explorer Platinum,2018,73049.0,Gasoline,3.5L V6 24V GDI DOHC Twin Turbo,Automatic,Gray,Ebony Black,At least 1 accident or damage reported,Yes,30510.0,,3.5,6.0
Nissan,Titan SV,2021,7250.0,Gasoline,400.0HP 5.6L 8 Cylinder Engine Gasoline Fuel,Automatic,Black,Black,,Yes,38000.0,400.0,5.6,8.0
Jaguar,E-PACE S,2019,44000.0,Gasoline,246.0HP 2.0L 4 Cylinder Engine Gasoline Fuel,Automatic,Black,Black,,Yes,29000.0,246.0,2.0,4.0
Ford,F-150 FX4,2014,85500.0,Gasoline,411.0HP 6.2L 8 Cylinder Engine Gasoline Fuel,Dual Clutch,Black,Black,,Yes,26900.0,411.0,6.2,8.0
Gmc,Acadia Denali,2021,18083.0,Gasoline,3.6L V6 24V GDI DOHC,Automatic,Ebony Twilight Metallic,Jet Black,,Yes,43999.0,,3.6,6.0
Lamborghini,Murcielago Base,2005,22703.0,Gasoline,571.0HP 6.2L 12 Cylinder Engine Gasoline Fuel,Manual,Black,Black,,Yes,220000.0,571.0,6.2,12.0
Chevrolet,Camaro 1LT,2011,111000.0,Gasoline,312.0HP 3.6L V6 Cylinder Engine Gasoline Fuel,Automatic,Blue,Black,,Yes,10900.0,312.0,3.6,6.0
Gmc,Acadia SLT-2,2013,115000.0,Gasoline,288.0HP 3.6L V6 Cylinder Engine Gasoline Fuel,Automatic,White,Brown,,Yes,14000.0,288.0,3.6,6.0
Chevrolet,Malibu Premier,2021,33400.0,Gasoline,250.0HP 2.0L 4 Cylinder Engine Gasoline Fuel,Automatic,White,Black,,Yes,28000.0,250.0,2.0,4.0
Toyota,Sequoia SR5,2007,136000.0,Gasoline,273.0HP 4.7L 8 Cylinder Engine Gasoline Fuel,Automatic,Black,Beige,,Yes,12500.0,273.0,4.7,8.0
Lexus,IS 350 F Sport,2021,26800.0,Gasoline,311.0HP 3.5L V6 Cylinder Engine Gasoline Fuel,Automatic,Black,Red,,Yes,44000.0,311.0,3.5,6.0
Tesla,Model Y Performance,2022,30000.0,,455.0HP Electric Motor Electric Fuel System,Automatic,White,White,,Yes,51999.0,455.0,,
Dodge,Challenger SRT8,2008,251634.0,Gasoline,425.0HP 6.1L 8 Cylinder Engine Gasoline Fuel,Automatic,Silver,Black,,Yes,10500.0,425.0,6.1,8.0
Chrysler,300 Touring,2005,119000.0,Gasoline,250.0HP 3.5L V6 Cylinder Engine Gasoline Fuel,Automatic,Blue,Beige,,Yes,3500.0,250.0,3.5,6.0
Cadillac,Escalade Sport Platinum,2021,28121.0,Gasoline,6.2L V8 16V GDI OHV,Automatic,Black Raven,Jet Black,,,89000.0,,6.2,8.0
Chrysler,Town & Country Touring,2009,111000.0,Gasoline,197.0HP 3.8L V6 Cylinder Engine Gasoline Fuel,Automatic,Blue,Gray,,Yes,7900.0,197.0,3.8,6.0
Mazda,CX-5 Touring,2016,116500.0,Gasoline,2.5L I4 16V GDI DOHC,Automatic,Blue Reflex Mica,Black,,Yes,14311.0,,2.5,
Acura,TL 3.2,2005,199296.0,Gasoline,270.0HP 3.2L V6 Cylinder Engine Gasoline Fuel,Automatic,Black,Gray,,Yes,4900.0,270.0,3.2,6.0
Chevrolet,Corvette Z06 w/2LZ,2023,202.0,Gasoline,670.0HP 5.5L 8 Cylinder Engine Gasoline Fuel,Dual Clutch,White,Red,,Yes,179000.0,670.0,5.5,8.0
Tesla,Model Y Performance,2021,11200.0,,455.0HP Electric Motor Electric Fuel System,Automatic,White,Black,,Yes,47500.0,455.0,,
Volvo,XC40 T5 Momentum,2020,56536.0,Gasoline,2.0L I4 16V GDI DOHC Turbo,Automatic,White,Charcoal,,,26599.0,,2.0,
Chevrolet,Camaro 2SS,2016,49600.0,Gasoline,455.0HP 6.2L 8 Cylinder Engine Gasoline Fuel,Automatic,Blue,Black,,Yes,32500.0,455.0,6.2,8.0
Acura,TLX Type S PMC Edition,2023,13600.0,Gasoline,355.0HP 3.0L V6 Cylinder Engine Gasoline Fuel,Automatic,Blue,White,,Yes,65000.0,355.0,3.0,6.0
Volkswagen,Eos 2.0T,2007,59700.0,Gasoline,200.0HP 2.0L 4 Cylinder Engine Gasoline Fuel,Automatic,Blue,White,,Yes,10000.0,200.0,2.0,4.0
Dodge,Charger R/T Scat Pack,2018,19000.0,Gasoline,485.0HP 6.4L 8 Cylinder Engine Gasoline Fuel,Dual Clutch,Purple,Gray,,Yes,44888.0,485.0,6.4,8.0
Chevrolet,Corvette Z06,2002,17300.0,Gasoline,405.0HP 5.7L 8 Cylinder Engine Gasoline Fuel,Manual,Black,Black,,Yes,33999.0,405.0,5.7,8.0
Mercedes-Benz,CLA-Class CLA 250,2014,91140.0,Gasoline,208.0HP 2.0L 4 Cylinder Engine Gasoline Fuel,Automatic,Gray,Black,,Yes,13500.0,208.0,2.0,4.0
Bmw,M5 Base,2015,33000.0,Gasoline,560.0HP 4.4L 8 Cylinder Engine Gasoline Fuel,Automatic,Gray,Black,,Yes,65000.0,560.0,4.4,8.0
Jeep,Wrangler Unlimited Sport,2019,52775.0,Gasoline,285.0HP 3.6L V6 Cylinder Engine Gasoline Fuel,Automatic,Gray,Black,,Yes,39799.0,285.0,3.6,6.0
Mitsubishi,Lancer Sportback ES,2011,113000.0,Gasoline,148.0HP 2.0L 4 Cylinder Engine Gasoline Fuel,Manual,White,Black,,Yes,5800.0,148.0,2.0,4.0
Porsche,Macan Base,2022,13000.0,Gasoline,261.0HP 2.0L 4 Cylinder Engine Gasoline Fuel,Automatic,Black,Beige,,Yes,60000.0,261.0,2.0,4.0
Mercedes-Benz,CLK-Class CLK 350,2009,77925.0,Gasoline,268.0HP 3.5L V6 Cylinder Engine Gasoline Fuel,Dual Clutch,Silver,Black,,Yes,16500.0,268.0,3.5,6.0
Dodge,Challenger SRT8,2011,106500.0,,–,Automatic,White,White,At least 1 accident or damage reported,Yes,22500.0,,,
Mazda,Mazda3 Grand Touring,2018,15175.0,Gasoline,2.5L I4 16V GDI DOHC,Automatic,Snowflake White Pearl Metallic,Parchment,At least 1 accident or damage reported,,19212.0,,2.5,
Audi,A3 2.0T Premium,2017,137000.0,Gasoline,186.0HP 2.0L 4 Cylinder Engine Gasoline Fuel,Automatic,White,Gray,,Yes,10995.0,186.0,2.0,4.0
Bmw,528 i,2015,111000.0,Gasoline,240.0HP 2.0L 4 Cylinder Engine Gasoline Fuel,Automatic,Gray,–,At least 1 accident or damage reported,Yes,15000.0,240.0,2.0,4.0
Land,Rover Range Rover 3.0L V6 Supercharged HSE,2019,49208.0,Gasoline,380.0HP 3.0L V6 Cylinder Engine Gasoline Fuel,Dual Clutch,Black,Black,,Yes,62425.0,380.0,3.0,6.0
Audi,S5 3.0T Prestige,2018,44000.0,Gasoline,354.0HP 3.0L V6 Cylinder Engine Gasoline Fuel,Automatic,Gray,Black,,Yes,39000.0,354.0,3.0,6.0
Porsche,718 Boxster Base,2017,26000.0,Gasoline,300.0HP 2.0L 4 Cylinder Engine Gasoline Fuel,Automatic,Gray,Black,,Yes,45500.0,300.0,2.0,4.0
Chevrolet,Corvette Stingray w/2LT,2020,1800.0,Gasoline,490.0HP 6.2L 8 Cylinder Engine Gasoline Fuel,Automatic,Blue,Black,,Yes,76000.0,490.0,6.2,8.0
Lamborghini,Urus Pearl Capsule,2021,3771.0,Gasoline,"4L V-8 gasoline direct injection, DOHC, variable valve control,",Automatic,Grigio Nimbus,Bianco Polar,,,259991.0,,,
Maserati,Quattroporte S,2012,50000.0,Gasoline,425.0HP 4.7L 8 Cylinder Engine Gasoline Fuel,Automatic,White,Black,,Yes,26497.0,425.0,4.7,8.0
Subaru,Impreza 2.0i,2018,93000.0,Gasoline,152.0HP 2.0L 4 Cylinder Engine Gasoline Fuel,,Silver,Black,At least 1 accident or damage reported,Yes,16000.0,152.0,2.0,4.0
Mercedes-Benz,AMG GT C,2020,15000.0,Gasoline,550.0HP 4.0L 8 Cylinder Engine Gasoline Fuel,Automatic,Gray,Black,,Yes,129000.0,550.0,4.0,8.0
Mazda,Mazda6 i Touring,2016,119500.0,Gasoline,184.0HP 2.5L 4 Cylinder Engine Gasoline Fuel,Dual Clutch,Silver,Black,,Yes,15000.0,184.0,2.5,4.0
Porsche,Macan S,2016,50000.0,Gasoline,340.0HP 3.0L V6 Cylinder Engine Gasoline Fuel,Automatic,Blue,Red,,Yes,36000.0,340.0,3.0,6.0
Porsche,Panamera 4,2011,85000.0,Gasoline,300.0HP 3.6L V6 Cylinder Engine Gasoline Fuel,Automatic,Gray,Beige,,,21500.0,300.0,3.6,6.0
Genesis,G70 3.3T Advanced,2019,48000.0,Gasoline,365.0HP 3.3L V6 Cylinder Engine Gasoline Fuel,Automatic,Black,Black,,Yes,29999.0,365.0,3.3,6.0
Jeep,Wrangler Sport,2021,11756.0,Gasoline,"2L I-4 gasoline direct injection, DOHC, intercooled turbo, engin",Automatic,Granite Crystal Metallic Clearcoat,Black,At least 1 accident or damage reported,,33400.0,,,
Audi,Q5 2.0T Premium Plus,2018,50400.0,Gasoline,252.0HP 2.0L 4 Cylinder Engine Gasoline Fuel,Dual Clutch,White,Beige,,Yes,28500.0,252.0,2.0,4.0
Bmw,335 i xDrive,2012,153600.0,Gasoline,300.0HP 3.0L Straight 6 Cylinder Engine Gasoline Fuel,Manual,Black,Black,,Yes,17500.0,300.0,3.0,6.0
Land,Rover Range Rover P530 SE,2023,1869.0,Gasoline,4.4L V8 32V GDI DOHC Twin Turbo,Automatic,Eiger Grey,Deep Garnet,,Yes,164725.0,,4.4,8.0
Dodge,Durango SRT 392,2022,31917.0,Gasoline,475.0HP 6.4L 8 Cylinder Engine Gasoline Fuel,Automatic,Gray,Black,,Yes,64683.0,475.0,6.4,8.0
Bmw,M3 Base,2016,56235.0,Gasoline,425.0HP 3.0L Straight 6 Cylinder Engine Gasoline Fuel,Manual,Orange,Orange,,Yes,50500.0,425.0,3.0,6.0
Ford,Fiesta ST,2019,28724.0,Gasoline,197.0HP 1.6L 4 Cylinder Engine Gasoline Fuel,Manual,Gray,Black,At least 1 accident or damage reported,Yes,18300.0,197.0,1.6,4.0
Lincoln,MKS Base,2015,124400.0,Gasoline,305.0HP 3.7L V6 Cylinder Engine Gasoline Fuel,Automatic,White,Black,At least 1 accident or damage reported,Yes,9500.0,305.0,3.7,6.0
Chevrolet,Tahoe Premier,2020,137000.0,Gasoline,355.0HP 5.3L 8 Cylinder Engine Gasoline Fuel,Automatic,Black,Black,,Yes,46000.0,355.0,5.3,8.0
Ferrari,F430 Berlinetta,2005,38686.0,Gasoline,483.0HP 4.3L 8 Cylinder Engine Gasoline Fuel,Dual Clutch,White,Red,,Yes,99999.0,483.0,4.3,8.0
Ford,F-250 Platinum,2022,6600.0,Gasoline,430.0HP 7.3L 8 Cylinder Engine Gasoline Fuel,Automatic,Blue,Black,At least 1 accident or damage reported,Yes,72900.0,430.0,7.3,8.0
Mercedes-Benz,SLK-Class SLK280 Roadster,2007,67200.0,Gasoline,228.0HP 3.0L V6 Cylinder Engine Gasoline Fuel,Automatic,Silver,Black,,Yes,11500.0,228.0,3.0,6.0
Porsche,Macan,2021,16554.0,Gasoline,2.0 Liter,Automatic,White,Beige,,,51698.0,,2.0,
Bmw,X5 PHEV xDrive45e,2023,15736.0,Plug-In Hybrid,389.0HP 3.0L Straight 6 Cylinder Engine Plug-In Electric/Gas,Automatic,Blue,Brown,,Yes,67900.0,389.0,3.0,6.0
Mercedes-Benz,E-Class E500,2005,153460.0,Gasoline,302.0HP 5.0L 8 Cylinder Engine Gasoline Fuel,Automatic,Gold,Gold,At least 1 accident or damage reported,Yes,5800.0,302.0,5.0,8.0
Acura,TL 3.7,2012,70000.0,Gasoline,305.0HP 3.7L V6 Cylinder Engine Gasoline Fuel,Automatic,Black,Black,At least 1 accident or damage reported,Yes,15051.0,305.0,3.7,6.0
Hyundai,Equus Signature,2011,143898.0,Gasoline,378.0HP 4.6L 8 Cylinder Engine Gasoline Fuel,Automatic,Gray,Brown,,Yes,9950.0,378.0,4.6,8.0
Mercedes-Benz,SL-Class SL500 Roadster,2003,26190.0,Gasoline,302.0HP 5.0L 8 Cylinder Engine Gasoline Fuel,Automatic,Gold,Beige,,Yes,22000.0,302.0,5.0,8.0
Toyota,Land Cruiser Base,2000,209193.0,Gasoline,230.0HP 4.7L 8 Cylinder Engine Gasoline Fuel,Automatic,Black,Beige,,Yes,15900.0,230.0,4.7,8.0
Ram,2500 Big Horn,2018,27839.0,Gasoline,6.4L V8 16V MPFI OHV,Automatic,Granite Crystal Clearcoat Metallic,Diesel Gray / Black,,Yes,41688.0,,6.4,8.0
Chevrolet,Silverado 2500 WT,2018,141195.0,E85 Flex Fuel,6.0L V8 16V MPFI OHV Flexible Fuel,Automatic,Summit White,Dark Ash,,,28499.0,,6.0,8.0
Porsche,Macan S,2022,20250.0,Gasoline,375.0HP 2.9L V6 Cylinder Engine Gasoline Fuel,Automatic,White,Beige,,Yes,68500.0,375.0,2.9,6.0
Jeep,Grand Cherokee L Limited,2022,18333.0,Gasoline,3.6L V6 24V MPFI DOHC,Automatic,Velvet Red Pearlcoat,Global Black,,,41599.0,,3.6,6.0
Mercedes-Benz,E-Class E 350,2014,35000.0,Gasoline,302.0HP 3.5L V6 Cylinder Engine Gasoline Fuel,Automatic,Red,Beige,,Yes,29998.0,302.0,3.5,6.0
Dodge,Magnum Base,2006,133255.0,Gasoline,250.0HP 3.5L V6 Cylinder Engine Gasoline Fuel,Automatic,Silver,Gray,,Yes,4000.0,250.0,3.5,6.0
Porsche,Macan Turbo,2021,14526.0,Gasoline,2.9 Liter Turbo,Automatic,Black,–,,,79998.0,,2.9,
Mercedes-Benz,E-Class E 550,2014,43690.0,Gasoline,402.0HP 4.7L 8 Cylinder Engine Gasoline Fuel,Automatic,Black,Black,,Yes,23500.0,402.0,4.7,8.0
Porsche,Macan S,2020,29136.0,Gasoline,3.0 Liter Turbo,Automatic,White,Red,,,58598.0,,3.0,
Cadillac,XT5 Luxury,2017,72060.0,Gasoline,3.6L V6 24V GDI DOHC,Automatic,Stellar Black Metallic,Shara Beige,,,24590.0,,3.6,6.0
Toyota,Tundra Platinum,2023,8800.0,Gasoline,389.0HP 3.4L V6 Cylinder Engine Gasoline Fuel,Automatic,Silver,Black,,Yes,68500.0,389.0,3.4,6.0
Nissan,Versa 1.6 SL,2015,85768.0,Gasoline,109.0HP 1.6L 4 Cylinder Engine Gasoline Fuel,,White,Black,At least 1 accident or damage reported,Yes,8250.0,109.0,1.6,4.0
Mercedes-Benz,AMG GT 53 Base,2022,2235.0,Hybrid,429.0HP 3.0L Straight 6 Cylinder Engine Gasoline/Mild Electric Hybrid,Dual Clutch,Gray,Red,,Yes,110000.0,429.0,3.0,6.0
Buick,Enclave Avenir,2019,121521.0,Gasoline,3.6L V6 24V GDI DOHC,Automatic,Dark Slate Metallic,Ebony / Ebony Accents,,Yes,26772.0,,3.6,6.0
Porsche,911 GT3,2015,23700.0,Gasoline,475.0HP 3.8L Flat 6 Cylinder Engine Gasoline Fuel,Dual Clutch,Black,Black,,Yes,144940.0,475.0,3.8,6.0
Bmw,328 i,2013,124000.0,Gasoline,230.0HP 3.0L Straight 6 Cylinder Engine Gasoline Fuel,Automatic,White,Beige,,Yes,11900.0,230.0,3.0,6.0
Acura,ILX Premium Package,2018,32260.0,Gasoline,201.0HP 2.4L 4 Cylinder Engine Gasoline Fuel,Automatic,Black,Black,,Yes,20999.0,201.0,2.4,4.0
Lexus,GX 460 Base,2015,92000.0,Gasoline,301.0HP 4.6L 8 Cylinder Engine Gasoline Fuel,Automatic,Black,Black,,Yes,28000.0,301.0,4.6,8.0
Toyota,Land Cruiser Base,2010,269885.0,Gasoline,381.0HP 5.7L 8 Cylinder Engine Gasoline Fuel,Automatic,Black,Beige,At least 1 accident or damage reported,Yes,22500.0,381.0,5.7,8.0
Chevrolet,Corvette Base,2008,51855.0,Gasoline,430.0HP 6.2L 8 Cylinder Engine Gasoline Fuel,Automatic,Red,Red,,Yes,35900.0,430.0,6.2,8.0
Mazda,Mazda6 i Touring,2015,124000.0,Gasoline,184.0HP 2.5L 4 Cylinder Engine Gasoline Fuel,Manual,White,Beige,At least 1 accident or damage reported,Yes,12900.0,184.0,2.5,4.0
Jaguar,F-TYPE R,2015,26000.0,Gasoline,550.0HP 5.0L 8 Cylinder Engine Gasoline Fuel,Automatic,Blue,Red,,Yes,52500.0,550.0,5.0,8.0
Audi,A3 2.0T Premium,2018,36500.0,Gasoline,220.0HP 2.0L 4 Cylinder Engine Gasoline Fuel,Automatic,Gray,Silver,At least 1 accident or damage reported,Yes,25500.0,220.0,2.0,4.0
Chevrolet,Camaro 2SS,2022,1400.0,Gasoline,455.0HP 6.2L 8 Cylinder Engine Gasoline Fuel,Automatic,Black,Black,,Yes,54900.0,455.0,6.2,8.0
Jeep,Wrangler Unlimited Sport S,2018,17000.0,Gasoline,285.0HP 3.6L V6 Cylinder Engine Gasoline Fuel,Automatic,Black,Black,,Yes,38500.0,285.0,3.6,6.0
Honda,Civic Sport,2021,42750.0,Gasoline,1.5L I4 16V GDI DOHC Turbo,Automatic,Black,Black,,Yes,25698.0,,1.5,
Porsche,Cayman Base,2011,67998.0,Gasoline,265.0HP 2.9L Flat 6 Cylinder Engine Gasoline Fuel,Manual,White,Beige,,Yes,30000.0,265.0,2.9,6.0
Ford,Mustang GT,2008,64500.0,Gasoline,300.0HP 4.6L 8 Cylinder Engine Gasoline Fuel,Manual,Black,Red,At least 1 accident or damage reported,Yes,16000.0,300.0,4.6,8.0
Toyota,FJ Cruiser Base,2007,102000.0,Gasoline,239.0HP 4.0L V6 Cylinder Engine Gasoline Fuel,Manual,Blue,Black,,Yes,24900.0,239.0,4.0,6.0
Land,Rover Discovery SE,2004,145000.0,Gasoline,217.0HP 4.6L 8 Cylinder Engine Gasoline Fuel,Automatic,Green,Beige,,Yes,15500.0,217.0,4.6,8.0
Porsche,718 Boxster S,2018,50000.0,Gasoline,350.0HP 2.5L 4 Cylinder Engine Gasoline Fuel,Automatic,Blue,Black,At least 1 accident or damage reported,Yes,55000.0,350.0,2.5,4.0
Chevrolet,Corvette Base,2004,37622.0,Gasoline,350.0HP 5.7L 8 Cylinder Engine Gasoline Fuel,Automatic,Blue,Beige,,Yes,25500.0,350.0,5.7,8.0
Toyota,Avalon Limited,2006,89987.0,Gasoline,268.0HP 3.5L V6 Cylinder Engine Gasoline Fuel,Automatic,Green,Beige,,Yes,9499.0,268.0,3.5,6.0
Infiniti,QX80 Base,2015,136390.0,Gasoline,5.6L V8 32V GDI DOHC,Automatic,Black Obsidian,Black,,Yes,20470.0,,5.6,8.0
Cadillac,DeVille Base,1994,90000.0,,–,Automatic,Green,Beige,At least 1 accident or damage reported,Yes,2990.0,,,
Chevrolet,Camaro 2SS,2015,27000.0,Gasoline,426.0HP 6.2L 8 Cylinder Engine Gasoline Fuel,Dual Clutch,Black,Beige,,Yes,33000.0,426.0,6.2,8.0
Jeep,Liberty Renegade,2004,144770.0,Gasoline,210.0HP 3.7L V6 Cylinder Engine Gasoline Fuel,Automatic,Beige,Beige,At least 1 accident or damage reported,Yes,6500.0,210.0,3.7,6.0
Toyota,4Runner Trail,2011,157000.0,Gasoline,270.0HP 4.0L V6 Cylinder Engine Gasoline Fuel,Dual Clutch,Black,Beige,,Yes,23500.0,270.0,4.0,6.0
Bmw,328 i xDrive,2010,132000.0,Gasoline,230.0HP 3.0L Straight 6 Cylinder Engine Gasoline Fuel,Dual Clutch,Silver,Black,At least 1 accident or damage reported,Yes,8500.0,230.0,3.0,6.0
Ford,Excursion Limited Ultimate,2002,137000.0,Diesel,250.0HP 7.3L 8 Cylinder Engine Diesel Fuel,Automatic,Gold,Gold,,Yes,15000.0,250.0,7.3,8.0
Lexus,IS 300 Base,2018,50992.0,Gasoline,260.0HP 3.5L V6 Cylinder Engine Gasoline Fuel,Automatic,White,Gray,At least 1 accident or damage reported,Yes,28000.0,260.0,3.5,6.0
Cadillac,CTS Performance,2010,105760.0,Gasoline,270.0HP 3.0L V6 Cylinder Engine Gasoline Fuel,Automatic,Black,Black,,Yes,12900.0,270.0,3.0,6.0
Lexus,LC 500 Base,2018,29800.0,Gasoline,471.0HP 5.0L 8 Cylinder Engine Gasoline Fuel,Automatic,Black,Black,,Yes,68495.0,471.0,5.0,8.0
Bmw,540 i xDrive,2019,21000.0,Gasoline,335.0HP 3.0L Straight 6 Cylinder Engine Gasoline Fuel,Dual Clutch,Blue,Black,At least 1 accident or damage reported,Yes,42000.0,335.0,3.0,6.0
Chevrolet,Corvette Base,1998,152195.0,Gasoline,340.0HP 5.7L 8 Cylinder Engine Gasoline Fuel,Automatic,Black,Black,,Yes,9900.0,340.0,5.7,8.0
Hummer,H2 Base,2006,169900.0,Gasoline,325.0HP 6.0L 8 Cylinder Engine Gasoline Fuel,Automatic,Orange,Black,At least 1 accident or damage reported,Yes,16900.0,325.0,6.0,8.0
Volvo,XC90 3.2,2008,196000.0,Gasoline,235.0HP 3.2L Straight 6 Cylinder Engine Gasoline Fuel,Automatic,Black,Beige,,Yes,6499.0,235.0,3.2,6.0
Jeep,Wrangler Unlimited Sahara,2009,180036.0,Gasoline,202.0HP 3.8L V6 Cylinder Engine Gasoline Fuel,Automatic,Black,Black,At least 1 accident or damage reported,Yes,9100.0,202.0,3.8,6.0
Land,Rover Discovery HSE LUXURY,2017,57918.0,Gasoline,340.0HP 3.0L V6 Cylinder Engine Gasoline Fuel,Dual Clutch,Gray,Gray,,Yes,33500.0,340.0,3.0,6.0
Bmw,340 i,2017,98600.0,Gasoline,320.0HP 3.0L Straight 6 Cylinder Engine Gasoline Fuel,Automatic,Silver,Black,,Yes,26500.0,320.0,3.0,6.0
Ford,F-250 Lariat,2018,120000.0,Diesel,450.0HP 6.7L 8 Cylinder Engine Diesel Fuel,Automatic,Silver,Black,At least 1 accident or damage reported,Yes,55000.0,450.0,6.7,8.0
Bmw,M3 Competition,2022,14269.0,Gasoline,503.0HP 3.0L Straight 6 Cylinder Engine Gasoline Fuel,Automatic,Gray,Orange,,Yes,80000.0,503.0,3.0,6.0
Lexus,LC 500 Base,2022,6875.0,Gasoline,471.0HP 5.0L 8 Cylinder Engine Gasoline Fuel,Automatic,White,Black,,Yes,89000.0,471.0,5.0,8.0
Honda,CR-V Touring,2019,55100.0,Gasoline,1.5L I4 16V GDI DOHC Turbo,Automatic,White,Gray,,,28324.0,,1.5,
Porsche,Panamera S,2012,49000.0,Gasoline,400.0HP 4.8L 8 Cylinder Engine Gasoline Fuel,Automatic,White,Black,,,41500.0,400.0,4.8,8.0
Bmw,750 i,2009,74600.0,Gasoline,400.0HP 4.4L 8 Cylinder Engine Gasoline Fuel,Automatic,White,Brown,,Yes,15000.0,400.0,4.4,8.0
Audi,A7 3.0T Premium,2019,45900.0,Hybrid,335.0HP 3.0L V6 Cylinder Engine Gasoline/Mild Electric Hybrid,Dual Clutch,Black,Black,At least 1 accident or damage reported,Yes,41500.0,335.0,3.0,6.0
Chrysler,200 Limited,2015,95271.0,E85 Flex Fuel,184.0HP 2.4L 4 Cylinder Engine Flex Fuel Capability,Automatic,Black,Black,,,12468.0,184.0,2.4,4.0
Ford,F-150 XL,2021,88883.0,Gasoline,2.7L V6 24V PDI DOHC Twin Turbo,Automatic,Agate Black Metallic,Black,,Yes,33172.0,,2.7,6.0
Dodge,Grand Caravan R/T,2013,43000.0,E85 Flex Fuel,283.0HP 3.6L V6 Cylinder Engine Flex Fuel Capability,Automatic,Red,Black,,Yes,35000.0,283.0,3.6,6.0
Ford,Focus SE,2018,33700.0,E85 Flex Fuel,160.0HP 2.0L 4 Cylinder Engine Flex Fuel Capability,Automatic,Gray,Black,At least 1 accident or damage reported,Yes,12000.0,160.0,2.0,4.0
Ram,2500 Big Horn,2016,95115.0,Diesel,6.7L I6 24V DDI OHV Turbo Diesel,Automatic,Bright White Clearcoat,Diesel Gray / Black,,Yes,43640.0,,6.7,
Lotus,Elise Base,2005,25250.0,Gasoline,190.0HP 1.8L 4 Cylinder Engine Gasoline Fuel,Manual,Red,Black,,,44000.0,190.0,1.8,4.0
Chevrolet,Corvette Base,2007,20200.0,Gasoline,400.0HP 6.0L 8 Cylinder Engine Gasoline Fuel,Automatic,Red,Red,,Yes,27500.0,400.0,6.0,8.0
Audi,allroad 2.0T Prestige,2013,104457.0,Gasoline,211.0HP 2.0L 4 Cylinder Engine Gasoline Fuel,Automatic,Silver,Black,,Yes,17900.0,211.0,2.0,4.0
Mclaren,570S Spider,2018,8984.0,Gasoline,3.8L V8 32V MPFI DOHC Twin Turbo,Automatic,Vega Blue,Black,,,171900.0,,3.8,8.0
Chevrolet,Express 2500 Work Van,2017,76000.0,Gasoline,285.0HP 4.8L 8 Cylinder Engine Gasoline Fuel,Automatic,Silver,–,,Yes,41400.0,285.0,4.8,8.0
Chevrolet,Traverse High Country,2020,56247.0,Gasoline,3.6L V6 24V GDI DOHC,Automatic,Stone Gray Metallic,Jet Black,,Yes,39244.0,,3.6,6.0
Jeep,Wrangler S,1994,50750.0,,–,Manual,Blue,Gray,,Yes,15000.0,,,
Acura,ILX Technology Plus Package,2016,61000.0,Gasoline,201.0HP 2.4L 4 Cylinder Engine Gasoline Fuel,Automatic,Black,Black,At least 1 accident or damage reported,Yes,21000.0,201.0,2.4,4.0
Chevrolet,Camaro 1LT,2019,9111.0,Gasoline,3.6L V6 GDI DOHC,Automatic,Summit White,Jet Black,,,27599.0,,3.6,6.0
Lexus,ES 350 Base,2015,100900.0,Gasoline,3.5 Liter,Automatic,Matador Red Mica,Parchment,,,21998.0,,3.5,
Ford,F-150 XLT,2021,24207.0,Gasoline,2.7L V6 24V PDI DOHC Twin Turbo,Automatic,Black,–,,Yes,43430.0,,2.7,6.0
Tesla,Model Y Long Range,2022,9411.0,,Dual Motor - Standard,Automatic,Silver,Black,,,47998.0,,,
Chevrolet,Corvette Z06,2006,21000.0,Gasoline,505.0HP 7.0L 8 Cylinder Engine Gasoline Fuel,Manual,Silver,Black,,Yes,47500.0,505.0,7.0,8.0
Cadillac,CTS 3.6L Premium Luxury,2019,136150.0,Gasoline,335.0HP 3.6L V6 Cylinder Engine Gasoline Fuel,Dual Clutch,Silver,Black,At least 1 accident or damage reported,Yes,22500.0,335.0,3.6,6.0
Bmw,M3 Base,2009,78414.0,Gasoline,420.0HP 4.0L 8 Cylinder Engine Gasoline Fuel,Automatic,Silver,Gray,At least 1 accident or damage reported,Yes,28750.0,420.0,4.0,8.0
Mazda,Mazda3 FWD w/Preferred Package,2019,60800.0,Gasoline,186.0HP 2.5L 4 Cylinder Engine Gasoline Fuel,Automatic,Red,Beige,,Yes,19900.0,186.0,2.5,4.0
Ford,Maverick XLT,2022,16400.0,Hybrid,191.0HP 2.5L 4 Cylinder Engine Gas/Electric Hybrid,,Gray,Gray,,Yes,34000.0,191.0,2.5,4.0
Toyota,Highlander Hybrid Limited,2018,62200.0,Hybrid,306.0HP 3.5L V6 Cylinder Engine Gas/Electric Hybrid,,Brown,Beige,,Yes,35707.0,306.0,3.5,6.0
Bmw,X6 xDrive40i,2021,72903.0,Hybrid,3.0 Liter Turbo,,Black Sapphire Metallic,Black,At least 1 accident or damage reported,,53998.0,,3.0,
Lincoln,Town Car Signature,2003,142215.0,Gasoline,239.0HP 4.6L 8 Cylinder Engine Gasoline Fuel,Automatic,Gray,Beige,,Yes,5000.0,239.0,4.6,8.0
Mercedes-Benz,SL-Class SL550 Roadster,2007,150000.0,Gasoline,382.0HP 5.5L 8 Cylinder Engine Gasoline Fuel,Automatic,Black,Black,,Yes,8000.0,382.0,5.5,8.0
Ford,Mustang GT,1998,49170.0,Gasoline,225.0HP 4.6L 8 Cylinder Engine Gasoline Fuel,Automatic,Silver,Black,,Yes,12500.0,225.0,4.6,8.0
Chevrolet,Suburban 1500 LT,2015,167500.0,Gasoline,355.0HP 5.3L 8 Cylinder Engine Gasoline Fuel,Automatic,Silver,Black,,Yes,18000.0,355.0,5.3,8.0
Ford,Fusion SE,2016,110450.0,Gasoline,231.0HP 2.0L 4 Cylinder Engine Gasoline Fuel,Automatic,Silver,Brown,,Yes,11000.0,231.0,2.0,4.0
Audi,S4 3.0T Premium Plus,2014,106000.0,Gasoline,333.0HP 3.0L V6 Cylinder Engine Gasoline Fuel,Manual,Gray,Black,At least 1 accident or damage reported,Yes,23000.0,333.0,3.0,6.0
Chevrolet,Suburban Premier,2017,92728.0,Gasoline,355.0HP 5.3L 8 Cylinder Engine Gasoline Fuel,Automatic,White,Black,,Yes,34900.0,355.0,5.3,8.0
Ford,Bronco Big Bend,2022,17000.0,Gasoline,275.0HP 2.3L 4 Cylinder Engine Gasoline Fuel,Automatic,Gray,–,,Yes,44000.0,275.0,2.3,4.0
Ford,F-250 XL,2016,75200.0,E85 Flex Fuel,385.0HP 6.2L 8 Cylinder Engine Flex Fuel Capability,Automatic,White,Gray,,Yes,22000.0,385.0,6.2,8.0
Dodge,Challenger SRT Hellcat,2015,1800.0,Gasoline,707.0HP 6.2L 8 Cylinder Engine Gasoline Fuel,Automatic,Green,Black,,Yes,64990.0,707.0,6.2,8.0
Toyota,Tacoma TRD Sport,2019,36283.0,Gasoline,3.5 Liter,Automatic,Barcelona Red,Black,,,39598.0,,3.5,
Audi,Q5 S line Premium Plus,2023,6682.0,Hybrid,2.0 Liter TFSI,Automatic,Mythos Black Metallic,Rock Gray,,,47798.0,,2.0,
Jeep,Wrangler Sport,2018,23399.0,Gasoline,2.0L I4 16V GDI DOHC Turbo,Automatic,Black Clearcoat,Black,,,28999.0,,2.0,
Genesis,G80 3.8,2017,29720.0,Gasoline,311.0HP 3.8L V6 Cylinder Engine Gasoline Fuel,Automatic,Brown,Beige,,Yes,29500.0,311.0,3.8,6.0
Mercedes-Benz,SL-Class SL63 AMG Roadster,2009,56000.0,Gasoline,518.0HP 6.3L 8 Cylinder Engine Gasoline Fuel,Automatic,Black,Black,,Yes,44850.0,518.0,6.3,8.0
Lexus,LX 570 Three-Row,2020,59419.0,Gasoline,383.0HP 5.7L 8 Cylinder Engine Gasoline Fuel,Automatic,Silver,Beige,,Yes,73000.0,383.0,5.7,8.0
Kia,Stinger GT2,2018,69100.0,Gasoline,365.0HP 3.3L V6 Cylinder Engine Gasoline Fuel,Automatic,Red,Black,,Yes,32500.0,365.0,3.3,6.0
Nissan,GT-R Premium,2021,22185.0,Gasoline,3.8L V6 24V MPFI DOHC Twin Turbo,Automatic,Bayside Blue,Gray,,Yes,131999.0,,3.8,6.0
Chevrolet,Trailblazer SS,2008,29586.0,Gasoline,390.0HP 6.0L 8 Cylinder Engine Gasoline Fuel,Automatic,White,Black,,Yes,47900.0,390.0,6.0,8.0
Chevrolet,Silverado 2500 WT,2021,63866.0,Gasoline,6.6L V8 16V GDI OHV,Automatic,Silver Ice Metallic,Jet Black,,Yes,41885.0,,6.6,8.0
Chevrolet,Suburban LTZ,2016,135484.0,Gasoline,5.3L V8 16V GDI OHV,Automatic,Tungsten Metallic,Cocoa / Dune,,,29748.0,,5.3,8.0
Mercedes-Benz,E-Class E 350,2014,78500.0,Gasoline,302.0HP 3.5L V6 Cylinder Engine Gasoline Fuel,Automatic,Silver,Black,At least 1 accident or damage reported,Yes,17900.0,302.0,3.5,6.0
Bmw,M3 Base,2012,7982.0,Gasoline,414.0HP 4.0L 8 Cylinder Engine Gasoline Fuel,Automatic,Silver,Red,,,51900.0,414.0,4.0,8.0
Bentley,Continental GT V8,2022,1795.0,Gasoline,"4L V-8 gasoline direct injection, DOHC, variable valve control,",Automatic,Onyx Black,Beluga,,,269991.0,,,
Volkswagen,Golf R Base,2022,1067.0,Gasoline,315.0HP 2.0L 4 Cylinder Engine Gasoline Fuel,Automatic,White,Blue,,Yes,48000.0,315.0,2.0,4.0
Ford,Explorer Limited,2017,152000.0,Gasoline,290.0HP 3.5L V6 Cylinder Engine Gasoline Fuel,Automatic,Gray,Black,,Yes,15499.0,290.0,3.5,6.0
Honda,Odyssey LX,2011,185000.0,Gasoline,248.0HP 3.5L V6 Cylinder Engine Gasoline Fuel,Automatic,Purple,–,,Yes,8900.0,248.0,3.5,6.0
Dodge,Ram 2500 SLT Mega Cab,2007,97724.0,Diesel,350.0HP 6.7L Straight 6 Cylinder Engine Diesel Fuel,Automatic,Red,Gray,,Yes,19998.0,350.0,6.7,6.0
Honda,Civic Sport,2020,22227.0,Gasoline,2.0L I4 16V MPFI DOHC,Automatic,Red,Black,,,25980.0,,2.0,
Honda,Civic LX,2016,111000.0,Gasoline,158.0HP 2.0L 4 Cylinder Engine Gasoline Fuel,Automatic,Blue,Black,,Yes,13000.0,158.0,2.0,4.0
Ford,F-250 XLT,2019,32268.0,E85 Flex Fuel,385.0HP 6.2L 8 Cylinder Engine Flex Fuel Capability,Automatic,White,Gray,,Yes,46500.0,385.0,6.2,8.0
Nissan,Pathfinder SV,2019,122009.0,Gasoline,3.5 Liter,Automatic,Gray,Black,,,18998.0,,3.5,
Land,Rover Range Rover HSE SWB,2020,57785.0,Hybrid,395.0HP 3.0L Straight 6 Cylinder Engine Gasoline/Mild Electric Hybrid,Automatic,Black,Black,,Yes,63995.0,395.0,3.0,6.0
Bmw,M3 Base,2002,204884.0,Gasoline,333.0HP 3.2L Straight 6 Cylinder Engine Gasoline Fuel,Manual,Silver,Black,At least 1 accident or damage reported,Yes,21500.0,333.0,3.2,6.0
Hummer,H2 Base,2003,179400.0,Gasoline,316.0HP 6.0L 8 Cylinder Engine Gasoline Fuel,Automatic,White,Brown,At least 1 accident or damage reported,Yes,15000.0,316.0,6.0,8.0
Mazda,RX-8 R3,2009,57000.0,Gasoline,232.0HP 1.3L Rotary engine Gasoline Fuel,Manual,Red,Black,,Yes,14000.0,232.0,1.3,
Lexus,LX 570 Three-Row,2021,25997.0,Gasoline,383.0HP 5.7L 8 Cylinder Engine Gasoline Fuel,Automatic,Green,Brown,,Yes,87000.0,383.0,5.7,8.0
Chevrolet,Suburban Z71,2022,36555.0,Gasoline,5.3L V8 16V GDI OHV,Automatic,Summit White,Jet Black,,Yes,64288.0,,5.3,8.0
Mercedes-Benz,S-Class S 580 4MATIC,2023,989.0,Gasoline,4.0L V8 32V GDI DOHC Twin Turbo,Automatic,Black,Black,,Yes,122950.0,,4.0,8.0
Chevrolet,Corvette Base,2007,28514.0,Gasoline,400.0HP 6.0L 8 Cylinder Engine Gasoline Fuel,Dual Clutch,Red,Gray,,Yes,32000.0,400.0,6.0,8.0
Ford,Mustang GT Premium,2019,10400.0,Gasoline,460.0HP 5.0L 8 Cylinder Engine Gasoline Fuel,Automatic,Red,Gray,,Yes,40000.0,460.0,5.0,8.0
Chevrolet,Equinox Premier w/2LZ,2020,51133.0,Gasoline,2.0L I4 16V GDI DOHC Turbo,Automatic,Iridescent Pearl Tricoat,Jet Black,At least 1 accident or damage reported,,25800.0,,2.0,
Chevrolet,Camaro Z28,1999,58800.0,Gasoline,305.0HP 5.7L 8 Cylinder Engine Gasoline Fuel,Automatic,White,White,,Yes,15000.0,305.0,5.7,8.0
Land,Rover Discovery HSE,2018,85000.0,Gasoline,340.0HP 3.0L V6 Cylinder Engine Gasoline Fuel,Automatic,Gray,Black,,Yes,33000.0,340.0,3.0,6.0
Jeep,Wrangler SE,2000,95200.0,Gasoline,120.0HP 2.5L 4 Cylinder Engine Gasoline Fuel,Manual,Black,Black,,Yes,11999.0,120.0,2.5,4.0
Toyota,Highlander XLE,2015,68575.0,Gasoline,270.0HP 3.5L V6 Cylinder Engine Gasoline Fuel,Automatic,Silver,Gray,At least 1 accident or damage reported,Yes,26000.0,270.0,3.5,6.0
Chevrolet,Corvette Grand Sport,2011,12300.0,Gasoline,430.0HP 6.2L 8 Cylinder Engine Gasoline Fuel,Automatic,Red,Black,,Yes,45000.0,430.0,6.2,8.0
Chevrolet,Corvette Stingray,2018,13900.0,Gasoline,455.0HP 6.2L 8 Cylinder Engine Gasoline Fuel,Automatic,White,Red,,Yes,54490.0,455.0,6.2,8.0
Mercedes-Benz,SLK-Class SLK230 Kompressor,2001,58800.0,Gasoline,190.0HP 2.3L 4 Cylinder Engine Gasoline Fuel,Automatic,Silver,Black,,Yes,9000.0,190.0,2.3,4.0
Nissan,Juke NISMO RS,2016,30700.0,Gasoline,215.0HP 1.6L 4 Cylinder Engine Gasoline Fuel,Manual,Black,Black,At least 1 accident or damage reported,Yes,21500.0,215.0,1.6,4.0
Porsche,911 Carrera C2S,2005,104000.0,Gasoline,355.0HP 3.8L Flat 6 Cylinder Engine Gasoline Fuel,Manual,Silver,Black,,Yes,44800.0,355.0,3.8,6.0
Chevrolet,Colorado LT,2019,139116.0,Gasoline,3.6L V6 24V GDI DOHC,Automatic,Red,Jet Black,At least 1 accident or damage reported,Yes,24899.0,,3.6,6.0
Porsche,Macan S,2019,36700.0,Gasoline,348.0HP 3.0L V6 Cylinder Engine Gasoline Fuel,Automatic,Blue,Blue,At least 1 accident or damage reported,Yes,48990.0,348.0,3.0,6.0
Mercedes-Benz,GLE 350 Base 4MATIC,2022,24500.0,Gasoline,255.0HP 2.0L 4 Cylinder Engine Gasoline Fuel,Automatic,White,Beige,,Yes,82150.0,255.0,2.0,4.0
Toyota,Land Cruiser Base,2017,65000.0,Gasoline,381.0HP 5.7L 8 Cylinder Engine Gasoline Fuel,Automatic,Black,Brown,At least 1 accident or damage reported,Yes,65000.0,381.0,5.7,8.0
Bmw,X6 xDrive40i,2021,27654.0,Hybrid,3.0 Liter Turbo,Automatic,Mineral White,Black,,,61998.0,,3.0,
Rivian,R1S Adventure Package,2023,542.0,,835.0HP Electric Motor Electric Fuel System,Automatic,Black,Black,,Yes,92500.0,835.0,,
Toyota,Highlander Platinum,2020,41000.0,Gasoline,295.0HP 3.5L V6 Cylinder Engine Gasoline Fuel,Automatic,Blue,Black,,Yes,38700.0,295.0,3.5,6.0
Mercedes-Benz,SL-Class SL 63 AMG,2011,47400.0,Gasoline,518.0HP 6.3L 8 Cylinder Engine Gasoline Fuel,Automatic,White,Black,At least 1 accident or damage reported,Yes,41000.0,518.0,6.3,8.0
Ford,Thunderbird Deluxe,2002,40110.0,Gasoline,252.0HP 3.9L 8 Cylinder Engine Gasoline Fuel,Automatic,Yellow,Black,,Yes,18500.0,252.0,3.9,8.0
Ram,2500 Big Horn,2014,124700.0,Gasoline,410.0HP 6.4L 8 Cylinder Engine Gasoline Fuel,Automatic,Silver,–,,Yes,30000.0,410.0,6.4,8.0
Ford,F-350 XLT,2013,31000.0,E85 Flex Fuel,316.0HP 6.2L 8 Cylinder Engine Flex Fuel Capability,Automatic,Black,Gray,At least 1 accident or damage reported,Yes,35000.0,316.0,6.2,8.0
Toyota,RAV4 Prime XSE,2022,7100.0,Plug-In Hybrid,302.0HP 2.5L 4 Cylinder Engine Plug-In Electric/Gas,Automatic,Gray,Black,,Yes,49000.0,302.0,2.5,4.0
Jeep,Grand Cherokee Limited,2018,91677.0,Gasoline,3.6L V6 24V MPFI DOHC,Automatic,Granite Crystal Clearcoat Metallic,Black,,,26816.0,,3.6,6.0
Ford,Focus SE,2009,107500.0,Gasoline,132.0HP 2.0L 4 Cylinder Engine Gasoline Fuel,Automatic,White,Black,,Yes,9500.0,132.0,2.0,4.0
Porsche,911 Carrera 4 GTS,2023,1518.0,Gasoline,473.0HP 3.0L Flat 6 Cylinder Engine Gasoline Fuel,Automatic,Beige,Brown,,Yes,194965.0,473.0,3.0,6.0
Chevrolet,Corvette Stingray w/2LT,2023,5200.0,Gasoline,490.0HP 6.2L 8 Cylinder Engine Gasoline Fuel,Automatic,White,Red,,Yes,88900.0,490.0,6.2,8.0
Ford,F-150 XLT SuperCab,1999,48054.0,Gasoline,220.0HP 4.6L 8 Cylinder Engine Gasoline Fuel,Automatic,White,Gray,,Yes,9500.0,220.0,4.6,8.0
Porsche,Macan Base,2018,87500.0,Gasoline,252.0HP 2.0L 4 Cylinder Engine Gasoline Fuel,Dual Clutch,Blue,Beige,,Yes,28000.0,252.0,2.0,4.0
Acura,ZDX Base,2012,106335.0,Gasoline,300.0HP 3.7L V6 Cylinder Engine Gasoline Fuel,Automatic,White,Gray,,Yes,19000.0,300.0,3.7,6.0
Chevrolet,Suburban Premier,2017,133598.0,Gasoline,5.3L V8 16V GDI OHV,Automatic,Siren Red Tintcoat,Jet Black,At least 1 accident or damage reported,Yes,29999.0,,5.3,8.0
Chevrolet,Traverse Premier,2018,68455.0,Gasoline,3.6L V6 24V GDI DOHC,Automatic,Silver Ice Metallic,Jet Black,,Yes,30989.0,,3.6,6.0
Mercedes-Benz,E-Class E 400,2018,28690.0,Gasoline,329.0HP 3.0L V6 Cylinder Engine Gasoline Fuel,Automatic,White,Beige,,Yes,38880.0,329.0,3.0,6.0
Bmw,M3 Base,2012,83000.0,Gasoline,414.0HP 4.0L 8 Cylinder Engine Gasoline Fuel,Automatic,Black,Red,At least 1 accident or damage reported,Yes,31000.0,414.0,4.0,8.0
Ford,F-250 XLT,2019,38600.0,Diesel,450.0HP 6.7L 8 Cylinder Engine Diesel Fuel,Automatic,Blue,–,,Yes,54500.0,450.0,6.7,8.0
Toyota,Highlander SE,2019,92000.0,Gasoline,295.0HP 3.5L V6 Cylinder Engine Gasoline Fuel,Automatic,Red,Beige,At least 1 accident or damage reported,Yes,30000.0,295.0,3.5,6.0
Saturn,Sky Red Line,2009,134000.0,Gasoline,260.0HP 2.0L 4 Cylinder Engine Gasoline Fuel,Manual,Blue,Black,At least 1 accident or damage reported,Yes,9500.0,260.0,2.0,4.0
Lexus,LS 460 Base,2012,103000.0,Gasoline,380.0HP 4.6L 8 Cylinder Engine Gasoline Fuel,Automatic,White,Beige,,Yes,20500.0,380.0,4.6,8.0
Honda,CR-V LX,2004,176261.0,Gasoline,160.0HP 2.4L 4 Cylinder Engine Gasoline Fuel,Manual,Gray,Gray,,Yes,3750.0,160.0,2.4,4.0
Ford,Mustang GT Premium,2010,58500.0,Gasoline,315.0HP 4.6L 8 Cylinder Engine Gasoline Fuel,Manual,White,Red,At least 1 accident or damage reported,Yes,20000.0,315.0,4.6,8.0
Ford,F-250 Limited,2018,64000.0,Diesel,450.0HP 6.7L 8 Cylinder Engine Diesel Fuel,Automatic,Red,Beige,,Yes,64000.0,450.0,6.7,8.0
Porsche,Boxster Black Edition,2016,24881.0,Gasoline,265.0HP 2.7L Flat 6 Cylinder Engine Gasoline Fuel,Dual Clutch,Black,Black,At least 1 accident or damage reported,Yes,49999.0,265.0,2.7,6.0
Chevrolet,Corvette Base,1998,134000.0,Gasoline,340.0HP 5.7L 8 Cylinder Engine Gasoline Fuel,Automatic,Red,Beige,,Yes,11500.0,340.0,5.7,8.0
Ford,Explorer XLT,2013,82900.0,Gasoline,290.0HP 3.5L V6 Cylinder Engine Gasoline Fuel,Automatic,White,Gray,At least 1 accident or damage reported,Yes,16000.0,290.0,3.5,6.0
Bmw,Z4 3.0si,2008,59257.0,Gasoline,255.0HP 3.0L Straight 6 Cylinder Engine Gasoline Fuel,Manual,Gray,Black,,Yes,18200.0,255.0,3.0,6.0
Lexus,RX 350 F Sport,2016,81400.0,Gasoline,295.0HP 3.5L V6 Cylinder Engine Gasoline Fuel,Automatic,Gray,Red,At least 1 accident or damage reported,Yes,26000.0,295.0,3.5,6.0
Hyundai,Accent SEL,2022,5100.0,Gasoline,120.0HP 1.6L 4 Cylinder Engine Gasoline Fuel,Automatic,Blue,Black,,Yes,19500.0,120.0,1.6,4.0
Ford,Expedition Max XLT,2020,67072.0,Gasoline,375.0HP 3.5L V6 Cylinder Engine Gasoline Fuel,Automatic,Purple,Black,,Yes,38500.0,375.0,3.5,6.0
Bmw,328 i xDrive,2016,65000.0,Gasoline,240.0HP 2.0L 4 Cylinder Engine Gasoline Fuel,Dual Clutch,Silver,Black,,Yes,19500.0,240.0,2.0,4.0
Ford,Fusion SE,2014,80800.0,Gasoline,175.0HP 2.5L 4 Cylinder Engine Gasoline Fuel,Automatic,Blue,Beige,,Yes,10000.0,175.0,2.5,4.0
Ford,F-150 XLT,2020,53401.0,Gasoline,375.0HP 3.5L V6 Cylinder Engine Gasoline Fuel,Automatic,Gray,Black,,Yes,39500.0,375.0,3.5,6.0
Ford,F-150 Platinum,2021,15555.0,Gasoline,5.0L 8 Cylinder,Automatic,Blue,Black,,Yes,62890.0,,5.0,8.0
Dodge,Ram 1500 SLT Mega Cab,2006,201509.0,Gasoline,345.0HP 5.7L 8 Cylinder Engine Gasoline Fuel,Automatic,Gray,Gray,At least 1 accident or damage reported,Yes,11000.0,345.0,5.7,8.0
Honda,Civic EX,2013,107000.0,Gasoline,140.0HP 1.8L 4 Cylinder Engine Gasoline Fuel,Automatic,Silver,Black,,Yes,14000.0,140.0,1.8,4.0
Land,Rover Range Rover Velar P250 S R-Dynamic,2020,30500.0,Gasoline,247.0HP 2.0L 4 Cylinder Engine Gasoline Fuel,Automatic,Silver,Beige,,Yes,44000.0,247.0,2.0,4.0
Toyota,Tacoma Base,2011,36000.0,Gasoline,159.0HP 2.7L 4 Cylinder Engine Gasoline Fuel,Manual,Gray,Gray,,Yes,20000.0,159.0,2.7,4.0
Ford,F-250 XLT,2019,38514.0,E85 Flex Fuel,385.0HP 6.2L 8 Cylinder Engine Flex Fuel Capability,Automatic,Black,Gray,At least 1 accident or damage reported,Yes,45998.0,385.0,6.2,8.0
Mercedes-Benz,Sprinter 2500 Standard Roof,2022,4590.0,Gasoline,188.0HP 2.0L 4 Cylinder Engine Gasoline Fuel,Automatic,White,Black,,Yes,64000.0,188.0,2.0,4.0
Ram,2500 Big Horn,2019,97000.0,Diesel,370.0HP 6.7L Straight 6 Cylinder Engine Diesel Fuel,Automatic,White,Gray,At least 1 accident or damage reported,Yes,45000.0,370.0,6.7,6.0
Bmw,328 i xDrive,2011,110000.0,Gasoline,230.0HP 3.0L Straight 6 Cylinder Engine Gasoline Fuel,Automatic,Black,Beige,At least 1 accident or damage reported,Yes,6000.0,230.0,3.0,6.0
Ford,Explorer XLT,2017,53000.0,E85 Flex Fuel,290.0HP 3.5L V6 Cylinder Engine Flex Fuel Capability,Automatic,Red,Gray,At least 1 accident or damage reported,Yes,25000.0,290.0,3.5,6.0
Chevrolet,Suburban LTZ,2016,110000.0,E85 Flex Fuel,355.0HP 5.3L 8 Cylinder Engine Flex Fuel Capability,Automatic,Brown,Brown,,Yes,30999.0,355.0,5.3,8.0
Mazda,MX-5 Miata Sport,2006,218000.0,Gasoline,170.0HP 2.0L 4 Cylinder Engine Gasoline Fuel,Manual,Black,Black,At least 1 accident or damage reported,Yes,4999.0,170.0,2.0,4.0
Infiniti,G35 Base,2003,106500.0,Gasoline,280.0HP 3.5L V6 Cylinder Engine Gasoline Fuel,Manual,Red,Beige,,Yes,9500.0,280.0,3.5,6.0
Chevrolet,Express 2500 Work Van,2012,140500.0,E85 Flex Fuel,324.0HP 6.0L 8 Cylinder Engine Flex Fuel Capability,Automatic,White,Gray,,Yes,11800.0,324.0,6.0,8.0
Ford,Explorer Eddie Bauer,2010,144200.0,Gasoline,210.0HP 4.0L V6 Cylinder Engine Gasoline Fuel,Automatic,Black,Beige,,Yes,9999.0,210.0,4.0,6.0
Chevrolet,Suburban RST,2022,21400.0,Diesel,277.0HP 3.0L Straight 6 Cylinder Engine Diesel Fuel,Automatic,Gray,Black,,Yes,69000.0,277.0,3.0,6.0
Mercedes-Benz,GL-Class GL 550 4MATIC,2015,130000.0,Gasoline,429.0HP 4.7L 8 Cylinder Engine Gasoline Fuel,Automatic,Blue,Black,,Yes,24500.0,429.0,4.7,8.0
Ford,Focus SE,2012,108045.0,Gasoline,160.0HP 2.0L 4 Cylinder Engine Gasoline Fuel,Automatic,Blue,Gray,,Yes,6500.0,160.0,2.0,4.0
Subaru,Crosstrek Premium,2022,10000.0,Gasoline,152.0HP 2.0L 4 Cylinder Engine Gasoline Fuel,,White,Black,,Yes,28000.0,152.0,2.0,4.0
Hyundai,Genesis Coupe 3.8 Track,2011,75000.0,Gasoline,306.0HP 3.8L V6 Cylinder Engine Gasoline Fuel,Dual Clutch,Red,Black,At least 1 accident or damage reported,Yes,12000.0,306.0,3.8,6.0
Chrysler,Town & Country LX,2009,73500.0,Gasoline,170.0HP 3.3L V6 Cylinder Engine Gasoline Fuel,Automatic,Silver,Gray,At least 1 accident or damage reported,Yes,7858.0,170.0,3.3,6.0
Porsche,Panamera Turbo,2018,29850.0,Gasoline,550.0HP 4.0L 8 Cylinder Engine Gasoline Fuel,Automatic,Silver,Red,,Yes,89750.0,550.0,4.0,8.0
Honda,Pilot EX-L,2016,135350.0,Gasoline,280.0HP 3.5L V6 Cylinder Engine Gasoline Fuel,Automatic,White,Beige,At least 1 accident or damage reported,Yes,19900.0,280.0,3.5,6.0
Mercedes-Benz,GLC 300 GLC 300,2022,16983.0,Gasoline,2.0 Liter Turbo,Automatic,Black,Black,,,40998.0,,2.0,
Audi,A8 L 55,2019,35580.0,Hybrid,335.0HP 3.0L V6 Cylinder Engine Gasoline/Mild Electric Hybrid,Automatic,Black,Black,,Yes,49500.0,335.0,3.0,6.0
Ford,Edge SE,2020,71200.0,Gasoline,250.0HP 2.0L 4 Cylinder Engine Gasoline Fuel,Automatic,White,Beige,,Yes,18900.0,250.0,2.0,4.0
Dodge,Durango GT,2022,24778.0,Gasoline,3.6L V6 24V MPFI DOHC,Automatic,Octane Red Pearlcoat,Black,At least 1 accident or damage reported,,36599.0,,3.6,6.0
Bmw,328 i,2015,109330.0,Gasoline,240.0HP 2.0L 4 Cylinder Engine Gasoline Fuel,Automatic,Black,Beige,,Yes,13349.0,240.0,2.0,4.0
Alfa,Romeo Stelvio Ti,2023,6645.0,Gasoline,2.0L I4 16V GDI SOHC Turbo,Automatic,Alfa White,Black,,,43900.0,,2.0,
Mercedes-Benz,GL-Class GL 450 4MATIC,2007,90400.0,Gasoline,335.0HP 4.7L 8 Cylinder Engine Gasoline Fuel,Automatic,Silver,Beige,,Yes,10199.0,335.0,4.7,8.0
Ford,Ranger XLT SuperCab,2002,192100.0,Gasoline,207.0HP 4.0L V6 Cylinder Engine Gasoline Fuel,Automatic,Gold,Beige,At least 1 accident or damage reported,Yes,6450.0,207.0,4.0,6.0
Bmw,M3 CS,2018,32000.0,Gasoline,453.0HP 3.0L Straight 6 Cylinder Engine Gasoline Fuel,Dual Clutch,White,Black,,Yes,70000.0,453.0,3.0,6.0
Volkswagen,Golf GTI 2.0T Autobahn,2022,6400.0,Gasoline,241.0HP 2.0L 4 Cylinder Engine Gasoline Fuel,Automatic,Green,Black,,Yes,41500.0,241.0,2.0,4.0
Toyota,4Runner SR5 Premium,2021,36180.0,Gasoline,270.0HP 4.0L V6 Cylinder Engine Gasoline Fuel,Automatic,Black,–,,Yes,36990.0,270.0,4.0,6.0
Gmc,Yukon SLT,2014,142400.0,E85 Flex Fuel,320.0HP 5.3L 8 Cylinder Engine Flex Fuel Capability,Automatic,Black,Black,At least 1 accident or damage reported,Yes,13500.0,320.0,5.3,8.0
Cadillac,ATS 2.0L Turbo Luxury,2016,83000.0,Gasoline,272.0HP 2.0L 4 Cylinder Engine Gasoline Fuel,Automatic,Red,Beige,,Yes,16500.0,272.0,2.0,4.0
Nissan,Xterra S,2012,80000.0,Gasoline,261.0HP 4.0L V6 Cylinder Engine Gasoline Fuel,Automatic,Black,Gray,,Yes,14800.0,261.0,4.0,6.0
Ford,Bronco Badlands,2021,32437.0,Gasoline,315.0HP 2.7L V6 Cylinder Engine Gasoline Fuel,Automatic,Gray,Black,,Yes,51000.0,315.0,2.7,6.0
Bmw,328 i,2011,67500.0,Gasoline,230.0HP 3.0L Straight 6 Cylinder Engine Gasoline Fuel,Automatic,White,Beige,,Yes,18000.0,230.0,3.0,6.0
Toyota,4Runner Limited,2021,25882.0,Gasoline,"4L V-6 DOHC, VVT-i variable valve control, engine with 270HP",Automatic,Midnight Black Metallic,–,,,43837.0,,,
Porsche,911 Turbo,2018,12088.0,Gasoline,540.0HP 3.8L Flat 6 Cylinder Engine Gasoline Fuel,Automatic,Gray,Black,,Yes,169000.0,540.0,3.8,6.0
Toyota,Tundra SR5 Double Cab,2005,170000.0,Gasoline,282.0HP 4.7L 8 Cylinder Engine Gasoline Fuel,Automatic,Silver,Beige,At least 1 accident or damage reported,Yes,11200.0,282.0,4.7,8.0
Ford,F-250 Lariat,2023,3763.0,Diesel,475.0HP 6.7L 8 Cylinder Engine Diesel Fuel,Automatic,Red,Black,,Yes,92000.0,475.0,6.7,8.0
Land,Rover Range Rover Velar P380 S,2018,46000.0,Gasoline,380.0HP 3.0L V6 Cylinder Engine Gasoline Fuel,Automatic,Red,Beige,,Yes,40000.0,380.0,3.0,6.0
Ford,F-250 XLT Crew Cab Super Duty,2008,190321.0,Diesel,350.0HP 6.4L 8 Cylinder Engine Diesel Fuel,Automatic,White,Beige,,Yes,15900.0,350.0,6.4,8.0
Porsche,Macan S,2018,40950.0,Gasoline,340.0HP 3.0L V6 Cylinder Engine Gasoline Fuel,Automatic,Black,Black,,Yes,39750.0,340.0,3.0,6.0
Mercedes-Benz,C-Class C 63 AMG,2014,42000.0,Gasoline,451.0HP 6.2L 8 Cylinder Engine Gasoline Fuel,Automatic,Gray,Black,,Yes,45000.0,451.0,6.2,8.0
Nissan,Pathfinder S,2014,135000.0,Gasoline,260.0HP 3.5L V6 Cylinder Engine Gasoline Fuel,Automatic,White,Brown,,Yes,8500.0,260.0,3.5,6.0
Jeep,Gladiator Overland,2020,20655.0,Gasoline,3.6L V6 24V MPFI DOHC,Automatic,Firecracker Red Clearcoat,Black,,,42850.0,,3.6,6.0
Porsche,911 Carrera S,2023,1877.0,Gasoline,443.0HP 3.0L Flat 6 Cylinder Engine Gasoline Fuel,Automatic,Red,Red,,Yes,185950.0,443.0,3.0,6.0
Ford,F-250 XLT,2019,33000.0,Diesel,450.0HP 6.7L 8 Cylinder Engine Diesel Fuel,Automatic,Black,Gray,,Yes,59000.0,450.0,6.7,8.0
Ford,Fusion SE,2016,68000.0,Gasoline,175.0HP 2.5L 4 Cylinder Engine Gasoline Fuel,Automatic,Black,Black,,Yes,12500.0,175.0,2.5,4.0
Honda,Accord Sport,2013,405000.0,Gasoline,185.0HP 2.4L 4 Cylinder Engine Gasoline Fuel,,Black,Black,,Yes,6000.0,185.0,2.4,4.0
Bmw,330 i xDrive,2018,117000.0,Gasoline,248.0HP 2.0L 4 Cylinder Engine Gasoline Fuel,Automatic,Black,Beige,,Yes,17000.0,248.0,2.0,4.0
Acura,MDX Sport,2007,183455.0,Gasoline,300.0HP 3.7L V6 Cylinder Engine Gasoline Fuel,Automatic,White,Beige,At least 1 accident or damage reported,Yes,7700.0,300.0,3.7,6.0
Chevrolet,Suburban Premier,2021,51890.0,Gasoline,5.3L V8 16V GDI OHV,Automatic,Shadow Gray Metallic,Jet Black,,Yes,59980.0,,5.3,8.0
Chevrolet,Suburban High Country,2021,59528.0,Gasoline,6.2L V8 16V GDI OHV,Automatic,Satin Steel Metallic,Jet Black,,Yes,68995.0,,6.2,8.0
Cadillac,CTS-V Base,2006,123000.0,Gasoline,400.0HP 6.0L 8 Cylinder Engine Gasoline Fuel,Manual,Black,Black,,Yes,15000.0,400.0,6.0,8.0
Kia,Niro EV EX,2022,20000.0,,201.0HP Electric Motor Electric Fuel System,Automatic,Silver,Black,,Yes,29998.0,201.0,,
Bmw,X3 xDrive30i,2021,38352.0,Gasoline,2.0L I4 16V GDI DOHC Turbo,Automatic,Phytonic Blue Metallic,Canberra Beige,,,37400.0,,2.0,
Porsche,Taycan Base,2021,13344.0,,321.0HP Electric Motor Electric Fuel System,Automatic,Black,Beige,At least 1 accident or damage reported,Yes,83499.0,321.0,,
Honda,S2000 CR,2008,44300.0,Gasoline,237.0HP 2.2L 4 Cylinder Engine Gasoline Fuel,Manual,Yellow,Black,,Yes,62000.0,237.0,2.2,4.0
Lexus,HS 250h Premium,2010,123500.0,Hybrid,147.0HP 2.4L 4 Cylinder Engine Gas/Electric Hybrid,Automatic,Red,Black,At least 1 accident or damage reported,Yes,9500.0,147.0,2.4,4.0
Lincoln,Navigator Base,2013,134000.0,E85 Flex Fuel,310.0HP 5.4L 8 Cylinder Engine Flex Fuel Capability,Automatic,Red,Black,,Yes,21500.0,310.0,5.4,8.0
Ford,F-150 XLT,2020,57000.0,Gasoline,375.0HP 3.5L V6 Cylinder Engine Gasoline Fuel,Automatic,Gray,Gray,At least 1 accident or damage reported,Yes,37500.0,375.0,3.5,6.0
Kia,K5 GT-Line,2021,100312.0,Gasoline,1.6L I4 16V GDI DOHC Turbo,Automatic,Wolf Gray,Black,,,19980.0,,1.6,
Bentley,Continental GT W12,2021,16146.0,Gasoline,"6L W-12 port/direct injection, DOHC, variable valve control, twi",Automatic,Fountain Blue,Linen,,,239991.0,,,
Tesla,Model S Performance,2012,61000.0,,416.0HP Electric Motor Electric Fuel System,Automatic,Green,Black,,Yes,29000.0,416.0,,
Bmw,Z4 sDrive28i,2014,15889.0,Gasoline,240.0HP 2.0L 4 Cylinder Engine Gasoline Fuel,Automatic,Blue,Beige,,Yes,34500.0,240.0,2.0,4.0
Bmw,528 i xDrive,2015,125500.0,Gasoline,240.0HP 2.0L 4 Cylinder Engine Gasoline Fuel,Automatic,Black,Black,At least 1 accident or damage reported,Yes,12950.0,240.0,2.0,4.0
Ford,Expedition Limited,2013,163500.0,E85 Flex Fuel,310.0HP 5.4L 8 Cylinder Engine Flex Fuel Capability,Automatic,Gray,Black,,Yes,16490.0,310.0,5.4,8.0
Buick,Enclave Leather,2015,89726.0,Gasoline,288.0HP 3.6L V6 Cylinder Engine Gasoline Fuel,Automatic,White,Brown,,Yes,16000.0,288.0,3.6,6.0
Mercedes-Benz,SL-Class SL600 Roadster,2005,93000.0,Gasoline,493.0HP 5.5L 12 Cylinder Engine Gasoline Fuel,Automatic,Black,Black,,Yes,22500.0,493.0,5.5,12.0
Mini,Cooper S Base,2012,128000.0,Gasoline,181.0HP 1.6L 4 Cylinder Engine Gasoline Fuel,Automatic,Black,Black,,Yes,8500.0,181.0,1.6,4.0
Porsche,Cayenne Turbo,2017,70800.0,Gasoline,520.0HP 4.8L 8 Cylinder Engine Gasoline Fuel,Dual Clutch,White,Black,,Yes,52999.0,520.0,4.8,8.0
Saturn,Vue Hybrid Base,2009,115000.0,Hybrid,172.0HP 2.4L 4 Cylinder Engine Gas/Electric Hybrid,Automatic,Blue,Beige,,Yes,4400.0,172.0,2.4,4.0
Ram,2500 Laramie,2018,98650.0,Diesel,350.0HP 6.7L Straight 6 Cylinder Engine Diesel Fuel,Automatic,Black,Black,,Yes,56750.0,350.0,6.7,6.0
Ram,1500 Limited,2019,87768.0,Hybrid,395.0HP 5.7L 8 Cylinder Engine Gasoline/Mild Electric Hybrid,Automatic,Silver,Black,,Yes,44000.0,395.0,5.7,8.0
Chevrolet,Traverse RS,2023,6000.0,Gasoline,310.0HP 3.6L V6 Cylinder Engine Gasoline Fuel,Automatic,Gray,Black,,Yes,48500.0,310.0,3.6,6.0
Lexus,RX 350 F SPORT Appearance,2021,28262.0,Gasoline,3.5 Liter,Automatic,Obsidian,–,,,49998.0,,3.5,
Mazda,CX-50 2.5 Turbo Premium Package,2023,16200.0,Gasoline,227.0HP 2.5L 4 Cylinder Engine Gasoline Fuel,Automatic,Blue,Beige,,Yes,36900.0,227.0,2.5,4.0
Cadillac,SRX Luxury Collection,2012,87500.0,E85 Flex Fuel,308.0HP 3.6L V6 Cylinder Engine Flex Fuel Capability,Automatic,White,Beige,,Yes,11499.0,308.0,3.6,6.0
Fiat,500 Lounge,2013,85458.0,Gasoline,101.0HP 1.4L 4 Cylinder Engine Gasoline Fuel,Automatic,White,Beige,,Yes,9000.0,101.0,1.4,4.0
Mercedes-Benz,EQS 450+ Base,2022,16500.0,,329.0HP Electric Motor Electric Fuel System,Automatic,Blue,White,,Yes,69500.0,329.0,,
Mini,Cooper S Clubman Base,2009,83853.0,Gasoline,172.0HP 1.6L 4 Cylinder Engine Gasoline Fuel,Manual,Gray,Black,At least 1 accident or damage reported,Yes,6950.0,172.0,1.6,4.0
Bmw,X6 M50i,2022,22500.0,Gasoline,523.0HP 4.4L 8 Cylinder Engine Gasoline Fuel,Dual Clutch,Black,–,At least 1 accident or damage reported,Yes,74999.0,523.0,4.4,8.0
Lexus,LS 460 Base,2013,99524.0,Gasoline,386.0HP 4.6L 8 Cylinder Engine Gasoline Fuel,Automatic,Gray,Black,At least 1 accident or damage reported,Yes,24900.0,386.0,4.6,8.0
Genesis,GV80 2.5T,2023,8100.0,Gasoline,300.0HP 2.5L 4 Cylinder Engine Gasoline Fuel,Dual Clutch,Silver,Beige,,Yes,57300.0,300.0,2.5,4.0
Mini,Hardtop Cooper S,2016,43073.0,Gasoline,2.0L I4 16V GDI DOHC Turbo,Automatic,Volcanic Orange,Carbon Black,,,17999.0,,2.0,
Land,Rover Range Rover Velar R-Dynamic S,2023,12425.0,Gasoline,I4,Automatic,Firenze Red,Ebony,,,57619.0,,,
Bmw,530 i xDrive,2020,23195.0,Gasoline,2.0L I4 16V GDI DOHC Turbo,Automatic,Dark Graphite Metallic,Black,,,38900.0,,2.0,
Jeep,Grand Cherokee Laredo,2011,118000.0,Gasoline,360.0HP 5.7L 8 Cylinder Engine Gasoline Fuel,Automatic,Gold,Black,At least 1 accident or damage reported,Yes,12500.0,360.0,5.7,8.0
Toyota,Tacoma SR5,2018,65290.0,Gasoline,278.0HP 3.5L V6 Cylinder Engine Gasoline Fuel,Automatic,Blue,Black,At least 1 accident or damage reported,Yes,26450.0,278.0,3.5,6.0
Porsche,911 Carrera Cabriolet,2001,47885.0,Gasoline,300.0HP 3.4L Flat 6 Cylinder Engine Gasoline Fuel,Manual,Gray,Black,,,31995.0,300.0,3.4,6.0
Jeep,Gladiator Sport S,2020,13000.0,Gasoline,285.0HP 3.6L V6 Cylinder Engine Gasoline Fuel,Automatic,Gray,–,,Yes,39500.0,285.0,3.6,6.0
Dodge,Challenger SRT Hellcat,2018,29475.0,Gasoline,707.0HP 6.2L 8 Cylinder Engine Gasoline Fuel,Automatic,Orange,Black,,Yes,62999.0,707.0,6.2,8.0
Jeep,Renegade Trailhawk,2017,78717.0,Gasoline,180.0HP 2.4L 4 Cylinder Engine Gasoline Fuel,Automatic,Black,Black,,Yes,17500.0,180.0,2.4,4.0
Ford,F-150 Lariat,2021,9142.0,Hybrid,430.0HP 3.5L V6 Cylinder Engine Gas/Electric Hybrid,Automatic,Black,Gray,,Yes,61500.0,430.0,3.5,6.0
Jaguar,XF Premium,2011,106000.0,Gasoline,385.0HP 5.0L 8 Cylinder Engine Gasoline Fuel,Automatic,Brown,Beige,At least 1 accident or damage reported,Yes,9400.0,385.0,5.0,8.0
Ram,1500 Laramie,2022,3521.0,Gasoline,5.7L V8 16V MPFI OHV,Automatic,Diamond Black,Black,,Yes,51074.0,,5.7,8.0
Volkswagen,Golf GTI 2.0T SE 4-Door,2016,90000.0,Gasoline,210.0HP 2.0L 4 Cylinder Engine Gasoline Fuel,Automatic,Gray,Black,,Yes,16750.0,210.0,2.0,4.0
Porsche,Macan Turbo,2016,46000.0,Gasoline,400.0HP 3.6L V6 Cylinder Engine Gasoline Fuel,Dual Clutch,Gray,–,,Yes,38000.0,400.0,3.6,6.0
Bmw,X4 M Competition,2020,18362.0,Gasoline,503.0HP 3.0L Straight 6 Cylinder Engine Gasoline Fuel,Automatic,Black,Orange,,Yes,60000.0,503.0,3.0,6.0
Lexus,RX 350 Base,2013,164500.0,Gasoline,270.0HP 3.5L V6 Cylinder Engine Gasoline Fuel,Automatic,White,Black,At least 1 accident or damage reported,Yes,16500.0,270.0,3.5,6.0
Gmc,Terrain SLT,2020,55018.0,Gasoline,170.0HP 1.5L 4 Cylinder Engine Gasoline Fuel,Automatic,Black,Black,At least 1 accident or damage reported,Yes,25500.0,170.0,1.5,4.0
Nissan,Maxima SV,2022,36466.0,Gasoline,3.5L V6 24V GDI DOHC,Automatic,Brilliant Silver Metallic,Charcoal,,,24980.0,,3.5,6.0
Volvo,S60 B5 Inscription,2022,14280.0,Hybrid,247.0HP 2.0L 4 Cylinder Engine Gasoline/Mild Electric Hybrid,Automatic,Blue,Black,,Yes,36500.0,247.0,2.0,4.0
Subaru,Outback 2.5i Premium,2013,116000.0,Gasoline,173.0HP 2.5L 4 Cylinder Engine Gasoline Fuel,Automatic,Blue,Beige,At least 1 accident or damage reported,Yes,12500.0,173.0,2.5,4.0
Ram,1500 Laramie,2022,16184.0,Gasoline,5.7L V8 16V MPFI OHV,Automatic,Granite Crystal Clearcoat Metallic,Black,,,46999.0,,5.7,8.0
Porsche,Boxster Base,1997,132800.0,Gasoline,201.0HP 2.5L Flat 6 Cylinder Engine Gasoline Fuel,Manual,Red,Beige,,,8500.0,201.0,2.5,6.0
Ford,Explorer XLT,2020,45000.0,Gasoline,300.0HP 2.3L 4 Cylinder Engine Gasoline Fuel,Automatic,Silver,Black,,Yes,33500.0,300.0,2.3,4.0
Ford,F-150 Lariat,2013,102000.0,Gasoline,365.0HP 3.5L V6 Cylinder Engine Gasoline Fuel,Automatic,White,Black,,Yes,23000.0,365.0,3.5,6.0
Ford,Excursion XLS,2004,163000.0,Diesel,325.0HP 6.0L 8 Cylinder Engine Diesel Fuel,Automatic,Silver,Gray,At least 1 accident or damage reported,Yes,18000.0,325.0,6.0,8.0
Bmw,M8 Competition,2023,3500.0,Gasoline,617.0HP 4.4L 8 Cylinder Engine Gasoline Fuel,Automatic,Gray,Gray,,Yes,129000.0,617.0,4.4,8.0
Porsche,Panamera GTS,2016,42526.0,Gasoline,440.0HP 4.8L 8 Cylinder Engine Gasoline Fuel,Automatic,Blue,Black,,Yes,66200.0,440.0,4.8,8.0
Mazda,Mazda3 i Touring,2012,144900.0,Gasoline,155.0HP 2.0L 4 Cylinder Engine Gasoline Fuel,Dual Clutch,Black,–,,Yes,6000.0,155.0,2.0,4.0
Gmc,Sierra 1500 SLT,2016,85000.0,Gasoline,355.0HP 5.3L 8 Cylinder Engine Gasoline Fuel,Automatic,White,Black,,Yes,32750.0,355.0,5.3,8.0
Mercedes-Benz,Sprinter 2500 Standard Roof,2022,16113.0,Diesel,188.0HP 3.0L V6 Cylinder Engine Diesel Fuel,Automatic,Gray,Black,,Yes,111000.0,188.0,3.0,6.0
Mercedes-Benz,GL-Class GL 450,2011,93000.0,Gasoline,335.0HP 4.7L 8 Cylinder Engine Gasoline Fuel,Automatic,Gray,Beige,At least 1 accident or damage reported,Yes,11900.0,335.0,4.7,8.0
Ram,1500 Big Horn,2022,11468.0,Gasoline,5.7L V8 16V MPFI OHV,Automatic,Bright White Clearcoat,Black,,Yes,50204.0,,5.7,8.0
Lexus,NX 300 Base,2019,25470.0,Gasoline,235.0HP 2.0L 4 Cylinder Engine Gasoline Fuel,Dual Clutch,Silver,Red,,Yes,32500.0,235.0,2.0,4.0
Bmw,435 i xDrive,2014,90347.0,Gasoline,300.0HP 3.0L Straight 6 Cylinder Engine Gasoline Fuel,Automatic,Silver,Black,,Yes,21800.0,300.0,3.0,6.0
Gmc,Yukon SLE,2017,96000.0,Gasoline,355.0HP 5.3L 8 Cylinder Engine Gasoline Fuel,Automatic,Gray,Black,,Yes,34000.0,355.0,5.3,8.0
Honda,Pilot EX-L,2016,80500.0,Gasoline,280.0HP 3.5L V6 Cylinder Engine Gasoline Fuel,Automatic,Gray,Black,,Yes,23000.0,280.0,3.5,6.0
Audi,A5 Sportback S line Premium Plus,2021,35000.0,Hybrid,261.0HP 2.0L 4 Cylinder Engine Gasoline/Mild Electric Hybrid,Automatic,Black,Black,,Yes,37499.0,261.0,2.0,4.0
Porsche,911 Carrera,1995,49900.0,,–,Manual,Silver,Gray,At least 1 accident or damage reported,Yes,97993.0,,,
Honda,Civic Sport,2020,121212.0,Gasoline,1.5L I4 16V GDI DOHC Turbo,Automatic,White,Sport,At least 1 accident or damage reported,Yes,18387.0,,1.5,
Mercedes-Benz,G 550 4x4 Squared Base,2018,14381.0,Gasoline,4.0L V8 32V GDI DOHC Twin Turbo,Automatic,Designo Magno Matte,Black,,,204900.0,,4.0,8.0
Porsche,Panamera Platinum Edition,2022,13500.0,Gasoline,325.0HP 2.9L V6 Cylinder Engine Gasoline Fuel,Automatic,Green,Black,,Yes,86999.0,325.0,2.9,6.0
Bmw,740e xDrive iPerformance,2019,33214.0,Plug-In Hybrid,322.0HP 2.0L 4 Cylinder Engine Plug-In Electric/Gas,Automatic,White,Black,,Yes,43500.0,322.0,2.0,4.0
Ford,F-250 XLT,2017,29719.0,E85 Flex Fuel,385.0HP 6.2L 8 Cylinder Engine Flex Fuel Capability,Automatic,White,Gray,,Yes,31000.0,385.0,6.2,8.0
Lincoln,Corsair Standard,2022,4520.0,Gasoline,250.0HP 2.0L 4 Cylinder Engine Gasoline Fuel,Automatic,Beige,Beige,,Yes,38500.0,250.0,2.0,4.0
Hyundai,Sonata Sport,2017,84129.0,Gasoline,2.4L I4 16V GDI DOHC,Automatic,Phantom Black,Graphite,,,14599.0,,2.4,
Nissan,Maxima 3.5 SR,2019,72150.0,Gasoline,300.0HP 3.5L V6 Cylinder Engine Gasoline Fuel,,White,Black,At least 1 accident or damage reported,Yes,26999.0,300.0,3.5,6.0
Gmc,Yukon SLT,2015,94500.0,Gasoline,355.0HP 5.3L 8 Cylinder Engine Gasoline Fuel,Automatic,White,Beige,At least 1 accident or damage reported,Yes,30000.0,355.0,5.3,8.0
Mercedes-Benz,GLS 550 Base 4MATIC,2017,88454.0,Gasoline,449.0HP 4.7L 8 Cylinder Engine Gasoline Fuel,Automatic,White,Beige,,Yes,39999.0,449.0,4.7,8.0
Cadillac,CTS Base,2010,81696.0,Gasoline,270.0HP 3.0L V6 Cylinder Engine Gasoline Fuel,Automatic,Silver,Beige,At least 1 accident or damage reported,Yes,9499.0,270.0,3.0,6.0
Cadillac,CTS Base,2005,94100.0,Gasoline,255.0HP 3.6L V6 Cylinder Engine Gasoline Fuel,Manual,White,Beige,,Yes,6099.0,255.0,3.6,6.0
Ford,Explorer Limited,2022,17500.0,Hybrid,318.0HP 3.3L V6 Cylinder Engine Gas/Electric Hybrid,Automatic,White,Black,,Yes,46000.0,318.0,3.3,6.0
Acura,RDX,2016,132252.0,Gasoline,3.5 Liter,Automatic,Crystal Black,Black,,,18998.0,,3.5,
Toyota,Highlander XLE,2022,4437.0,Gasoline,295.0HP 3.5L V6 Cylinder Engine Gasoline Fuel,Dual Clutch,Gray,Black,,Yes,42000.0,295.0,3.5,6.0
Volkswagen,Golf GTI 2.0T SE 4-Door,2018,70500.0,Gasoline,220.0HP 2.0L 4 Cylinder Engine Gasoline Fuel,Dual Clutch,White,Black,,Yes,23000.0,220.0,2.0,4.0
Nissan,Pickup Truck XE,1994,89144.0,,–,Automatic,Red,Gray,,Yes,5899.0,,,
Toyota,Corolla CE,2008,170000.0,Gasoline,126.0HP 1.8L 4 Cylinder Engine Gasoline Fuel,Automatic,Gray,Gray,,Yes,5199.0,126.0,1.8,4.0
Honda,Element EX,2008,122000.0,Gasoline,166.0HP 2.4L 4 Cylinder Engine Gasoline Fuel,Automatic,Blue,Gray,,Yes,10500.0,166.0,2.4,4.0
Toyota,Camry Solara SE,2008,57852.0,Gasoline,210.0HP 3.3L V6 Cylinder Engine Gasoline Fuel,Automatic,Silver,Gray,,,13900.0,210.0,3.3,6.0
Hyundai,Genesis 4.6,2010,120321.0,Gasoline,378.0HP 4.6L 8 Cylinder Engine Gasoline Fuel,Dual Clutch,White,Beige,,Yes,10500.0,378.0,4.6,8.0
Bmw,325 Ci,2004,178000.0,Gasoline,184.0HP 2.5L Straight 6 Cylinder Engine Gasoline Fuel,Automatic,Blue,Brown,,Yes,5750.0,184.0,2.5,6.0
Bmw,M3 Base,2002,60255.0,Gasoline,333.0HP 3.2L Straight 6 Cylinder Engine Gasoline Fuel,Manual,Yellow,Black,,Yes,28750.0,333.0,3.2,6.0
Land,Rover Range Rover Sport HSE Dynamic,2019,77690.0,Gasoline,380.0HP 3.0L V6 Cylinder Engine Gasoline Fuel,Automatic,White,Beige,,Yes,43500.0,380.0,3.0,6.0
Chevrolet,Corvette ZR-1,2009,18000.0,Gasoline,638.0HP 6.2L 8 Cylinder Engine Gasoline Fuel,Manual,Gray,Black,,Yes,78000.0,638.0,6.2,8.0
Honda,Prelude Type SH,2001,125000.0,Gasoline,200.0HP 2.2L 4 Cylinder Engine Gasoline Fuel,Manual,Red,Black,,Yes,18000.0,200.0,2.2,4.0
Lexus,NX 300 Base,2021,6449.0,Gasoline,2.0L I4 16V PDI DOHC Turbo,Automatic,Silver,Black,At least 1 accident or damage reported,,35999.0,,2.0,
Volkswagen,Golf GTI 2.0T SE 4-Door,2019,33000.0,Gasoline,228.0HP 2.0L 4 Cylinder Engine Gasoline Fuel,Manual,Black,Black,,Yes,27500.0,228.0,2.0,4.0
Nissan,Armada LE,2009,87130.0,Gasoline,317.0HP 5.6L 8 Cylinder Engine Gasoline Fuel,Automatic,Brown,Black,,Yes,20000.0,317.0,5.6,8.0
Lexus,SC 300 Base,1998,165000.0,Gasoline,225.0HP 3.0L Straight 6 Cylinder Engine Gasoline Fuel,Automatic,Purple,Beige,,Yes,8700.0,225.0,3.0,6.0
Toyota,Camry Solara SLE,2008,73000.0,Gasoline,210.0HP 3.3L V6 Cylinder Engine Gasoline Fuel,Automatic,Blue,Beige,At least 1 accident or damage reported,Yes,11500.0,210.0,3.3,6.0
Porsche,Macan S,2020,22354.0,Gasoline,3.0L V6 24V GDI DOHC Turbo,Automatic,Black,Black,,,54900.0,,3.0,6.0
Tesla,Model Y Performance,2023,6188.0,,455.0HP Electric Motor Electric Fuel System,Automatic,Gray,White,,Yes,53900.0,455.0,,
Gmc,Terrain SLT,2019,60807.0,Gasoline,2.0L I4 16V GDI DOHC Turbo,Automatic,Red Quartz Tintcoat,Medium Ash Gray,At least 1 accident or damage reported,Yes,25925.0,,2.0,
Jeep,Compass Latitude,2014,105000.0,Gasoline,158.0HP 2.0L 4 Cylinder Engine Gasoline Fuel,Automatic,Black,Black,,Yes,10950.0,158.0,2.0,4.0
Audi,Q7 3.0T Prestige,2018,63400.0,Gasoline,333.0HP 3.0L V6 Cylinder Engine Gasoline Fuel,Automatic,Black,Black,,Yes,29900.0,333.0,3.0,6.0
Ford,F-250 Platinum,2022,4500.0,Gasoline,430.0HP 7.3L 8 Cylinder Engine Gasoline Fuel,Automatic,Black,Black,,Yes,86500.0,430.0,7.3,8.0
Jeep,Gladiator Overland,2020,8025.0,Gasoline,3.6L V6 24V MPFI DOHC,Automatic,Firecracker Red Clearcoat,Black,,Yes,42433.0,,3.6,6.0
Lincoln,Navigator L Reserve,2019,49131.0,Gasoline,3.5L V6 24V PDI DOHC Twin Turbo,Automatic,Tan,–,,,55460.0,,3.5,6.0
Tesla,Model X P100D,2017,100346.0,,Electric Motor Electric Fuel System,Automatic,Silver,White,,Yes,45999.0,,,
Mercedes-Benz,CLS-Class CLS 400 4MATIC,2016,62285.0,Gasoline,329.0HP 3.0L V6 Cylinder Engine Gasoline Fuel,Automatic,Black,Black,At least 1 accident or damage reported,Yes,29950.0,329.0,3.0,6.0
Lexus,RX 350 Base,2021,5040.0,Gasoline,295.0HP 3.5L V6 Cylinder Engine Gasoline Fuel,Automatic,Beige,Beige,At least 1 accident or damage reported,Yes,48900.0,295.0,3.5,6.0
Ram,1500 Laramie,2022,12940.0,Gasoline,5.7L V8 16V MPFI OHV,Automatic,Bright White Clearcoat,Black,At least 1 accident or damage reported,,46999.0,,5.7,8.0
Mitsubishi,Outlander Sport ES,2015,98385.0,Gasoline,166.0HP 2.4L 4 Cylinder Engine Gasoline Fuel,,Silver,Black,At least 1 accident or damage reported,Yes,10500.0,166.0,2.4,4.0
Hyundai,Sonata SE,2013,43903.0,Gasoline,200.0HP 2.4L 4 Cylinder Engine Gasoline Fuel,Automatic,Red,Black,At least 1 accident or damage reported,Yes,12500.0,200.0,2.4,4.0
Ford,Mustang EcoBoost Premium,2017,41650.0,Gasoline,310.0HP 2.3L 4 Cylinder Engine Gasoline Fuel,Automatic,Blue,Black,,Yes,23600.0,310.0,2.3,4.0
Bmw,X5 PHEV xDrive45e,2022,31850.0,Plug-In Hybrid,389.0HP 3.0L Straight 6 Cylinder Engine Plug-In Electric/Gas,Dual Clutch,White,Black,,Yes,60500.0,389.0,3.0,6.0
Hyundai,Sonata Hybrid Limited,2013,96419.0,Hybrid,199.0HP 2.4L 4 Cylinder Engine Gas/Electric Hybrid,Automatic,Black,Gray,At least 1 accident or damage reported,Yes,14999.0,199.0,2.4,4.0
Honda,Odyssey EX-L,2007,170000.0,Gasoline,244.0HP 3.5L V6 Cylinder Engine Gasoline Fuel,Automatic,Black,Beige,,Yes,7700.0,244.0,3.5,6.0
Chevrolet,Colorado LT Crew Cab,2009,139000.0,Gasoline,300.0HP 5.3L 8 Cylinder Engine Gasoline Fuel,Automatic,Black,Black,,Yes,14500.0,300.0,5.3,8.0
Buick,Enclave Premium,2016,134655.0,Gasoline,3.6L V6 24V GDI DOHC,Automatic,Ebony Twilight Metallic,Ebony,,Yes,18051.0,,3.6,6.0
Bmw,M235 i,2015,81000.0,Gasoline,320.0HP 3.0L Straight 6 Cylinder Engine Gasoline Fuel,Manual,White,Red,,Yes,27890.0,320.0,3.0,6.0
Mclaren,720S Performance,2020,9989.0,Gasoline,710.0HP 4.0L 8 Cylinder Engine Gasoline Fuel,Automatic,Black,Black,,Yes,324995.0,710.0,4.0,8.0
Kia,Telluride SX,2022,46347.0,Gasoline,3.8L V6 24V GDI DOHC,Automatic,Glacial White Pearl,Black,,,46120.0,,3.8,6.0
Chevrolet,Corvette Base,2007,4048.0,Gasoline,400.0HP 6.0L 8 Cylinder Engine Gasoline Fuel,Manual,Yellow,Gray,,Yes,38000.0,400.0,6.0,8.0
Mercedes-Benz,S-Class S 63 AMG,2015,79876.0,Gasoline,577.0HP 5.5L 8 Cylinder Engine Gasoline Fuel,Automatic,Black,White,,Yes,45750.0,577.0,5.5,8.0
Toyota,Mirai Limited,2021,44000.0,not supported,182.0HP Electric Motor Hydrogen Fuel,Automatic,Gray,Black,,Yes,18500.0,182.0,,
Alfa,Romeo Giulia Ti,2017,56910.0,Gasoline,280.0HP 2.0L 4 Cylinder Engine Gasoline Fuel,Dual Clutch,Blue,Black,,,23000.0,280.0,2.0,4.0
Land,Rover Range Rover Sport HSE,2019,65019.0,Gasoline,340.0HP 3.0L V6 Cylinder Engine Gasoline Fuel,Automatic,Black,Beige,,Yes,40500.0,340.0,3.0,6.0
Nissan,370Z Touring,2009,133409.0,Gasoline,332.0HP 3.7L V6 Cylinder Engine Gasoline Fuel,Manual,Silver,Gray,At least 1 accident or damage reported,Yes,14999.0,332.0,3.7,6.0
Bmw,330 i xDrive,2018,74381.0,Gasoline,248.0HP 2.0L 4 Cylinder Engine Gasoline Fuel,Automatic,White,Brown,At least 1 accident or damage reported,Yes,22995.0,248.0,2.0,4.0
Porsche,Macan,2023,2925.0,Gasoline,2.0L I4 16V GDI DOHC Turbo,Automatic,Carrara White Metallic,Black,,Yes,73300.0,,2.0,
Bmw,128 i,2013,67874.0,Gasoline,230.0HP 3.0L Straight 6 Cylinder Engine Gasoline Fuel,Automatic,Gray,Black,,Yes,18000.0,230.0,3.0,6.0
Mercedes-Benz,AMG GLE 63 S Coupe 4MATIC,2018,71500.0,Gasoline,577.0HP 5.5L 8 Cylinder Engine Gasoline Fuel,Automatic,White,White,,Yes,61000.0,577.0,5.5,8.0
Jeep,Wrangler Sport,2014,71000.0,Gasoline,285.0HP 3.6L V6 Cylinder Engine Gasoline Fuel,Automatic,Gray,Black,,Yes,22000.0,285.0,3.6,6.0
Ford,F-150 Raptor,2018,64517.0,Gasoline,450.0HP 3.5L V6 Cylinder Engine Gasoline Fuel,Automatic,Black,Black,,Yes,47995.0,450.0,3.5,6.0
Dodge,Sprinter 2500 High Roof,2004,55000.0,Diesel,154.0HP 2.7L 5 Cylinder Engine Diesel Fuel,Automatic,White,Gray,,Yes,24000.0,154.0,2.7,5.0
Bmw,M550 i xDrive,2019,7580.0,Gasoline,456.0HP 4.4L 8 Cylinder Engine Gasoline Fuel,Dual Clutch,Black,Black,,Yes,51500.0,456.0,4.4,8.0
Hyundai,Sonata GLS,2010,135000.0,Gasoline,168.0HP 2.4L 4 Cylinder Engine Gasoline Fuel,Dual Clutch,Blue,Gray,,Yes,3999.0,168.0,2.4,4.0
Honda,Accord EX-L,2019,62200.0,Gasoline,192.0HP 1.5L 4 Cylinder Engine Gasoline Fuel,Automatic,White,Black,At least 1 accident or damage reported,Yes,21500.0,192.0,1.5,4.0
Cadillac,CTS 3.6L Premium,2014,69001.0,Gasoline,321.0HP 3.6L V6 Cylinder Engine Gasoline Fuel,Automatic,Red,Black,,Yes,19500.0,321.0,3.6,6.0
Toyota,4Runner Venture Special Edition,2021,28567.0,Gasoline,"4L V-6 DOHC, VVT-i variable valve control, regular unleaded, eng",Automatic,–,Black/Graphite,,,44775.0,,,
Jaguar,XJ8 L,2006,78049.0,Gasoline,300.0HP 4.2L 8 Cylinder Engine Gasoline Fuel,Automatic,White,Beige,,Yes,13980.0,300.0,4.2,8.0
Ford,F-150 Lariat,2021,36821.0,Gasoline,3.5L V6 24V PDI DOHC Twin Turbo,Automatic,Agate Black Metallic,Black,,,49273.0,,3.5,6.0
Chevrolet,Suburban High Country,2021,23292.0,Gasoline,420.0HP 6.2L 8 Cylinder Engine Gasoline Fuel,Automatic,Brown,Black,,Yes,73500.0,420.0,6.2,8.0
Chevrolet,Suburban 1500 LTZ,2010,162671.0,E85 Flex Fuel,320.0HP 5.3L 8 Cylinder Engine Flex Fuel Capability,Automatic,Black,Black,,Yes,12000.0,320.0,5.3,8.0
Land,Rover LR2 HSE,2010,100472.0,Gasoline,230.0HP 3.2L Straight 6 Cylinder Engine Gasoline Fuel,Automatic,Gray,Beige,,Yes,9975.0,230.0,3.2,6.0
Subaru,WRX Limited,2017,73120.0,Gasoline,268.0HP 2.0L 4 Cylinder Engine Gasoline Fuel,,White,Black,At least 1 accident or damage reported,Yes,19950.0,268.0,2.0,4.0
Ford,Expedition Timberline,2022,23300.0,Gasoline,440.0HP 3.5L V6 Cylinder Engine Gasoline Fuel,Automatic,Green,Green,,Yes,67500.0,440.0,3.5,6.0
Honda,Clarity Plug-In Hybrid Base,2018,71000.0,Plug-In Hybrid,212.0HP 1.5L 4 Cylinder Engine Plug-In Electric/Gas,Automatic,Red,Beige,At least 1 accident or damage reported,Yes,17500.0,212.0,1.5,4.0
Ram,3500 Laramie,2022,16648.0,Diesel,6.7L I6 24V DDI OHV Turbo Diesel,Automatic,Flame Red Clearcoat,Black,,,70999.0,,6.7,
Chevrolet,Silverado 2500 LT,2011,240000.0,Diesel,335.0HP 6.6L 8 Cylinder Engine Diesel Fuel,Automatic,White,Black,,Yes,18500.0,335.0,6.6,8.0
Lexus,RX 450h Base,2013,119755.0,Hybrid,295.0HP 3.5L V6 Cylinder Engine Gas/Electric Hybrid,Dual Clutch,Silver,Black,,Yes,19500.0,295.0,3.5,6.0
Mercedes-Benz,M-Class ML 350 4MATIC,2015,88000.0,E85 Flex Fuel,302.0HP 3.5L V6 Cylinder Engine Flex Fuel Capability,Automatic,Silver,Gray,,Yes,19500.0,302.0,3.5,6.0
Bmw,X5 xDrive40i,2021,41000.0,Hybrid,335.0HP 3.0L Straight 6 Cylinder Engine Gasoline/Mild Electric Hybrid,Automatic,White,Black,,Yes,50000.0,335.0,3.0,6.0
Chevrolet,Camaro 2SS,2022,7458.0,Gasoline,455.0HP 6.2L 8 Cylinder Engine Gasoline Fuel,Manual,Red,Black,,Yes,47500.0,455.0,6.2,8.0
Jeep,Gladiator Sport S,2022,23000.0,Gasoline,285.0HP 3.6L V6 Cylinder Engine Gasoline Fuel,Automatic,Green,Black,,Yes,43000.0,285.0,3.6,6.0
Land,Rover Discovery LSE,1998,149437.0,Gasoline,182.0HP 4.0L 8 Cylinder Engine Gasoline Fuel,Automatic,Green,Beige,,Yes,9995.0,182.0,4.0,8.0
Ford,F-250 XLT,2017,244000.0,Diesel,440.0HP 6.7L 8 Cylinder Engine Diesel Fuel,Automatic,Red,Beige,,Yes,35500.0,440.0,6.7,8.0
Ram,1500 Rebel,2019,46000.0,Hybrid,305.0HP 3.6L V6 Cylinder Engine Gasoline/Mild Electric Hybrid,Automatic,White,–,,Yes,37900.0,305.0,3.6,6.0
Audi,Q5 S line Premium Plus,2022,13133.0,Hybrid,2.0 Liter TFSI,Automatic,Silver,Black,,,42998.0,,2.0,
Ram,1500 SLT,2017,45000.0,Gasoline,395.0HP 5.7L 8 Cylinder Engine Gasoline Fuel,Automatic,Black,Gray,,Yes,29999.0,395.0,5.7,8.0
Mazda,CX-30 Premium Package,2021,18385.0,Gasoline,2.5L I4 16V GDI DOHC,Automatic,Soul Red Crystal Metallic,White / Brown,,Yes,29255.0,,2.5,
Bmw,840 Gran Coupe i xDrive,2020,25793.0,Gasoline,3.0L I6 24V GDI DOHC Turbo,Automatic,Black Sapphire Metallic,Black,,,52999.0,,3.0,
Porsche,Boxster S,2005,44400.0,Gasoline,280.0HP 3.2L Flat 6 Cylinder Engine Gasoline Fuel,Manual,Silver,Black,,Yes,29800.0,280.0,3.2,6.0
Chevrolet,Malibu Limited LT,2016,104000.0,Gasoline,2.5L 4 Cylinder Engine Gasoline Fuel,Automatic,Silver,Gray,,Yes,10500.0,,2.5,4.0
Cadillac,Escalade Premium Luxury,2023,600.0,Gasoline,420.0HP 6.2L 8 Cylinder Engine Gasoline Fuel,Automatic,Black,Black,,Yes,103000.0,420.0,6.2,8.0
Mini,Cooper S Base,2007,45000.0,Gasoline,172.0HP 1.6L 4 Cylinder Engine Gasoline Fuel,Manual,Yellow,Black,,Yes,7900.0,172.0,1.6,4.0
Jeep,Gladiator Mojave,2022,24500.0,Gasoline,285.0HP 3.6L V6 Cylinder Engine Gasoline Fuel,Automatic,Blue,Black,,Yes,64000.0,285.0,3.6,6.0
Buick,Encore GX Essence,2020,35569.0,Gasoline,1.3L I3 12V MPFI DOHC Turbo,Automatic,Satin Steel Metallic,Ebony,,,21999.0,,1.3,
Toyota,Highlander XLE,2020,35000.0,Gasoline,295.0HP 3.5L V6 Cylinder Engine Gasoline Fuel,Automatic,Silver,Black,,Yes,36999.0,295.0,3.5,6.0
Acura,MDX Touring,2003,165000.0,Gasoline,260.0HP 3.5L V6 Cylinder Engine Gasoline Fuel,Automatic,Silver,Black,At least 1 accident or damage reported,Yes,4000.0,260.0,3.5,6.0
Land,Rover Range Rover Sport SE MHEV,2021,15000.0,Hybrid,355.0HP 3.0L Straight 6 Cylinder Engine Gasoline/Mild Electric Hybrid,Automatic,Black,Black,,Yes,69000.0,355.0,3.0,6.0
Bmw,535 i xDrive,2014,119750.0,Gasoline,300.0HP 3.0L Straight 6 Cylinder Engine Gasoline Fuel,Automatic,White,Beige,,Yes,15499.0,300.0,3.0,6.0
Nissan,350Z Touring,2007,90000.0,Gasoline,306.0HP 3.5L V6 Cylinder Engine Gasoline Fuel,Manual,White,Green,At least 1 accident or damage reported,Yes,12000.0,306.0,3.5,6.0
Ford,Transit Connect XLT,2015,112000.0,Gasoline,169.0HP 2.5L 4 Cylinder Engine Gasoline Fuel,Automatic,White,Black,At least 1 accident or damage reported,Yes,14500.0,169.0,2.5,4.0
Mercedes-Benz,SL-Class SL550 Roadster,2008,150000.0,Gasoline,382.0HP 5.5L 8 Cylinder Engine Gasoline Fuel,Automatic,Black,Beige,,Yes,16800.0,382.0,5.5,8.0
Porsche,911 Turbo S,2021,1912.0,Gasoline,640.0HP 3.8L Flat 6 Cylinder Engine Gasoline Fuel,Automatic,Silver,Black,,Yes,240000.0,640.0,3.8,6.0
Hyundai,Sonata Sport 2.0T,2015,82900.0,Gasoline,245.0HP 2.0L 4 Cylinder Engine Gasoline Fuel,Automatic,Black,Black,At least 1 accident or damage reported,Yes,13995.0,245.0,2.0,4.0
Audi,TT 1.8T,2004,79500.0,Gasoline,180.0HP 1.8L 4 Cylinder Engine Gasoline Fuel,Automatic,Silver,Black,,Yes,12000.0,180.0,1.8,4.0
Volvo,XC90 T6 Inscription,2019,60000.0,Gasoline,316.0HP 2.0L 4 Cylinder Engine Gasoline Fuel,Automatic,White,Black,,Yes,37000.0,316.0,2.0,4.0
Ram,1500 Big Horn,2021,41800.0,Diesel,260.0HP 3.0L V6 Cylinder Engine Diesel Fuel,Automatic,White,Black,,Yes,44900.0,260.0,3.0,6.0
Chevrolet,Tahoe LT,2021,71536.0,Gasoline,5.3L V8 16V GDI OHV,Automatic,Black,Jet Black,,Yes,49685.0,,5.3,8.0
Ford,Explorer XLT,2014,127558.0,Gasoline,3.5L V6 24V MPFI DOHC,Automatic,Green,Charcoal Black,,Yes,13715.0,,3.5,6.0
Ford,Mustang Mach-E Premium,2023,13232.0,,346.0HP Electric Motor Electric Fuel System,Automatic,Gray,Black,,Yes,45000.0,346.0,,
Chevrolet,Camaro 1SS,2017,39000.0,Gasoline,455.0HP 6.2L 8 Cylinder Engine Gasoline Fuel,Automatic,Yellow,Black,,Yes,31500.0,455.0,6.2,8.0
Ford,Bronco Big Bend Advanced,2023,11500.0,Gasoline,315.0HP 2.7L V6 Cylinder Engine Gasoline Fuel,Automatic,Gray,Black,,Yes,54490.0,315.0,2.7,6.0
Chrysler,Pacifica Launch Edition,2020,22200.0,Gasoline,287.0HP 3.6L V6 Cylinder Engine Gasoline Fuel,Automatic,Black,Black,,Yes,36800.0,287.0,3.6,6.0
Tesla,Model Y Long Range,2023,7414.0,,425.0HP Electric Motor Electric Fuel System,Automatic,Black,White,,Yes,56515.0,425.0,,
Lamborghini,Huracan LP580-2,2017,14586.0,Gasoline,"5.2L V-10 gasoline direct injection, DOHC, variable valve contro",Automatic,Blue Caelum,Nero Ade,,,209991.0,,5.2,
Ram,1500 Rebel,2021,32000.0,Hybrid,395.0HP 5.7L 8 Cylinder Engine Gasoline/Mild Electric Hybrid,Automatic,White,Black,,Yes,50927.0,395.0,5.7,8.0
Toyota,86 Base,2020,14700.0,Gasoline,200.0HP 2.0L 4 Cylinder Engine Gasoline Fuel,Automatic,White,Black,,Yes,27350.0,200.0,2.0,4.0
Bmw,X5 xDrive50i,2016,79995.0,Gasoline,445.0HP 4.4L 8 Cylinder Engine Gasoline Fuel,Dual Clutch,Black,Black,,Yes,23995.0,445.0,4.4,8.0
Gmc,Yukon Denali,2018,76000.0,Gasoline,420.0HP 6.2L 8 Cylinder Engine Gasoline Fuel,Automatic,Black,Black,,Yes,44500.0,420.0,6.2,8.0
Honda,Accord EX-L,2014,62000.0,Gasoline,185.0HP 2.4L 4 Cylinder Engine Gasoline Fuel,,Gray,Black,At least 1 accident or damage reported,Yes,18987.0,185.0,2.4,4.0
Maserati,Ghibli S Q4,2017,53500.0,Gasoline,404.0HP 3.0L V6 Cylinder Engine Gasoline Fuel,Automatic,Gray,Black,,Yes,28700.0,404.0,3.0,6.0
Hyundai,Kona EV SEL,2022,9400.0,,201.0HP Electric Motor Electric Fuel System,Automatic,Red,Black,,Yes,31999.0,201.0,,
Bmw,435 i,2014,86500.0,Gasoline,300.0HP 3.0L Straight 6 Cylinder Engine Gasoline Fuel,Automatic,Silver,Black,,Yes,20900.0,300.0,3.0,6.0
Mercedes-Benz,GL-Class GL 450,2011,148000.0,Gasoline,335.0HP 4.7L 8 Cylinder Engine Gasoline Fuel,Automatic,Black,Black,At least 1 accident or damage reported,Yes,9900.0,335.0,4.7,8.0
Gmc,Sierra 1500 SLE,2014,100080.0,E85 Flex Fuel,285.0HP 4.3L V6 Cylinder Engine Flex Fuel Capability,Automatic,White,Gray,,Yes,22989.0,285.0,4.3,6.0
Dodge,Challenger SRT Demon,2018,2620.0,Gasoline,808.0HP 6.2L 8 Cylinder Engine Gasoline Fuel,Automatic,Black,Black,,,155700.0,808.0,6.2,8.0
Bmw,X5 PHEV xDrive45e,2023,3099.0,Plug-In Hybrid,389.0HP 3.0L Straight 6 Cylinder Engine Plug-In Electric/Gas,Automatic,Black,Black,,Yes,74995.0,389.0,3.0,6.0
Dodge,Durango R/T,2020,78000.0,Gasoline,360.0HP 5.7L 8 Cylinder Engine Gasoline Fuel,Automatic,Black,Red,At least 1 accident or damage reported,Yes,29500.0,360.0,5.7,8.0
Ferrari,488 Spider Base,2019,9005.0,Gasoline,3.9L V8 32V GDI DOHC Twin Turbo,Automatic,White,–,,,319900.0,,3.9,8.0
Ford,Bronco Sport Big Bend,2022,16700.0,Gasoline,181.0HP 1.5L 3 Cylinder Engine Gasoline Fuel,Automatic,Blue,Black,,Yes,31000.0,181.0,1.5,3.0
Honda,Civic LX,2015,51300.0,Gasoline,143.0HP 1.8L 4 Cylinder Engine Gasoline Fuel,Manual,Black,Black,,Yes,17500.0,143.0,1.8,4.0
Ford,Shelby GT350 Base,2018,8237.0,Gasoline,526.0HP 5.2L 8 Cylinder Engine Gasoline Fuel,Manual,Gray,Black,,Yes,62900.0,526.0,5.2,8.0
Volkswagen,Jetta S,2010,99000.0,Gasoline,170.0HP 2.5L 5 Cylinder Engine Gasoline Fuel,Automatic,Gray,Black,At least 1 accident or damage reported,Yes,6000.0,170.0,2.5,5.0
Mazda,CX-5 Grand Touring,2021,62377.0,Gasoline,2.5L I4 16V,Automatic,Jet Black Mica,Black,,Yes,26288.0,,2.5,
Jeep,Wrangler Rubicon,2009,130000.0,Gasoline,202.0HP 3.8L V6 Cylinder Engine Gasoline Fuel,Manual,Black,Gray,,Yes,15500.0,202.0,3.8,6.0
Ford,F-250 XLT,2016,94300.0,E85 Flex Fuel,385.0HP 6.2L 8 Cylinder Engine Flex Fuel Capability,Automatic,Silver,Gray,At least 1 accident or damage reported,Yes,28999.0,385.0,6.2,8.0
Tesla,Model Y Performance,2022,24115.0,,455.0HP Electric Motor Electric Fuel System,Automatic,Gray,White,,Yes,46500.0,455.0,,
Bmw,528 i,2016,82000.0,Gasoline,240.0HP 2.0L 4 Cylinder Engine Gasoline Fuel,Automatic,Silver,Black,At least 1 accident or damage reported,Yes,16995.0,240.0,2.0,4.0
Kia,Rio S,2021,67686.0,Gasoline,120.0HP 1.6L 4 Cylinder Engine Gasoline Fuel,Automatic,Silver,Black,,Yes,15700.0,120.0,1.6,4.0
Tesla,Model S 85,2014,96800.0,,362.0HP Electric Motor Electric Fuel System,Automatic,Blue,Black,,Yes,28450.0,362.0,,
Jeep,Wrangler Sport,1997,131000.0,Gasoline,181.0HP 4.0L Straight 6 Cylinder Engine Gasoline Fuel,Manual,Green,Gray,At least 1 accident or damage reported,Yes,5500.0,181.0,4.0,6.0
Tesla,Model 3 Standard Range,2020,23097.0,,271.0HP Electric Motor Electric Fuel System,Automatic,Black,Black,,Yes,29900.0,271.0,,
Ferrari,GTC4Lusso T,2018,31000.0,Gasoline,602.0HP 3.9L 8 Cylinder Engine Gasoline Fuel,Automatic,White,Red,,Yes,197499.0,602.0,3.9,8.0
Bmw,X5 M50i,2021,28898.0,Gasoline,523.0HP 4.4L 8 Cylinder Engine Gasoline Fuel,Automatic,Black,Orange,,Yes,71000.0,523.0,4.4,8.0
Mazda,MX-5 Miata RF Club,2022,7250.0,Gasoline,181.0HP 2.0L 4 Cylinder Engine Gasoline Fuel,Manual,Gray,Black,,Yes,35619.0,181.0,2.0,4.0
Ford,F-250 XLT,2014,59459.0,Diesel,400.0HP 6.7L 8 Cylinder Engine Diesel Fuel,Automatic,Black,Silver,At least 1 accident or damage reported,Yes,40999.0,400.0,6.7,8.0
Jeep,Wrangler Sahara,2012,78000.0,Gasoline,285.0HP 3.6L V6 Cylinder Engine Gasoline Fuel,Automatic,Beige,Black,At least 1 accident or damage reported,Yes,22000.0,285.0,3.6,6.0
Ram,1500 Laramie,2021,24213.0,Gasoline,395.0HP 5.7L 8 Cylinder Engine Gasoline Fuel,Automatic,White,Black,,Yes,46500.0,395.0,5.7,8.0
Ram,1500 Laramie,2020,21165.0,Gasoline,5.7L V8 16V MPFI OHV,Automatic,Bright White Clearcoat,Black,,,46105.0,,5.7,8.0
Gmc,Yukon Denali,2016,107750.0,Gasoline,420.0HP 6.2L 8 Cylinder Engine Gasoline Fuel,Automatic,Black,Black,,Yes,35500.0,420.0,6.2,8.0
Ford,F-150 Lariat,2016,117000.0,Gasoline,365.0HP 3.5L V6 Cylinder Engine Gasoline Fuel,Automatic,White,Black,,Yes,26500.0,365.0,3.5,6.0
Chevrolet,Corvette Base,2006,39132.0,Gasoline,400.0HP 6.0L 8 Cylinder Engine Gasoline Fuel,Dual Clutch,Red,Beige,,Yes,35000.0,400.0,6.0,8.0
Bmw,Z4 2.5i,2004,94500.0,Gasoline,184.0HP 2.5L Straight 6 Cylinder Engine Gasoline Fuel,Manual,Gray,Black,,Yes,9000.0,184.0,2.5,6.0
Subaru,Crosstrek 2.0i Premium,2017,50011.0,Gasoline,148.0HP 2.0L 4 Cylinder Engine Gasoline Fuel,Automatic,Red,Beige,At least 1 accident or damage reported,Yes,21495.0,148.0,2.0,4.0
Lexus,GX 470 Base,2004,215000.0,Gasoline,235.0HP 4.7L 8 Cylinder Engine Gasoline Fuel,Automatic,White,Beige,At least 1 accident or damage reported,Yes,7350.0,235.0,4.7,8.0
Ram,1500 Laramie,2022,16616.0,Gasoline,5.7L V8 16V MPFI OHV,Automatic,Diamond Black,Black,,,45999.0,,5.7,8.0
Ford,F-150 XLT,2022,33818.0,Gasoline,5.0L V8 32V PDI DOHC,Automatic,Agate Black Metallic,Black,,Yes,46552.0,,5.0,8.0
Jeep,Wagoneer Series III,2022,9099.0,Gasoline,5.7L V8 16V MPFI OHV,Automatic,Velvet Red Pearlcoat,Global Black,,Yes,68362.0,,5.7,8.0
Volkswagen,GTI Base,2008,95798.0,Gasoline,200.0HP 2.0L 4 Cylinder Engine Gasoline Fuel,Manual,White,Black,,Yes,9850.0,200.0,2.0,4.0
Mercedes-Benz,AMG GLE AMG GLE 63 S-Model 4MATIC,2016,35943.0,Gasoline,577.0HP 5.5L 8 Cylinder Engine Gasoline Fuel,Automatic,Black,White,,Yes,51700.0,577.0,5.5,8.0
Mazda,Mazda6 iSport VE,2008,106000.0,Gasoline,156.0HP 2.3L 4 Cylinder Engine Gasoline Fuel,Automatic,Black,Beige,,Yes,4300.0,156.0,2.3,4.0
Kia,Telluride EX X-Line,2023,10400.0,Gasoline,291.0HP 3.8L V6 Cylinder Engine Gasoline Fuel,Automatic,Green,Green,,Yes,48000.0,291.0,3.8,6.0
Chevrolet,Tahoe LT,2022,2894.0,Gasoline,355.0HP 5.3L 8 Cylinder Engine Gasoline Fuel,Automatic,Blue,Beige,,Yes,63900.0,355.0,5.3,8.0
Dodge,Durango GT,2022,15592.0,Gasoline,3.6L V6 24V MPFI DOHC,Automatic,DB Black Clearcoat,Black,,Yes,39985.0,,3.6,6.0
Mercedes-Benz,AMG C 63 Base,2020,33548.0,Gasoline,469.0HP 4.0L 8 Cylinder Engine Gasoline Fuel,Automatic,Silver,Black,,Yes,57999.0,469.0,4.0,8.0
Bmw,320 i xDrive,2016,185000.0,Gasoline,180.0HP 2.0L 4 Cylinder Engine Gasoline Fuel,Automatic,Black,Beige,At least 1 accident or damage reported,Yes,7500.0,180.0,2.0,4.0
Porsche,Macan GTS,2023,6483.0,Gasoline,2.9L V6 24V GDI DOHC Twin Turbo,Automatic,Chalk,Black,,,96900.0,,2.9,6.0
Honda,Pilot EX-L,2020,28886.0,Gasoline,3.5L V6 24V GDI SOHC,Automatic,Gray,Gray,,,35645.0,,3.5,6.0
Mercedes-Benz,GLE 350 Base,2020,26293.0,Gasoline,2.0 Liter Turbo,Automatic,designo Diamond White Bright,Macchiato/Magmagrey,,,49998.0,,2.0,
Chevrolet,Camaro 2SS,2017,62000.0,Gasoline,455.0HP 6.2L 8 Cylinder Engine Gasoline Fuel,Dual Clutch,Blue,Black,,Yes,34500.0,455.0,6.2,8.0
Jaguar,XF 35t Prestige,2017,101453.0,Gasoline,340.0HP 3.0L V6 Cylinder Engine Gasoline Fuel,Automatic,White,Beige,At least 1 accident or damage reported,Yes,18500.0,340.0,3.0,6.0
Ram,3500 Laramie,2013,106385.0,Diesel,385.0HP 6.7L Straight 6 Cylinder Engine Diesel Fuel,Automatic,White,Black,At least 1 accident or damage reported,Yes,42900.0,385.0,6.7,6.0
Bmw,335 is,2012,86629.0,Gasoline,320.0HP 3.0L Straight 6 Cylinder Engine Gasoline Fuel,Automatic,White,Red,,Yes,20995.0,320.0,3.0,6.0
Audi,S6 4.0T Premium Plus,2018,61258.0,Gasoline,450.0HP 4.0L 8 Cylinder Engine Gasoline Fuel,Automatic,White,Black,,Yes,49999.0,450.0,4.0,8.0
Chrysler,300 S,2014,121500.0,Gasoline,363.0HP 5.7L 8 Cylinder Engine Gasoline Fuel,Automatic,Blue,Black,,Yes,15999.0,363.0,5.7,8.0
Gmc,Sierra 1500 AT4,2022,100.0,Diesel,277.0HP 3.0L Straight 6 Cylinder Engine Diesel Fuel,Automatic,White,Black,,Yes,62499.0,277.0,3.0,6.0
Chrysler,200 C,2015,170000.0,E85 Flex Fuel,295.0HP 3.6L V6 Cylinder Engine Flex Fuel Capability,Automatic,Silver,Black,At least 1 accident or damage reported,Yes,5995.0,295.0,3.6,6.0
Ford,F-150 XLT SuperCab,2010,232000.0,Gasoline,292.0HP 4.6L 8 Cylinder Engine Gasoline Fuel,Automatic,Blue,Gray,,Yes,3000.0,292.0,4.6,8.0
Mini,Cooper S Base,2006,95000.0,Gasoline,168.0HP 1.6L 4 Cylinder Engine Gasoline Fuel,Manual,Gray,–,,Yes,12500.0,168.0,1.6,4.0
Toyota,Venza XLE,2013,103466.0,Gasoline,268.0HP 3.5L V6 Cylinder Engine Gasoline Fuel,Automatic,White,Gray,At least 1 accident or damage reported,Yes,14200.0,268.0,3.5,6.0
Toyota,Camry Hybrid Base,2011,133121.0,Hybrid,147.0HP 2.4L 4 Cylinder Engine Gas/Electric Hybrid,Automatic,White,White,At least 1 accident or damage reported,Yes,7900.0,147.0,2.4,4.0
Chevrolet,Tahoe LT,2012,162731.0,E85 Flex Fuel,320.0HP 5.3L 8 Cylinder Engine Flex Fuel Capability,Automatic,Brown,Gray,,Yes,14500.0,320.0,5.3,8.0
Mercedes-Benz,CLS-Class CLS 63 AMG S-Model 4MATIC,2014,64500.0,Gasoline,577.0HP 5.5L 8 Cylinder Engine Gasoline Fuel,Automatic,Silver,Black,,,37500.0,577.0,5.5,8.0
Ford,Shelby GT500 Base,2021,568.0,Gasoline,760.0HP 5.2L 8 Cylinder Engine Gasoline Fuel,Automatic,Orange,Black,,Yes,90788.0,760.0,5.2,8.0
Lexus,RX 300 4WD,1999,249083.0,Gasoline,220.0HP 3.0L V6 Cylinder Engine Gasoline Fuel,Automatic,Red,Beige,At least 1 accident or damage reported,Yes,3500.0,220.0,3.0,6.0
Porsche,Macan S,2015,80300.0,Gasoline,340.0HP 3.0L V6 Cylinder Engine Gasoline Fuel,Automatic,Gray,Beige,,Yes,23999.0,340.0,3.0,6.0
Ford,F-150 XLT SuperCab,2004,187000.0,Gasoline,300.0HP 5.4L 8 Cylinder Engine Gasoline Fuel,Automatic,Beige,Beige,,Yes,6299.0,300.0,5.4,8.0
Subaru,Outback 2.5 i Special Edition,2009,181870.0,Gasoline,169.0HP 2.5L 4 Cylinder Engine Gasoline Fuel,Automatic,Black,Black,,Yes,6500.0,169.0,2.5,4.0
Gmc,Sierra 2500 AT4,2022,22600.0,Diesel,6.6L V8 32V DDI OHV Turbo Diesel,Automatic,Ebony Twilight Metallic,Jet Black,,,76740.0,,6.6,8.0
Bmw,X5 xDrive40i,2020,37000.0,Gasoline,335.0HP 3.0L Straight 6 Cylinder Engine Gasoline Fuel,Automatic,Black,Black,At least 1 accident or damage reported,Yes,50000.0,335.0,3.0,6.0
Porsche,Taycan Base,2022,9728.0,,375.0HP Electric Motor Electric Fuel System,Automatic,White,Beige,,Yes,89000.0,375.0,,
Lexus,GX 470 Base,2006,152000.0,Gasoline,263.0HP 4.7L 8 Cylinder Engine Gasoline Fuel,Automatic,Blue,Gray,At least 1 accident or damage reported,Yes,13995.0,263.0,4.7,8.0
Ford,F-150 Heritage XL SuperCab Flareside,2004,60260.0,Gasoline,380.0HP 5.4L 8 Cylinder Engine Gasoline Fuel,Automatic,Blue,Gray,At least 1 accident or damage reported,Yes,30500.0,380.0,5.4,8.0
Mazda,MazdaSpeed Miata MX-5 Base,2004,33362.0,Gasoline,178.0HP 1.8L 4 Cylinder Engine Gasoline Fuel,Manual,Silver,Black,At least 1 accident or damage reported,Yes,17599.0,178.0,1.8,4.0
Gmc,Acadia Denali,2021,47907.0,Gasoline,3.6L V6 24V GDI DOHC,Automatic,Ebony Twilight Metallic,Jet Black,,Yes,38436.0,,3.6,6.0
Mercedes-Benz,Metris Base,2016,17340.0,Gasoline,208.0HP 2.0L 4 Cylinder Engine Gasoline Fuel,Automatic,White,Black,,Yes,29000.0,208.0,2.0,4.0
Cadillac,DeVille Base,1994,85000.0,,–,Automatic,White,Blue,,Yes,7900.0,,,
Ford,Expedition EL XLT,2011,195500.0,E85 Flex Fuel,310.0HP 5.4L 8 Cylinder Engine Flex Fuel Capability,Automatic,White,Beige,,Yes,8999.0,310.0,5.4,8.0
Chevrolet,Monte Carlo SS,2000,74000.0,Gasoline,200.0HP 3.8L V6 Cylinder Engine Gasoline Fuel,Automatic,Red,–,,Yes,4700.0,200.0,3.8,6.0
Ram,1500 Big Horn,2015,140500.0,Gasoline,395.0HP 5.7L 8 Cylinder Engine Gasoline Fuel,Automatic,Red,Gray,At least 1 accident or damage reported,Yes,14000.0,395.0,5.7,8.0
Jeep,Commander Base,2006,212500.0,Gasoline,210.0HP 3.7L V6 Cylinder Engine Gasoline Fuel,Automatic,Black,Gray,,Yes,6500.0,210.0,3.7,6.0
Lexus,IS-F Base,2010,77400.0,Gasoline,416.0HP 5.0L 8 Cylinder Engine Gasoline Fuel,Automatic,White,Red,At least 1 accident or damage reported,Yes,34500.0,416.0,5.0,8.0
Ford,Utility Police Interceptor Base,2017,118000.0,Gasoline,365.0HP 3.5L V6 Cylinder Engine Gasoline Fuel,Automatic,Black,Black,,Yes,15000.0,365.0,3.5,6.0
Porsche,Carrera GT Base,2005,4400.0,Gasoline,605.0HP 5.7L 10 Cylinder Engine Gasoline Fuel,Manual,Gray,Black,,Yes,1599000.0,605.0,5.7,10.0
Cadillac,Escalade ESV Luxury,2016,146200.0,Gasoline,420.0HP 6.2L 8 Cylinder Engine Gasoline Fuel,Automatic,White,Beige,,Yes,24500.0,420.0,6.2,8.0
Tesla,Model Y Performance,2020,39000.0,,455.0HP Electric Motor Electric Fuel System,Automatic,Silver,Black,,Yes,43000.0,455.0,,
Chevrolet,Avalanche 1500 LS,2005,130000.0,E85 Flex Fuel,295.0HP 5.3L 8 Cylinder Engine Flex Fuel Capability,Automatic,Red,Gray,,Yes,7200.0,295.0,5.3,8.0
Ford,F-150 Lariat,2021,33080.0,Gasoline,325.0HP 2.7L V6 Cylinder Engine Gasoline Fuel,Automatic,White,Black,,Yes,47850.0,325.0,2.7,6.0
Mercedes-Benz,GLB 250 Base 4MATIC,2023,1219.0,Gasoline,2.0L I4 16V GDI DOHC Turbo,Automatic,Midnight Black,Classic Red,,,46479.0,,2.0,
Jeep,Wrangler Sport,2016,41000.0,Gasoline,285.0HP 3.6L V6 Cylinder Engine Gasoline Fuel,Automatic,White,Black,,Yes,25000.0,285.0,3.6,6.0
Nissan,350Z Touring,2004,110897.0,Gasoline,287.0HP 3.5L V6 Cylinder Engine Gasoline Fuel,Manual,Black,Orange,At least 1 accident or damage reported,Yes,11500.0,287.0,3.5,6.0
Chevrolet,Corvette Z06,2016,49000.0,Gasoline,650.0HP 6.2L 8 Cylinder Engine Gasoline Fuel,Manual,Orange,–,,Yes,75000.0,650.0,6.2,8.0
Pontiac,Solstice GXP,2007,47000.0,Gasoline,260.0HP 2.0L 4 Cylinder Engine Gasoline Fuel,Manual,Black,Black,,Yes,13300.0,260.0,2.0,4.0
Hyundai,Sonata SE,2018,57690.0,Gasoline,185.0HP 2.4L 4 Cylinder Engine Gasoline Fuel,Automatic,Gray,Gray,At least 1 accident or damage reported,Yes,15900.0,185.0,2.4,4.0
Mercedes-Benz,SLS AMG Base,2012,17941.0,Gasoline,6.2L V8 32V MPFI DOHC,Automatic,Iridium Silver Metallic,Red,,Yes,226000.0,,6.2,8.0
Lincoln,Navigator Reserve,2018,54000.0,Gasoline,450.0HP 3.5L V6 Cylinder Engine Gasoline Fuel,Automatic,Brown,Orange,At least 1 accident or damage reported,Yes,46500.0,450.0,3.5,6.0
Nissan,Maxima SL,2007,101600.0,Gasoline,255.0HP 3.5L V6 Cylinder Engine Gasoline Fuel,Automatic,Silver,Black,,Yes,6700.0,255.0,3.5,6.0
Ford,Ranger XLT,2021,89000.0,Gasoline,270.0HP 2.3L 4 Cylinder Engine Gasoline Fuel,Automatic,Black,Black,,Yes,34000.0,270.0,2.3,4.0
Tesla,Model 3 Long Range,2021,18000.0,,Electric Motor Electric Fuel System,Automatic,Black,Black,,Yes,42500.0,,,
Jaguar,XE 35t Premium,2017,55000.0,Gasoline,340.0HP 3.0L V6 Cylinder Engine Gasoline Fuel,Automatic,Gray,Black,,Yes,25000.0,340.0,3.0,6.0
Lincoln,MKZ Reserve,2017,71964.0,Gasoline,240.0HP 2.0L 4 Cylinder Engine Gasoline Fuel,Automatic,Blue,Black,,Yes,18750.0,240.0,2.0,4.0
Cadillac,Escalade ESV Platinum,2020,92000.0,Gasoline,420.0HP 6.2L 8 Cylinder Engine Gasoline Fuel,Automatic,Black,Black,,Yes,50000.0,420.0,6.2,8.0
Ford,Fusion SE,2012,160000.0,E85 Flex Fuel,240.0HP 3.0L V6 Cylinder Engine Flex Fuel Capability,Automatic,Gray,Black,,Yes,4500.0,240.0,3.0,6.0
Mercedes-Benz,E-Class E 350,2012,95816.0,Gasoline,302.0HP 3.5L V6 Cylinder Engine Gasoline Fuel,Automatic,White,Beige,,Yes,12000.0,302.0,3.5,6.0
Jeep,Wrangler Unlimited Sport,2014,132600.0,Gasoline,285.0HP 3.6L V6 Cylinder Engine Gasoline Fuel,Automatic,White,–,At least 1 accident or damage reported,Yes,17000.0,285.0,3.6,6.0
Cadillac,DeVille Base,1994,47000.0,,–,Automatic,White,Blue,,Yes,5990.0,,,
Jeep,Wrangler Sport,2010,149460.0,Gasoline,202.0HP 3.8L V6 Cylinder Engine Gasoline Fuel,Automatic,Black,Black,,Yes,10700.0,202.0,3.8,6.0
Jeep,Wrangler Sport,2011,109646.0,Gasoline,3.8L V6 12V MPFI OHV,Automatic,Mango Tango Pearlcoat,Black,,,16998.0,,3.8,6.0
Acura,MDX 3.5L w/Technology Package,2019,90605.0,Gasoline,3.5 Liter,Automatic,White,Parchment,,,27698.0,,3.5,
Volkswagen,Jetta 1.4T S,2019,59000.0,Gasoline,147.0HP 1.4L 4 Cylinder Engine Gasoline Fuel,Automatic,Gray,Black,,Yes,17000.0,147.0,1.4,4.0
Chevrolet,Camaro Z28,2002,48000.0,Gasoline,310.0HP 5.7L 8 Cylinder Engine Gasoline Fuel,Automatic,White,Black,,Yes,21999.0,310.0,5.7,8.0
Chevrolet,Corvette Z06,2016,41500.0,Gasoline,650.0HP 6.2L 8 Cylinder Engine Gasoline Fuel,Manual,White,Black,,Yes,66000.0,650.0,6.2,8.0
Porsche,Cayman R,2012,54000.0,Gasoline,330.0HP 3.4L Flat 6 Cylinder Engine Gasoline Fuel,Automatic,Black,Gray,,Yes,75000.0,330.0,3.4,6.0
Porsche,Cayenne Base,2018,70455.0,Gasoline,300.0HP 3.6L V6 Cylinder Engine Gasoline Fuel,Automatic,White,Black,,Yes,45855.0,300.0,3.6,6.0
Subaru,Crosstrek 2.0i Limited,2018,84054.0,Gasoline,152.0HP 2.0L 4 Cylinder Engine Gasoline Fuel,,Gray,Black,,Yes,21499.0,152.0,2.0,4.0
Bmw,750 Li,2007,114528.0,Gasoline,360.0HP 4.8L 8 Cylinder Engine Gasoline Fuel,Automatic,Black,Black,,Yes,9000.0,360.0,4.8,8.0
Jeep,Wrangler Sahara,2013,111850.0,Gasoline,285.0HP 3.6L V6 Cylinder Engine Gasoline Fuel,Automatic,Red,Black,At least 1 accident or damage reported,Yes,26500.0,285.0,3.6,6.0
Gmc,Sierra 2500 AT4,2020,52673.0,Diesel,445.0HP 6.6L 8 Cylinder Engine Diesel Fuel,Automatic,Black,Beige,,Yes,69500.0,445.0,6.6,8.0
Bmw,X3 M AWD,2021,31500.0,Gasoline,473.0HP 3.0L Straight 6 Cylinder Engine Gasoline Fuel,Automatic,Black,Black,,Yes,54500.0,473.0,3.0,6.0
Bmw,335 i,2011,73000.0,Gasoline,300.0HP 3.0L Straight 6 Cylinder Engine Gasoline Fuel,Dual Clutch,Red,Beige,,Yes,16000.0,300.0,3.0,6.0
Jeep,Wrangler Unlimited Sahara,2019,59692.0,Gasoline,285.0HP 3.6L V6 Cylinder Engine Gasoline Fuel,Automatic,Gray,Black,,Yes,35900.0,285.0,3.6,6.0
Toyota,Corolla S Plus,2016,68364.0,Gasoline,132.0HP 1.8L 4 Cylinder Engine Gasoline Fuel,Dual Clutch,White,Black,,Yes,16000.0,132.0,1.8,4.0
Land,Rover Discovery HSE LUXURY,2017,47200.0,Gasoline,340.0HP 3.0L V6 Cylinder Engine Gasoline Fuel,Automatic,Black,Beige,At least 1 accident or damage reported,Yes,29000.0,340.0,3.0,6.0
Mercedes-Benz,E-Class E 450 4MATIC,2021,18000.0,Hybrid,362.0HP 3.0L Straight 6 Cylinder Engine Gasoline/Mild Electric Hybrid,Automatic,Gray,Black,At least 1 accident or damage reported,Yes,62000.0,362.0,3.0,6.0
Ford,Fusion Hybrid Base,2012,158366.0,Hybrid,191.0HP 2.5L 4 Cylinder Engine Gas/Electric Hybrid,Automatic,Gray,Black,At least 1 accident or damage reported,Yes,8250.0,191.0,2.5,4.0
Bmw,X1 xDrive 28i,2017,49700.0,Gasoline,228.0HP 2.0L 4 Cylinder Engine Gasoline Fuel,Automatic,Blue,Black,,Yes,26000.0,228.0,2.0,4.0
Gmc,Terrain SLE,2010,81500.0,Gasoline,182.0HP 2.4L 4 Cylinder Engine Gasoline Fuel,Automatic,Brown,Gray,,Yes,12250.0,182.0,2.4,4.0
Bmw,i3 120Ah w/Range Extender,2019,16975.0,,170.0HP 0.65L Electric Motor Electric Fuel System,Automatic,Black,Black,,Yes,26990.0,170.0,0.65,
Porsche,911 GT3,2018,5989.0,Gasoline,"4L H-6 gasoline direct injection, DOHC, VarioCam Plus variable v",Manual,GT SILVER,BLACK,,,209000.0,,,
Ford,Mustang SVT Cobra,2003,16100.0,Gasoline,390.0HP 4.6L 8 Cylinder Engine Gasoline Fuel,Manual,Red,Beige,,Yes,35500.0,390.0,4.6,8.0
Land,Rover Range Rover Supercharged LWB,2020,54225.0,Gasoline,518.0HP 5.0L 8 Cylinder Engine Gasoline Fuel,Automatic,White,White,,Yes,67500.0,518.0,5.0,8.0
Ram,2500 Big Horn,2016,89500.0,Gasoline,410.0HP 6.4L 8 Cylinder Engine Gasoline Fuel,Automatic,Black,Gray,,Yes,35000.0,410.0,6.4,8.0
Ford,E250 Cargo,2013,87501.0,E85 Flex Fuel,225.0HP 4.6L 8 Cylinder Engine Flex Fuel Capability,Automatic,White,Gray,At least 1 accident or damage reported,Yes,17777.0,225.0,4.6,8.0
Mini,Countryman Cooper S ALL4,2018,12370.0,Gasoline,189.0HP 2.0L 4 Cylinder Engine Gasoline Fuel,Automatic,Blue,Black,,Yes,28900.0,189.0,2.0,4.0
Ram,1500 Classic Tradesman,2019,12466.0,Gasoline,395.0HP 5.7L 8 Cylinder Engine Gasoline Fuel,Automatic,Gray,Gray,,Yes,28995.0,395.0,5.7,8.0
Volvo,C70 T5,2011,199000.0,Gasoline,227.0HP 2.5L 5 Cylinder Engine Gasoline Fuel,Dual Clutch,Red,Beige,At least 1 accident or damage reported,Yes,5500.0,227.0,2.5,5.0
Mercedes-Benz,SL-Class SL600 Roadster,2007,78200.0,Gasoline,510.0HP 5.5L 12 Cylinder Engine Gasoline Fuel,Automatic,Black,Brown,At least 1 accident or damage reported,Yes,22999.0,510.0,5.5,12.0
Toyota,Camry Hybrid XLE,2018,22000.0,Hybrid,208.0HP 2.5L 4 Cylinder Engine Gas/Electric Hybrid,Automatic,White,Beige,,Yes,29500.0,208.0,2.5,4.0
Gmc,Acadia SLE-2,2016,100795.0,Gasoline,3.6L V6 24V GDI DOHC,Automatic,White Frost Tri-Coat,Ebony,At least 1 accident or damage reported,Yes,12995.0,,3.6,6.0
Chevrolet,Impala 1LT,2019,99941.0,Gasoline,3.6L V6 24V GDI DOHC,Automatic,Silver Ice Metallic,Jet Black,,Yes,17816.0,,3.6,6.0
Jeep,Grand Cherokee L Laredo,2021,23588.0,Gasoline,3.6L V6 24V MPFI DOHC,Automatic,Metallic,Global Black,,,38633.0,,3.6,6.0
Jeep,Liberty Sport,2003,103000.0,Gasoline,210.0HP 3.7L V6 Cylinder Engine Gasoline Fuel,Automatic,Black,Gray,,Yes,5200.0,210.0,3.7,6.0
Jaguar,XF Luxury,2009,91491.0,Gasoline,300.0HP 4.2L 8 Cylinder Engine Gasoline Fuel,Automatic,Blue,Beige,,Yes,7000.0,300.0,4.2,8.0
Honda,Civic Sport,2020,23131.0,Gasoline,2.0L I4 16V MPFI DOHC,Automatic,Crystal Black Pearl,Black,At least 1 accident or damage reported,,23739.0,,2.0,
Subaru,Outback 2.5i Premium,2019,77000.0,Gasoline,175.0HP 2.5L 4 Cylinder Engine Gasoline Fuel,,Gray,Gray,At least 1 accident or damage reported,Yes,18749.0,175.0,2.5,4.0
Land,Rover Range Rover Sport HSE Dynamic,2019,20500.0,Gasoline,380.0HP 3.0L V6 Cylinder Engine Gasoline Fuel,Automatic,White,White,,Yes,76000.0,380.0,3.0,6.0
Tesla,Model Y Long Range,2022,500.0,,425.0HP Electric Motor Electric Fuel System,Automatic,White,Black,,Yes,45900.0,425.0,,
Lexus,ES 350 Base,2019,49810.0,Gasoline,302.0HP 3.5L V6 Cylinder Engine Gasoline Fuel,Automatic,Gray,Black,At least 1 accident or damage reported,Yes,33900.0,302.0,3.5,6.0
Honda,CR-V Touring,2022,20229.0,Gasoline,1.5L I4 16V GDI DOHC Turbo,Automatic,Black,Black,,,36727.0,,1.5,
Alfa,Romeo Giulia Quadrifoglio,2021,10558.0,Gasoline,505.0HP 2.9L V6 Cylinder Engine Gasoline Fuel,Automatic,White,Black,,Yes,75000.0,505.0,2.9,6.0
Bmw,330 i,2005,59300.0,Gasoline,225.0HP 3.0L Straight 6 Cylinder Engine Gasoline Fuel,Manual,Red,Black,,Yes,30900.0,225.0,3.0,6.0
Maybach,Type 57 Base,2004,34254.0,Gasoline,543.0HP 5.5L 12 Cylinder Engine Gasoline Fuel,Automatic,Brown,–,,Yes,64250.0,543.0,5.5,12.0
Lexus,ES 250 Base,2021,24364.0,Gasoline,2.5 Liter,Automatic,Eminent White Pearl,Chateau,,,37998.0,,2.5,
Mercedes-Benz,Sprinter 2500,2016,139200.0,Diesel,161.0HP 2.1L 4 Cylinder Engine Diesel Fuel,Automatic,White,Black,At least 1 accident or damage reported,Yes,22000.0,161.0,2.1,4.0
Mercedes-Benz,E-Class E 350,2012,82046.0,Gasoline,302.0HP 3.5L V6 Cylinder Engine Gasoline Fuel,Automatic,Black,Beige,,Yes,13999.0,302.0,3.5,6.0
Dodge,Dakota Sport,1997,285000.0,Gasoline,230.0HP 5.2L 8 Cylinder Engine Gasoline Fuel,Automatic,White,Gray,,Yes,6399.0,230.0,5.2,8.0
Ram,1500 Tradesman/Express,2017,26269.0,E85 Flex Fuel,3.6L V6 24V MPFI DOHC Flexible Fuel,Automatic,Bright White Clearcoat,Black,At least 1 accident or damage reported,,25307.0,,3.6,6.0
Mazda,CX-9 Touring,2016,127131.0,Gasoline,227.0HP 2.5L 4 Cylinder Engine Gasoline Fuel,Automatic,Brown,–,At least 1 accident or damage reported,Yes,16770.0,227.0,2.5,4.0
Porsche,911 Turbo S,2019,31000.0,Gasoline,580.0HP 3.8L Flat 6 Cylinder Engine Gasoline Fuel,Dual Clutch,White,Black,,Yes,179900.0,580.0,3.8,6.0
Bmw,X3 xDrive30i,2021,27000.0,Gasoline,248.0HP 2.0L 4 Cylinder Engine Gasoline Fuel,Automatic,Black,Brown,,Yes,38400.0,248.0,2.0,4.0
Jeep,Grand Cherokee Limited,2015,93400.0,E85 Flex Fuel,290.0HP 3.6L V6 Cylinder Engine Flex Fuel Capability,Automatic,White,Black,,Yes,18900.0,290.0,3.6,6.0
Bmw,X7 xDrive40i,2021,9200.0,Hybrid,335.0HP 3.0L Straight 6 Cylinder Engine Gasoline/Mild Electric Hybrid,Automatic,White,Brown,At least 1 accident or damage reported,Yes,71200.0,335.0,3.0,6.0
Mercedes-Benz,SL-Class SL 550,2014,76850.0,Gasoline,429.0HP 4.7L 8 Cylinder Engine Gasoline Fuel,Automatic,Brown,Beige,At least 1 accident or damage reported,Yes,32999.0,429.0,4.7,8.0
Bentley,Continental GT W12,2016,61160.0,Gasoline,582.0HP 6.0L 12 Cylinder Engine Gasoline Fuel,Automatic,Black,Black,At least 1 accident or damage reported,Yes,98000.0,582.0,6.0,12.0
Jeep,Wrangler Unlimited,2005,146000.0,Gasoline,190.0HP 4.0L Straight 6 Cylinder Engine Gasoline Fuel,Automatic,Red,Black,At least 1 accident or damage reported,Yes,15900.0,190.0,4.0,6.0
Tesla,Model S 100D,2017,38957.0,,Electric Motor Electric Fuel System,Automatic,Silver,Beige,,Yes,46750.0,,,
Volkswagen,Golf SportWagen TSI SE,2017,33850.0,Gasoline,170.0HP 1.8L 4 Cylinder Engine Gasoline Fuel,Automatic,Blue,Beige,,Yes,16500.0,170.0,1.8,4.0
Jeep,Wrangler Unlimited Sahara,2020,61830.0,Gasoline,2.0L I4 16V GDI DOHC Turbo,Automatic,Granite Crystal Clearcoat Metallic,Black,At least 1 accident or damage reported,,39860.0,,2.0,
Kia,Sorento SXL,2017,108559.0,Gasoline,3.3L V6 24V GDI DOHC,Automatic,Titanium Silver,Satin Black,,,15998.0,,3.3,6.0
Lexus,LS 430 Base,2006,192000.0,Gasoline,278.0HP 4.3L 8 Cylinder Engine Gasoline Fuel,Automatic,Silver,Gray,At least 1 accident or damage reported,Yes,7390.0,278.0,4.3,8.0
Mercedes-Benz,E-Class E 350 4MATIC,2014,83112.0,Gasoline,302.0HP 3.5L V6 Cylinder Engine Gasoline Fuel,Automatic,Black,Black,,Yes,15500.0,302.0,3.5,6.0
Tesla,Model X 75D,2016,52000.0,,518.0HP Electric Motor Electric Fuel System,Automatic,Black,Beige,,Yes,52000.0,518.0,,
Ram,1500 Rebel,2020,57300.0,Gasoline,395.0HP 5.7L 8 Cylinder Engine Gasoline Fuel,Automatic,Black,Black,,Yes,43500.0,395.0,5.7,8.0
Mini,Cooper Base,2008,104500.0,Gasoline,118.0HP 1.6L 4 Cylinder Engine Gasoline Fuel,Automatic,Red,Black,At least 1 accident or damage reported,Yes,4100.0,118.0,1.6,4.0
Jeep,Cherokee Sport,1996,170552.0,Gasoline,190.0HP 4.0L Straight 6 Cylinder Engine Gasoline Fuel,Automatic,Black,Gray,At least 1 accident or damage reported,Yes,6500.0,190.0,4.0,6.0
Ford,Mustang GT Premium,2013,18000.0,Gasoline,412.0HP 5.0L 8 Cylinder Engine Gasoline Fuel,Automatic,Silver,Black,,Yes,29000.0,412.0,5.0,8.0
Lincoln,Navigator Reserve,2019,39000.0,Gasoline,450.0HP 3.5L V6 Cylinder Engine Gasoline Fuel,Automatic,Black,Black,,Yes,51999.0,450.0,3.5,6.0
Jeep,Gladiator Rubicon,2020,38000.0,Gasoline,285.0HP 3.6L V6 Cylinder Engine Gasoline Fuel,Automatic,Black,Black,,Yes,45000.0,285.0,3.6,6.0
Porsche,Cayman GT4,2016,15168.0,Gasoline,385.0HP 3.8L Flat 6 Cylinder Engine Gasoline Fuel,Manual,White,Black,,Yes,115000.0,385.0,3.8,6.0
Honda,Civic EX,2012,167506.0,Gasoline,140.0HP 1.8L 4 Cylinder Engine Gasoline Fuel,Automatic,Black,–,,Yes,6500.0,140.0,1.8,4.0
Jeep,Grand Cherokee Laredo,2012,166000.0,E85 Flex Fuel,290.0HP 3.6L V6 Cylinder Engine Flex Fuel Capability,Automatic,White,Gray,At least 1 accident or damage reported,Yes,13000.0,290.0,3.6,6.0
Ford,Shelby GT500 Base,2021,19200.0,Gasoline,760.0HP 5.2L 8 Cylinder Engine Gasoline Fuel,Dual Clutch,Black,Black,,Yes,82950.0,760.0,5.2,8.0
Land,Rover Defender SE,2022,46000.0,Hybrid,395.0HP 3.0L Straight 6 Cylinder Engine Gasoline/Mild Electric Hybrid,Automatic,Green,Beige,,Yes,75000.0,395.0,3.0,6.0
Hummer,H3 Base,2007,201000.0,Gasoline,242.0HP 3.7L 5 Cylinder Engine Gasoline Fuel,Automatic,White,Black,At least 1 accident or damage reported,Yes,7200.0,242.0,3.7,5.0
Kia,Sportage LX,2014,87000.0,Gasoline,182.0HP 2.4L 4 Cylinder Engine Gasoline Fuel,Automatic,Black,Black,At least 1 accident or damage reported,Yes,8900.0,182.0,2.4,4.0
Gmc,Yukon XL 1500 SLT,2015,145000.0,Gasoline,355.0HP 5.3L 8 Cylinder Engine Gasoline Fuel,Automatic,White,Beige,,Yes,24950.0,355.0,5.3,8.0
Jeep,Wrangler Unlimited Sport,2020,33060.0,Gasoline,285.0HP 3.6L V6 Cylinder Engine Gasoline Fuel,Automatic,White,Black,,Yes,36500.0,285.0,3.6,6.0
Ford,Bronco XLT,1995,195000.0,,–,Automatic,Blue,Gray,,Yes,15000.0,,,
Tesla,Model S Long Range Plus,2021,10550.0,,557.0HP Electric Motor Electric Fuel System,Automatic,Gray,Black,,Yes,67800.0,557.0,,
Audi,A6 3.0T Prestige,2014,89500.0,Gasoline,310.0HP 3.0L V6 Cylinder Engine Gasoline Fuel,Dual Clutch,Gray,Black,,Yes,18000.0,310.0,3.0,6.0
Jeep,Wrangler 80th Anniversary,2021,27000.0,Hybrid,285.0HP 3.6L V6 Cylinder Engine Gasoline/Mild Electric Hybrid,Automatic,Red,Black,,Yes,37500.0,285.0,3.6,6.0
Jeep,Wrangler Sport,2010,87250.0,Gasoline,202.0HP 3.8L V6 Cylinder Engine Gasoline Fuel,Manual,Blue,Black,,Yes,18500.0,202.0,3.8,6.0
Volkswagen,CC 2.0T Sport,2016,76495.0,Gasoline,200.0HP 2.0L 4 Cylinder Engine Gasoline Fuel,Automatic,White,Black,At least 1 accident or damage reported,Yes,13000.0,200.0,2.0,4.0
Cadillac,SRX Luxury Collection,2016,70503.0,Gasoline,308.0HP 3.6L V6 Cylinder Engine Gasoline Fuel,Automatic,Silver,Beige,,Yes,15500.0,308.0,3.6,6.0
Porsche,Cayenne Turbo,2009,41965.0,Gasoline,500.0HP 4.8L 8 Cylinder Engine Gasoline Fuel,Dual Clutch,Black,Beige,At least 1 accident or damage reported,Yes,35000.0,500.0,4.8,8.0
Toyota,4Runner 4WD,1999,267000.0,Gasoline,150.0HP 2.7L 4 Cylinder Engine Gasoline Fuel,Manual,Silver,Beige,At least 1 accident or damage reported,Yes,8000.0,150.0,2.7,4.0
Mitsubishi,Eclipse GT,2003,146000.0,Gasoline,200.0HP 3.0L V6 Cylinder Engine Gasoline Fuel,Automatic,Gray,Black,At least 1 accident or damage reported,Yes,4200.0,200.0,3.0,6.0
Chevrolet,Corvette Stingray w/1LT,2023,9000.0,Gasoline,490.0HP 6.2L 8 Cylinder Engine Gasoline Fuel,Automatic,White,White,,Yes,82500.0,490.0,6.2,8.0
Toyota,GR86 Premium,2022,1050.0,Gasoline,228.0HP 2.4L 4 Cylinder Engine Gasoline Fuel,Automatic,Gray,Black,,Yes,40000.0,228.0,2.4,4.0
Land,Rover Range Rover P525 Westminster,2021,22270.0,Gasoline,5.0L V8 32V GDI DOHC Supercharged,Automatic,Gray,Ebony,,,89900.0,,5.0,8.0
Ford,Mustang GT Premium,2012,19900.0,Gasoline,412.0HP 5.0L 8 Cylinder Engine Gasoline Fuel,Automatic,White,Black,,Yes,26500.0,412.0,5.0,8.0
Tesla,Model Y Long Range,2020,19800.0,,425.0HP Electric Motor Electric Fuel System,Automatic,White,White,,Yes,44990.0,425.0,,
Ram,1500 Sport,2012,113500.0,Gasoline,390.0HP 5.7L 8 Cylinder Engine Gasoline Fuel,Automatic,Black,Black,,Yes,17900.0,390.0,5.7,8.0
Lamborghini,Gallardo LP550-2,2013,22000.0,Gasoline,550.0HP 5.2L 10 Cylinder Engine Gasoline Fuel,Automatic,Black,Black,,Yes,150000.0,550.0,5.2,10.0
Infiniti,Q60 3.0t Red Sport 400,2022,3300.0,Gasoline,400.0HP 3.0L V6 Cylinder Engine Gasoline Fuel,Dual Clutch,Red,Black,,Yes,54000.0,400.0,3.0,6.0
Volkswagen,e-Golf SE,2016,41615.0,,115.0HP Electric Motor Electric Fuel System,Automatic,Blue,Gray,,Yes,12000.0,115.0,,
Tesla,Model X Long Range,2022,11860.0,,670.0HP Electric Motor Electric Fuel System,Automatic,White,White,,Yes,92500.0,670.0,,
Bmw,M5 Base,2015,27000.0,Gasoline,560.0HP 4.4L 8 Cylinder Engine Gasoline Fuel,Automatic,Black,Black,,Yes,52500.0,560.0,4.4,8.0
Kia,K5 GT-Line,2022,22101.0,Gasoline,1.6L I4 16V GDI DOHC Turbo,Automatic,Glacial White Pearl,Black,At least 1 accident or damage reported,Yes,29430.0,,1.6,
Chevrolet,Caprice Classic Base,1996,60000.0,Gasoline,260.0HP 5.7L 8 Cylinder Engine Gasoline Fuel,Automatic,Purple,Gray,,,18500.0,260.0,5.7,8.0
Subaru,BRZ Limited,2013,46452.0,Gasoline,200.0HP 2.0L 4 Cylinder Engine Gasoline Fuel,Manual,Gray,Black,,Yes,22888.0,200.0,2.0,4.0
Lincoln,MKZ Reserve I,2019,36000.0,Gasoline,245.0HP 2.0L 4 Cylinder Engine Gasoline Fuel,Automatic,White,Beige,,Yes,26500.0,245.0,2.0,4.0
Chevrolet,Corvette Grand Sport,2019,13100.0,Gasoline,460.0HP 6.2L 8 Cylinder Engine Gasoline Fuel,Manual,Silver,Red,,Yes,61950.0,460.0,6.2,8.0
Audi,Q5 2.0T Premium Plus,2019,50000.0,Gasoline,248.0HP 2.0L 4 Cylinder Engine Gasoline Fuel,Automatic,White,Beige,At least 1 accident or damage reported,Yes,27000.0,248.0,2.0,4.0
Mazda,CX-9 Signature,2018,19500.0,Gasoline,227.0HP 2.5L 4 Cylinder Engine Gasoline Fuel,Dual Clutch,White,Brown,,Yes,32250.0,227.0,2.5,4.0
Ford,Mustang GT,2016,36000.0,Gasoline,435.0HP 5.0L 8 Cylinder Engine Gasoline Fuel,Manual,Orange,Black,At least 1 accident or damage reported,Yes,31000.0,435.0,5.0,8.0
Rolls-Royce,Wraith Base,2016,21000.0,Gasoline,624.0HP 6.6L 12 Cylinder Engine Gasoline Fuel,Automatic,Brown,Black,,,217000.0,624.0,6.6,12.0
Chevrolet,Camaro 1SS,2022,6640.0,Gasoline,455.0HP 6.2L 8 Cylinder Engine Gasoline Fuel,Automatic,Orange,Black,,Yes,51999.0,455.0,6.2,8.0
Bmw,X5 xDrive35i,2016,74850.0,Gasoline,300.0HP 3.0L Straight 6 Cylinder Engine Gasoline Fuel,Automatic,White,Brown,At least 1 accident or damage reported,Yes,21900.0,300.0,3.0,6.0
Nissan,Maxima SV,2014,117000.0,Gasoline,290.0HP 3.5L V6 Cylinder Engine Gasoline Fuel,Dual Clutch,White,Black,At least 1 accident or damage reported,Yes,10900.0,290.0,3.5,6.0
Toyota,Tundra TRD Pro,2016,51400.0,E85 Flex Fuel,381.0HP 5.7L 8 Cylinder Engine Flex Fuel Capability,Automatic,Black,Black,,,39900.0,381.0,5.7,8.0
Infiniti,QX60 AUTOGRAPH,2022,6000.0,Gasoline,295.0HP 3.5L V6 Cylinder Engine Gasoline Fuel,Automatic,Gold,Brown,,Yes,57999.0,295.0,3.5,6.0
Mitsubishi,Lancer Evolution MR,2006,128000.0,Gasoline,286.0HP 2.0L 4 Cylinder Engine Gasoline Fuel,Manual,Silver,Black,,Yes,37999.0,286.0,2.0,4.0
Bmw,X3 xDrive30i,2021,15000.0,Gasoline,248.0HP 2.0L 4 Cylinder Engine Gasoline Fuel,Dual Clutch,White,Brown,,Yes,39995.0,248.0,2.0,4.0
Toyota,Tundra SR5,2016,119000.0,Gasoline,381.0HP 5.7L 8 Cylinder Engine Gasoline Fuel,Automatic,Red,Black,,Yes,29950.0,381.0,5.7,8.0
Lincoln,Mark LT Base,2006,87500.0,Gasoline,300.0HP 5.4L 8 Cylinder Engine Gasoline Fuel,Automatic,Silver,Black,At least 1 accident or damage reported,Yes,12999.0,300.0,5.4,8.0
Ford,Flex SEL,2011,149000.0,Gasoline,262.0HP 3.5L V6 Cylinder Engine Gasoline Fuel,Automatic,Black,Beige,,Yes,7999.0,262.0,3.5,6.0
Audi,Q5 2.0T Premium Plus,2015,54700.0,E85 Flex Fuel,220.0HP 2.0L 4 Cylinder Engine Flex Fuel Capability,Automatic,Gray,Brown,At least 1 accident or damage reported,Yes,20995.0,220.0,2.0,4.0
Ford,F-150 XL,2021,45979.0,Gasoline,3.5L V6 24V PDI DOHC Twin Turbo,Automatic,Agate Black Metallic,Black,,Yes,38532.0,,3.5,6.0
Lincoln,Continental Reserve,2017,56846.0,Gasoline,335.0HP 2.7L V6 Cylinder Engine Gasoline Fuel,Dual Clutch,White,Beige,,Yes,29000.0,335.0,2.7,6.0
Tesla,Model X 75D,2017,94100.0,,518.0HP Electric Motor Electric Fuel System,Automatic,Black,Orange,At least 1 accident or damage reported,Yes,49900.0,518.0,,
Jeep,Grand Cherokee Limited,2017,80150.0,Gasoline,293.0HP 3.6L V6 Cylinder Engine Gasoline Fuel,Automatic,Blue,Black,At least 1 accident or damage reported,Yes,22500.0,293.0,3.6,6.0
Gmc,Terrain SLT-1,2013,11563.0,Gasoline,182.0HP 2.4L 4 Cylinder Engine Gasoline Fuel,Automatic,Blue,Black,At least 1 accident or damage reported,Yes,12300.0,182.0,2.4,4.0
Tesla,Model X Long Range,2022,7500.0,,670.0HP Electric Motor Electric Fuel System,Automatic,Silver,Black,,Yes,84000.0,670.0,,
Mercedes-Benz,AMG E 53 Base 4MATIC,2021,15615.0,Hybrid,429.0HP 3.0L Straight 6 Cylinder Engine Gasoline/Mild Electric Hybrid,Automatic,Gray,Black,,Yes,78000.0,429.0,3.0,6.0
Subaru,Impreza WRX Base,2013,113000.0,Gasoline,265.0HP 2.5L 4 Cylinder Engine Gasoline Fuel,Manual,Blue,Black,At least 1 accident or damage reported,Yes,16000.0,265.0,2.5,4.0
Kia,Optima S,2018,74000.0,Gasoline,185.0HP 2.4L 4 Cylinder Engine Gasoline Fuel,Automatic,White,Black,,Yes,15000.0,185.0,2.4,4.0
Mercedes-Benz,M-Class ML 350,2011,99200.0,Gasoline,268.0HP 3.5L V6 Cylinder Engine Gasoline Fuel,Automatic,Black,Black,,Yes,11900.0,268.0,3.5,6.0
Volkswagen,Beetle 2.0T S,2018,36824.0,Gasoline,174.0HP 2.0L 4 Cylinder Engine Gasoline Fuel,Automatic,Red,Red,,Yes,23999.0,174.0,2.0,4.0
Acura,RSX Base,2005,186040.0,Gasoline,160.0HP 2.0L 4 Cylinder Engine Gasoline Fuel,Automatic,Gray,Beige,At least 1 accident or damage reported,Yes,6700.0,160.0,2.0,4.0
Gmc,Acadia SLE,2020,58000.0,Gasoline,310.0HP 3.6L V6 Cylinder Engine Gasoline Fuel,Automatic,Black,Black,,Yes,27700.0,310.0,3.6,6.0
Ford,F-150 Lariat,2020,31250.0,Gasoline,325.0HP 2.7L V6 Cylinder Engine Gasoline Fuel,Automatic,Blue,Gray,,Yes,42500.0,325.0,2.7,6.0
Jeep,Gladiator Overland,2020,43000.0,Gasoline,285.0HP 3.6L V6 Cylinder Engine Gasoline Fuel,Automatic,White,Beige,,Yes,46500.0,285.0,3.6,6.0
Toyota,Tacoma TRD Sport,2020,41199.0,Gasoline,3.5 Liter,,Black,Black/Gun Metal,,,41598.0,,3.5,
Kia,EV6 GT-Line,2022,22000.0,,320.0HP Electric Motor Electric Fuel System,Automatic,Gray,Black,,Yes,45000.0,320.0,,
Genesis,GV70 3.5T Sport,2022,12900.0,Gasoline,375.0HP 3.5L V6 Cylinder Engine Gasoline Fuel,Automatic,Gray,White,,Yes,53000.0,375.0,3.5,6.0
Ford,Explorer ST,2022,10500.0,Gasoline,400.0HP 3.0L V6 Cylinder Engine Gasoline Fuel,Dual Clutch,Black,Black,,,50000.0,400.0,3.0,6.0
Mini,Countryman Cooper,2020,74725.0,Gasoline,1.5L I3 12V GDI DOHC Turbo,Automatic,Black,Black,,Yes,21612.0,,1.5,
Mazda,CX-5 Grand Touring,2021,61117.0,Gasoline,2.5L I4 16V GDI DOHC,Automatic,Sonic Silver Metallic,Black,,Yes,26485.0,,2.5,
Bmw,325 i,2003,142000.0,Gasoline,184.0HP 2.5L Straight 6 Cylinder Engine Gasoline Fuel,Manual,Silver,Black,At least 1 accident or damage reported,Yes,4800.0,184.0,2.5,6.0
Ford,Mustang EcoBoost Premium,2019,31000.0,,–,Manual,Gray,Black,,Yes,34700.0,,,
Toyota,Yaris L,2012,129355.0,Gasoline,106.0HP 1.5L 4 Cylinder Engine Gasoline Fuel,Automatic,Black,Gray,At least 1 accident or damage reported,Yes,7950.0,106.0,1.5,4.0
Chevrolet,Express 1500 Base,2010,204000.0,E85 Flex Fuel,310.0HP 5.3L 8 Cylinder Engine Flex Fuel Capability,Automatic,White,Gray,At least 1 accident or damage reported,Yes,4900.0,310.0,5.3,8.0
Lincoln,Navigator L Select,2016,115600.0,Gasoline,380.0HP 3.5L V6 Cylinder Engine Gasoline Fuel,Automatic,Black,Black,,Yes,22500.0,380.0,3.5,6.0
Jeep,Wrangler Sahara Altitude,2023,1563.0,Hybrid,285.0HP 3.6L V6 Cylinder Engine Gasoline/Mild Electric Hybrid,Automatic,Gray,Black,,Yes,62500.0,285.0,3.6,6.0
Bentley,Continental GT Base,2007,72166.0,Gasoline,552.0HP 6.0L 12 Cylinder Engine Gasoline Fuel,Automatic,Black,Black,At least 1 accident or damage reported,Yes,35995.0,552.0,6.0,12.0
Lexus,RX 350 F Sport,2018,26100.0,Gasoline,295.0HP 3.5L V6 Cylinder Engine Gasoline Fuel,Automatic,Gray,Red,,Yes,37899.0,295.0,3.5,6.0
Bmw,430 i,2017,58880.0,Gasoline,248.0HP 2.0L 4 Cylinder Engine Gasoline Fuel,Automatic,White,Brown,,Yes,21000.0,248.0,2.0,4.0
Cadillac,Escalade Sport Platinum,2021,26000.0,Gasoline,420.0HP 6.2L 8 Cylinder Engine Gasoline Fuel,Automatic,Black,Black,,Yes,104000.0,420.0,6.2,8.0
Honda,Civic EX,2008,190640.0,Gasoline,140.0HP 1.8L 4 Cylinder Engine Gasoline Fuel,Manual,Silver,Silver,At least 1 accident or damage reported,Yes,5500.0,140.0,1.8,4.0
Porsche,Cayenne AWD,2020,37500.0,Gasoline,335.0HP 3.0L V6 Cylinder Engine Gasoline Fuel,Automatic,White,Black,,Yes,59900.0,335.0,3.0,6.0
Ford,Mustang Mach-E GT,2022,13856.0,,480.0HP Electric Motor Electric Fuel System,Automatic,White,Black,,Yes,54000.0,480.0,,
Cadillac,ATS 2.5L Luxury,2013,225000.0,Gasoline,202.0HP 2.5L 4 Cylinder Engine Gasoline Fuel,Automatic,Blue,Black,,Yes,13600.0,202.0,2.5,4.0
Lexus,LS 460 Base,2014,123256.0,Gasoline,386.0HP 4.6L 8 Cylinder Engine Gasoline Fuel,Automatic,White,Beige,,Yes,24995.0,386.0,4.6,8.0
Cadillac,Escalade Premium Luxury,2021,11459.0,Gasoline,420.0HP 6.2L 8 Cylinder Engine Gasoline Fuel,Automatic,White,Brown,,Yes,88900.0,420.0,6.2,8.0
Mercedes-Benz,C-Class C 300 4MATIC Sport,2016,67289.0,Gasoline,241.0HP 2.0L 4 Cylinder Engine Gasoline Fuel,Automatic,White,Gray,,Yes,20490.0,241.0,2.0,4.0
Hyundai,Veloster Base,2013,56837.0,Gasoline,132.0HP 1.6L 4 Cylinder Engine Gasoline Fuel,Dual Clutch,Silver,Black,At least 1 accident or damage reported,Yes,10500.0,132.0,1.6,4.0
Chevrolet,Corvette Base,2002,44168.0,Gasoline,350.0HP 5.7L 8 Cylinder Engine Gasoline Fuel,Automatic,Orange,Black,,Yes,30000.0,350.0,5.7,8.0
Mercedes-Benz,C-Class C 300 4MATIC,2019,59766.0,Gasoline,2.0L I4 16V GDI DOHC Turbo,Automatic,Lunar Blue Metallic,Macchiato,,,26900.0,,2.0,
Kia,Stinger GT,2018,56300.0,Gasoline,365.0HP 3.3L V6 Cylinder Engine Gasoline Fuel,Automatic,Silver,Black,,Yes,29950.0,365.0,3.3,6.0
Volvo,S60 R,2004,167000.0,Gasoline,300.0HP 2.5L 5 Cylinder Engine Gasoline Fuel,Manual,Black,Beige,,Yes,8000.0,300.0,2.5,5.0
Chevrolet,Silverado 2500 LT,2015,122770.0,E85 Flex Fuel,360.0HP 6.0L 8 Cylinder Engine Flex Fuel Capability,Automatic,Brown,Black,,Yes,27499.0,360.0,6.0,8.0
Land,Rover Range Rover 3.0L V6 Supercharged HSE,2019,59271.0,Gasoline,380.0HP 3.0L V6 Cylinder Engine Gasoline Fuel,Automatic,Black,Black,,Yes,54995.0,380.0,3.0,6.0
Gmc,Sierra 1500 SLE,2015,102000.0,Gasoline,355.0HP 5.3L 8 Cylinder Engine Gasoline Fuel,Automatic,Silver,Black,At least 1 accident or damage reported,Yes,24500.0,355.0,5.3,8.0
Chevrolet,Silverado 1500 RST,2020,40929.0,Gasoline,5.3L V8 16V GDI OHV,Automatic,Cajun Red Tintcoat,Jet Black,At least 1 accident or damage reported,Yes,44800.0,,5.3,8.0
Porsche,911 Turbo S,2019,22000.0,Gasoline,580.0HP 3.8L Flat 6 Cylinder Engine Gasoline Fuel,Automatic,White,Beige,,Yes,174900.0,580.0,3.8,6.0
Chevrolet,Suburban Z71,2022,19200.0,Gasoline,420.0HP 6.2L 8 Cylinder Engine Gasoline Fuel,Automatic,White,Black,,Yes,69790.0,420.0,6.2,8.0
Mercedes-Benz,G-Class G 550 4MATIC,2019,32376.0,Gasoline,416.0HP 4.0L 8 Cylinder Engine Gasoline Fuel,Automatic,Black,Black,,Yes,128000.0,416.0,4.0,8.0
Porsche,911 Carrera,2023,19800.0,Gasoline,379.0HP 3.0L Flat 6 Cylinder Engine Gasoline Fuel,Automatic,Silver,Black,,Yes,134900.0,379.0,3.0,6.0
Land,Rover Range Rover Sport HSE,2011,105000.0,Gasoline,375.0HP 5.0L 8 Cylinder Engine Gasoline Fuel,Automatic,Black,Black,,Yes,10000.0,375.0,5.0,8.0
Ford,F-250 Lariat,2016,122650.0,Diesel,440.0HP 6.7L 8 Cylinder Engine Diesel Fuel,Automatic,Gray,Black,,Yes,38900.0,440.0,6.7,8.0
Subaru,BRZ Limited,2022,14000.0,Gasoline,228.0HP 2.4L 4 Cylinder Engine Gasoline Fuel,Manual,White,Black,,Yes,34999.0,228.0,2.4,4.0
Lexus,LS 460 Base,2008,100868.0,Gasoline,380.0HP 4.6L 8 Cylinder Engine Gasoline Fuel,Automatic,Black,Beige,,Yes,15397.0,380.0,4.6,8.0
Land,Rover Range Rover Sport HSE,2013,111000.0,Gasoline,375.0HP 5.0L 8 Cylinder Engine Gasoline Fuel,Automatic,Black,Black,At least 1 accident or damage reported,Yes,15000.0,375.0,5.0,8.0
Cadillac,Escalade Sport Platinum,2021,38500.0,Gasoline,420.0HP 6.2L 8 Cylinder Engine Gasoline Fuel,Automatic,White,Black,At least 1 accident or damage reported,Yes,94995.0,420.0,6.2,8.0
Nissan,Pathfinder S,2020,41250.0,Gasoline,284.0HP 3.5L V6 Cylinder Engine Gasoline Fuel,,White,–,,Yes,21865.0,284.0,3.5,6.0
Mini,Cooper S Base,2006,99600.0,Gasoline,168.0HP 1.6L 4 Cylinder Engine Gasoline Fuel,Automatic,Orange,Black,,Yes,5500.0,168.0,1.6,4.0
Acura,ILX 2.0L w/Premium Package,2013,198000.0,Gasoline,150.0HP 2.0L 4 Cylinder Engine Gasoline Fuel,Dual Clutch,White,Black,At least 1 accident or damage reported,Yes,11000.0,150.0,2.0,4.0
Lexus,RX 350 Base,2021,20598.0,Gasoline,3.5L V6 24V PDI DOHC,Automatic,Atomic Silver,Gray,At least 1 accident or damage reported,,42599.0,,3.5,6.0
Porsche,911 Carrera S,2013,52044.0,Gasoline,400.0HP 3.8L Flat 6 Cylinder Engine Gasoline Fuel,Manual,White,Gray,,Yes,76500.0,400.0,3.8,6.0
Mini,Hardtop Cooper S,2022,23777.0,Gasoline,189.0HP 2.0L 4 Cylinder Engine Gasoline Fuel,Manual,Gray,Black,,Yes,30000.0,189.0,2.0,4.0
Ford,F-150 Platinum,2018,60660.0,Gasoline,375.0HP 3.5L V6 Cylinder Engine Gasoline Fuel,Automatic,Gold,Black,At least 1 accident or damage reported,Yes,46900.0,375.0,3.5,6.0
Bmw,i3 Base,2015,26000.0,,170.0HP 0.65L Electric Motor Electric Fuel System,Automatic,White,Beige,,Yes,14999.0,170.0,0.65,
Mazda,CX-5 Touring,2018,61000.0,Gasoline,187.0HP 2.5L 4 Cylinder Engine Gasoline Fuel,Dual Clutch,Gray,Black,,Yes,21800.0,187.0,2.5,4.0
Lexus,RX 350 F Sport Performance,2020,53750.0,Gasoline,295.0HP 3.5L V6 Cylinder Engine Gasoline Fuel,Automatic,Black,Red,,Yes,32600.0,295.0,3.5,6.0
Bmw,X5 M50i,2023,13735.0,Gasoline,4.4L V8 32V GDI DOHC Twin Turbo,Automatic,Black Sapphire Metallic,Black,,,77897.0,,4.4,8.0
Mercedes-Benz,E-Class E 300,2019,32580.0,Gasoline,2.0 Liter Turbo,Automatic,Obsidian Black Metallic,Beige,,,33998.0,,2.0,
Porsche,911 Carrera Cabriolet,2006,96275.0,Gasoline,325.0HP 3.6L Flat 6 Cylinder Engine Gasoline Fuel,Manual,Silver,Black,At least 1 accident or damage reported,Yes,52500.0,325.0,3.6,6.0
Ford,F-350 Lariat,2015,162000.0,Diesel,440.0HP 6.7L 8 Cylinder Engine Diesel Fuel,Dual Clutch,Red,Beige,,Yes,32000.0,440.0,6.7,8.0
Bmw,X3 xDrive30i,2019,92040.0,Gasoline,2.0L I4 16V GDI DOHC Turbo,Automatic,Alpine White,Black,,Yes,24999.0,,2.0,
Ram,1500 SLT,2017,73690.0,Gasoline,395.0HP 5.7L 8 Cylinder Engine Gasoline Fuel,Automatic,Blue,Gray,At least 1 accident or damage reported,Yes,27000.0,395.0,5.7,8.0
Toyota,Tacoma Base,2009,48750.0,Gasoline,159.0HP 2.7L 4 Cylinder Engine Gasoline Fuel,Manual,Brown,Silver,,Yes,17900.0,159.0,2.7,4.0
Cadillac,SRX Performance Collection,2011,124542.0,Gasoline,265.0HP 3.0L V6 Cylinder Engine Gasoline Fuel,Automatic,Gray,Beige,,Yes,8450.0,265.0,3.0,6.0
Ford,Mustang GT Premium,2010,69000.0,Gasoline,315.0HP 4.6L 8 Cylinder Engine Gasoline Fuel,Automatic,White,Black,,Yes,20000.0,315.0,4.6,8.0
Dodge,Ram 2500 Laramie Quad Cab,2004,148000.0,Diesel,250.0HP 5.9L Straight 6 Cylinder Engine Diesel Fuel,Automatic,Black,Beige,,Yes,19000.0,250.0,5.9,6.0
Bmw,650 i,2006,122141.0,Gasoline,360.0HP 4.8L 8 Cylinder Engine Gasoline Fuel,Manual,Silver,Black,,Yes,10500.0,360.0,4.8,8.0
Subaru,Impreza WRX,2012,106000.0,Gasoline,265.0HP 2.5L 4 Cylinder Engine Gasoline Fuel,Manual,Black,Black,,Yes,15000.0,265.0,2.5,4.0
Ford,Edge Titanium,2017,113294.0,Gasoline,245.0HP 2.0L 4 Cylinder Engine Gasoline Fuel,Automatic,Gray,Black,At least 1 accident or damage reported,Yes,16500.0,245.0,2.0,4.0
Kia,Telluride SX,2021,24423.0,Gasoline,3.8L V6 24V GDI DOHC,Automatic,Black,Black,,,44315.0,,3.8,6.0
Tesla,Model S Long Range,2022,28000.0,,670.0HP Electric Motor Electric Fuel System,Automatic,Gray,White,,Yes,68750.0,670.0,,
Ram,1500 Rebel,2018,54800.0,Gasoline,395.0HP 5.7L 8 Cylinder Engine Gasoline Fuel,Automatic,White,Black,At least 1 accident or damage reported,Yes,37050.0,395.0,5.7,8.0
Ford,Explorer XLT,2017,161000.0,Gasoline,290.0HP 3.5L V6 Cylinder Engine Gasoline Fuel,Automatic,Gray,Black,,Yes,17500.0,290.0,3.5,6.0
Mercedes-Benz,AMG GLE 43 4MATIC Coupe,2019,28755.0,Gasoline,385.0HP 3.0L V6 Cylinder Engine Gasoline Fuel,Automatic,Black,Black,,Yes,61350.0,385.0,3.0,6.0
Audi,Q5 2.0T Premium Plus,2016,52105.0,E85 Flex Fuel,220.0HP 2.0L 4 Cylinder Engine Flex Fuel Capability,Automatic,White,Beige,At least 1 accident or damage reported,Yes,20499.0,220.0,2.0,4.0
Nissan,Armada Platinum,2018,119950.0,Gasoline,390.0HP 5.6L 8 Cylinder Engine Gasoline Fuel,Dual Clutch,Black,Black,,Yes,20999.0,390.0,5.6,8.0
Mercedes-Benz,SL-Class SL500 Roadster,2003,80081.0,Gasoline,302.0HP 5.0L 8 Cylinder Engine Gasoline Fuel,Automatic,White,Beige,,Yes,12500.0,302.0,5.0,8.0
Bentley,Bentayga V8,2021,24500.0,Gasoline,542.0HP 4.0L 8 Cylinder Engine Gasoline Fuel,Automatic,White,White,,Yes,165000.0,542.0,4.0,8.0
Jeep,Gladiator Overland,2021,4100.0,Gasoline,285.0HP 3.6L V6 Cylinder Engine Gasoline Fuel,Automatic,Black,Black,,Yes,55000.0,285.0,3.6,6.0
Bmw,M2 CS,2020,9670.0,Gasoline,444.0HP 3.0L Straight 6 Cylinder Engine Gasoline Fuel,Dual Clutch,Blue,Black,,Yes,103500.0,444.0,3.0,6.0
Dodge,Charger SE,2017,63250.0,Gasoline,292.0HP 3.6L V6 Cylinder Engine Gasoline Fuel,Automatic,Red,Black,,Yes,18650.0,292.0,3.6,6.0
Lincoln,MKX Black Label,2017,69431.0,Gasoline,335.0HP 2.7L V6 Cylinder Engine Gasoline Fuel,Automatic,Silver,Black,,Yes,26500.0,335.0,2.7,6.0
Toyota,Tundra SR5,2015,108044.0,Gasoline,5.7L V8 32V MPFI DOHC,Automatic,Black,–,,Yes,31380.0,,5.7,8.0
Bmw,335 i,2008,98000.0,Gasoline,300.0HP 3.0L Straight 6 Cylinder Engine Gasoline Fuel,Dual Clutch,Black,Brown,,Yes,13998.0,300.0,3.0,6.0
Bmw,X1 xDrive28i,2019,52253.0,Gasoline,228.0HP 2.0L 4 Cylinder Engine Gasoline Fuel,Dual Clutch,White,Black,,Yes,34500.0,228.0,2.0,4.0
Ford,F-350 Platinum,2022,23850.0,Diesel,475.0HP 6.7L 8 Cylinder Engine Diesel Fuel,Automatic,Silver,Black,,Yes,99750.0,475.0,6.7,8.0
Mercedes-Benz,Sprinter High Roof,2015,1500.0,Diesel,188.0HP 3.0L V6 Cylinder Engine Diesel Fuel,Automatic,White,Gray,,Yes,39500.0,188.0,3.0,6.0
Dodge,Challenger GT,2021,40000.0,Gasoline,303.0HP 3.6L V6 Cylinder Engine Gasoline Fuel,Automatic,Black,Black,,Yes,32500.0,303.0,3.6,6.0
Audi,S4 3.0 Prestige,2012,38718.0,Gasoline,333.0HP 3.0L V6 Cylinder Engine Gasoline Fuel,Automatic,Black,Black,,Yes,31000.0,333.0,3.0,6.0
Toyota,Tacoma TRD Sport,2018,84184.0,Gasoline,3.5 Liter,Automatic,Magnetic Gray Metallic,Graphite w/Gun Metal,,,35998.0,,3.5,
Mercedes-Benz,Sprinter 2500 Standard Roof,2021,13344.0,Diesel,188.0HP 3.0L V6 Cylinder Engine Diesel Fuel,Automatic,Red,Black,,Yes,56500.0,188.0,3.0,6.0
Infiniti,Q50 3.0t Red Sport 400,2018,51850.0,Gasoline,400.0HP 3.0L V6 Cylinder Engine Gasoline Fuel,Dual Clutch,Black,Black,,Yes,28900.0,400.0,3.0,6.0
Porsche,911 Carrera 4S,2002,119500.0,Gasoline,320.0HP 3.6L Flat 6 Cylinder Engine Gasoline Fuel,Manual,Black,Black,At least 1 accident or damage reported,Yes,36995.0,320.0,3.6,6.0
Ford,Expedition Max Limited,2021,30918.0,Gasoline,375.0HP 3.5L V6 Cylinder Engine Gasoline Fuel,Automatic,White,Beige,,Yes,51999.0,375.0,3.5,6.0
Chevrolet,Corvette Stingray w/3LT,2023,1100.0,Gasoline,490.0HP 6.2L 8 Cylinder Engine Gasoline Fuel,Automatic,Gray,Beige,,Yes,92000.0,490.0,6.2,8.0
Mercedes-Benz,C-Class C 300,2019,40000.0,Gasoline,255.0HP 2.0L 4 Cylinder Engine Gasoline Fuel,Automatic,Blue,Black,,Yes,27900.0,255.0,2.0,4.0
Jeep,Grand Cherokee Limited,2005,100500.0,Gasoline,325.0HP 5.7L 8 Cylinder Engine Gasoline Fuel,Automatic,Black,Gray,,Yes,9998.0,325.0,5.7,8.0
Dodge,Charger SRT Hellcat,2020,54320.0,Gasoline,707.0HP 6.2L 8 Cylinder Engine Gasoline Fuel,Automatic,Gray,Black,At least 1 accident or damage reported,Yes,67000.0,707.0,6.2,8.0
Mercedes-Benz,C-Class C 300 4MATIC,2018,49000.0,Gasoline,241.0HP 2.0L 4 Cylinder Engine Gasoline Fuel,Automatic,Black,Black,,Yes,23450.0,241.0,2.0,4.0
Porsche,911 Carrera S,2020,28000.0,Gasoline,443.0HP 3.0L Flat 6 Cylinder Engine Gasoline Fuel,Automatic,Gray,Black,,Yes,134999.0,443.0,3.0,6.0
Porsche,911 GT3,2022,1750.0,Gasoline,502.0HP 4.0L Flat 6 Cylinder Engine Gasoline Fuel,Automatic,White,Black,,Yes,275000.0,502.0,4.0,6.0
Cadillac,DTS Luxury,2007,130000.0,Gasoline,275.0HP 4.6L 8 Cylinder Engine Gasoline Fuel,Automatic,Gold,Beige,At least 1 accident or damage reported,Yes,3499.0,275.0,4.6,8.0
Maserati,Grecale Modena,2023,3721.0,Gasoline,2.0L I4 16V GDI DOHC Turbo,Automatic,White,Red,,Yes,69645.0,,2.0,
Mercedes-Benz,S-Class S 550,2016,78101.0,Gasoline,449.0HP 4.7L 8 Cylinder Engine Gasoline Fuel,Automatic,Black,Black,,Yes,34500.0,449.0,4.7,8.0
Chevrolet,Malibu 1LT,2017,54000.0,Gasoline,160.0HP 1.5L 4 Cylinder Engine Gasoline Fuel,Automatic,Gray,Gray,At least 1 accident or damage reported,Yes,16000.0,160.0,1.5,4.0
Nissan,Quest SL,2011,185000.0,Gasoline,260.0HP 3.5L V6 Cylinder Engine Gasoline Fuel,Automatic,White,Gray,At least 1 accident or damage reported,Yes,7500.0,260.0,3.5,6.0
Mercedes-Benz,SLK-Class SLK 250,2015,49000.0,Gasoline,201.0HP 1.8L 4 Cylinder Engine Gasoline Fuel,Automatic,Blue,Beige,,Yes,23500.0,201.0,1.8,4.0
Gmc,Sierra 2500 Denali,2024,2043.0,Gasoline,401.0HP 6.6L 8 Cylinder Engine Gasoline Fuel,Automatic,White,Black,,Yes,81500.0,401.0,6.6,8.0
Lexus,RX 350 Base,2016,71750.0,Gasoline,295.0HP 3.5L V6 Cylinder Engine Gasoline Fuel,Automatic,Black,Brown,,Yes,28000.0,295.0,3.5,6.0
Chevrolet,Corvette Stingray w/3LT,2020,5194.0,Gasoline,6.2L V8 16V GDI OHV,Automatic,Arctic White,Tension,,,87500.0,,6.2,8.0
Bmw,330 i,2019,42200.0,Gasoline,255.0HP 2.0L 4 Cylinder Engine Gasoline Fuel,Automatic,White,Black,,Yes,27500.0,255.0,2.0,4.0
Mercedes-Benz,GLC 300 Base,2020,42717.0,Gasoline,255.0HP 2.0L 4 Cylinder Engine Gasoline Fuel,Automatic,Gold,Beige,,Yes,33500.0,255.0,2.0,4.0
Tesla,Model S 75D,2016,102260.0,,518.0HP Electric Motor Electric Fuel System,Automatic,White,Black,,Yes,31300.0,518.0,,
Chevrolet,Corvette Stingray w/2LT,2022,11089.0,Gasoline,6.2L V8 16V GDI OHV,Manual,Silver Flare Metallic,Adrenaline Red,,,80900.0,,6.2,8.0
Jaguar,XF 25t Prestige,2018,37777.0,Gasoline,247.0HP 2.0L 4 Cylinder Engine Gasoline Fuel,Dual Clutch,Black,Black,,Yes,32500.0,247.0,2.0,4.0
Ford,F-150 XLT,2021,35921.0,Gasoline,2.7L V6 24V PDI DOHC Twin Turbo,Automatic,Antimatter Blue Metallic,Black,,,42995.0,,2.7,6.0
Ford,Bronco Outer Banks,2023,1800.0,Gasoline,275.0HP 2.3L 4 Cylinder Engine Gasoline Fuel,Automatic,Gray,Blue,,,54900.0,275.0,2.3,4.0
Scion,FR-S Monogram,2014,163019.0,Gasoline,200.0HP 2.0L 4 Cylinder Engine Gasoline Fuel,Manual,Black,Black,At least 1 accident or damage reported,Yes,8900.0,200.0,2.0,4.0
Mercedes-Benz,C-Class C 300 4MATIC,2020,14220.0,Gasoline,255.0HP 2.0L 4 Cylinder Engine Gasoline Fuel,Automatic,Blue,Beige,,Yes,35500.0,255.0,2.0,4.0
Chevrolet,Tahoe Premier,2019,48879.0,Gasoline,5.3L V8 16V GDI OHV,Automatic,Silver Ice Metallic,Jet Black,,,49573.0,,5.3,8.0
Bmw,M3 Base,2002,117200.0,Gasoline,333.0HP 3.2L Straight 6 Cylinder Engine Gasoline Fuel,Automatic,Black,Black,,Yes,15000.0,333.0,3.2,6.0
Ford,F-150 Lariat,2016,25000.0,E85 Flex Fuel,385.0HP 5.0L 8 Cylinder Engine Flex Fuel Capability,Automatic,Gray,Black,,Yes,65000.0,385.0,5.0,8.0
Bmw,i3 Base w/Range Extender,2014,74500.0,,170.0HP 0.65L Electric Motor Electric Fuel System,Automatic,White,Gray,,Yes,11499.0,170.0,0.65,
Infiniti,G37 Journey,2013,33300.0,Gasoline,328.0HP 3.7L V6 Cylinder Engine Gasoline Fuel,Automatic,Gray,Black,,Yes,21990.0,328.0,3.7,6.0
Ford,Expedition XLT,2007,123921.0,Gasoline,300.0HP 5.4L 8 Cylinder Engine Gasoline Fuel,Automatic,White,Beige,,Yes,6900.0,300.0,5.4,8.0
Bmw,X3 sDrive30i,2021,12800.0,Gasoline,248.0HP 2.0L 4 Cylinder Engine Gasoline Fuel,Automatic,Blue,Blue,,Yes,39990.0,248.0,2.0,4.0
Aston,Martin Vantage GT Base,2015,21100.0,Gasoline,430.0HP 4.7L 8 Cylinder Engine Gasoline Fuel,Manual,Black,Black,,Yes,80000.0,430.0,4.7,8.0
Chevrolet,Tahoe LT,2009,104733.0,E85 Flex Fuel,320.0HP 5.3L 8 Cylinder Engine Flex Fuel Capability,Automatic,Black,Black,,Yes,15000.0,320.0,5.3,8.0
Ford,Transit-250 Base,2020,53000.0,Gasoline,310.0HP 3.5L V6 Cylinder Engine Gasoline Fuel,Automatic,White,Black,At least 1 accident or damage reported,Yes,38500.0,310.0,3.5,6.0
Lexus,ES 250 Base,2021,17570.0,Gasoline,2.5 Liter,Automatic,Emin White,Black,,,39998.0,,2.5,
Ram,1500 Rebel,2020,63875.0,Hybrid,395.0HP 5.7L 8 Cylinder Engine Gasoline/Mild Electric Hybrid,Automatic,Gray,Black,At least 1 accident or damage reported,Yes,41900.0,395.0,5.7,8.0
Ford,Maverick XL,2023,12500.0,Hybrid,191.0HP 2.5L 4 Cylinder Engine Gas/Electric Hybrid,Automatic,Silver,Black,,Yes,29999.0,191.0,2.5,4.0
Bmw,Z3 3.0i Roadster,2001,103990.0,Gasoline,225.0HP 3.0L Straight 6 Cylinder Engine Gasoline Fuel,Manual,Black,Beige,,Yes,10500.0,225.0,3.0,6.0
Chevrolet,Camaro 1SS,2022,7000.0,Gasoline,455.0HP 6.2L 8 Cylinder Engine Gasoline Fuel,Manual,Blue,Black,,Yes,50000.0,455.0,6.2,8.0
Chevrolet,Corvette Stingray w/3LT,2023,9000.0,Gasoline,490.0HP 6.2L 8 Cylinder Engine Gasoline Fuel,Automatic,Blue,Black,,Yes,92000.0,490.0,6.2,8.0
Pontiac,Solstice GXP,2007,7800.0,Gasoline,260.0HP 2.0L 4 Cylinder Engine Gasoline Fuel,Automatic,Silver,Black,,Yes,19000.0,260.0,2.0,4.0
Cadillac,XTS Luxury,2017,69289.0,Gasoline,304.0HP 3.6L V6 Cylinder Engine Gasoline Fuel,Automatic,Gray,Black,At least 1 accident or damage reported,Yes,20997.0,304.0,3.6,6.0
Toyota,Highlander Limited,2011,106000.0,Gasoline,270.0HP 3.5L V6 Cylinder Engine Gasoline Fuel,Automatic,White,Gray,At least 1 accident or damage reported,Yes,16600.0,270.0,3.5,6.0
Lincoln,Navigator Reserve,2020,68000.0,Gasoline,450.0HP 3.5L V6 Cylinder Engine Gasoline Fuel,Automatic,Black,Gray,At least 1 accident or damage reported,Yes,55999.0,450.0,3.5,6.0
Toyota,Highlander Hybrid Limited Platinum,2019,13828.0,Hybrid,306.0HP 3.5L V6 Cylinder Engine Gas/Electric Hybrid,,Blue,Black,,Yes,43000.0,306.0,3.5,6.0
Audi,A3 2.0T Tech Premium,2018,39600.0,Gasoline,220.0HP 2.0L 4 Cylinder Engine Gasoline Fuel,Dual Clutch,White,Black,,Yes,26999.0,220.0,2.0,4.0
Jeep,Wrangler SE,2003,92000.0,Gasoline,150.0HP 2.4L 4 Cylinder Engine Gasoline Fuel,Manual,Gold,Black,,Yes,12500.0,150.0,2.4,4.0
Toyota,Tacoma SR,2022,5020.0,Gasoline,278.0HP 3.5L V6 Cylinder Engine Gasoline Fuel,Automatic,Black,Gray,,Yes,36500.0,278.0,3.5,6.0
Chevrolet,Trailblazer SS,2007,107800.0,Gasoline,395.0HP 6.0L 8 Cylinder Engine Gasoline Fuel,Automatic,Black,Black,At least 1 accident or damage reported,Yes,15000.0,395.0,6.0,8.0
Audi,A5 2.0T Premium Plus,2019,23827.0,Gasoline,248.0HP 2.0L 4 Cylinder Engine Gasoline Fuel,Automatic,Gray,Black,,Yes,34995.0,248.0,2.0,4.0
Audi,A6 55 Premium,2020,25300.0,Hybrid,335.0HP 3.0L V6 Cylinder Engine Gasoline/Mild Electric Hybrid,Automatic,White,Beige,,Yes,39900.0,335.0,3.0,6.0
Mercedes-Benz,Sprinter 2500,2016,399000.0,Diesel,188.0HP 3.0L V6 Cylinder Engine Diesel Fuel,Automatic,Silver,–,At least 1 accident or damage reported,Yes,24500.0,188.0,3.0,6.0
Porsche,911 Carrera,2005,46200.0,Gasoline,325.0HP 3.6L Flat 6 Cylinder Engine Gasoline Fuel,Manual,Silver,Black,,Yes,49999.0,325.0,3.6,6.0
Chevrolet,Corvette Stingray w/2LT,2022,3158.0,Gasoline,490.0HP 6.2L 8 Cylinder Engine Gasoline Fuel,Automatic,Red,Red,,Yes,85989.0,490.0,6.2,8.0
Gmc,Acadia SLE,2021,26000.0,Gasoline,228.0HP 2.0L 4 Cylinder Engine Gasoline Fuel,Automatic,White,Black,,Yes,30900.0,228.0,2.0,4.0
Porsche,911 Carrera,2020,12758.0,Gasoline,379.0HP 3.0L Flat 6 Cylinder Engine Gasoline Fuel,Automatic,Silver,Black,,Yes,107900.0,379.0,3.0,6.0
Chevrolet,Corvette Base,2007,123500.0,Gasoline,400.0HP 6.0L 8 Cylinder Engine Gasoline Fuel,Dual Clutch,Red,Beige,At least 1 accident or damage reported,Yes,27000.0,400.0,6.0,8.0
Ford,Mustang GT Premium,2018,26840.0,Gasoline,460.0HP 5.0L 8 Cylinder Engine Gasoline Fuel,Manual,White,Black,,Yes,42500.0,460.0,5.0,8.0
Ford,Edge SEL,2021,17836.0,Gasoline,2.0L I4 16V GDI DOHC Turbo,Automatic,Silver,Ebony,,Yes,31933.0,,2.0,
Cadillac,Escalade Luxury,2012,114500.0,E85 Flex Fuel,403.0HP 6.2L 8 Cylinder Engine Flex Fuel Capability,Automatic,Black,Black,,Yes,16100.0,403.0,6.2,8.0
Chevrolet,Corvette Stingray w/3LT,2022,5400.0,Gasoline,490.0HP 6.2L 8 Cylinder Engine Gasoline Fuel,Automatic,White,Black,,Yes,89900.0,490.0,6.2,8.0
Toyota,Corolla LE,2016,17500.0,Gasoline,132.0HP 1.8L 4 Cylinder Engine Gasoline Fuel,Automatic,Red,Gray,,Yes,15100.0,132.0,1.8,4.0
Chevrolet,Express 2500 Work Van,2017,56000.0,Gasoline,285.0HP 4.8L 8 Cylinder Engine Gasoline Fuel,Automatic,Blue,–,,Yes,44600.0,285.0,4.8,8.0
Chevrolet,Trax LS,2020,20800.0,Gasoline,138.0HP 1.4L 4 Cylinder Engine Gasoline Fuel,Automatic,Black,Beige,,Yes,19000.0,138.0,1.4,4.0
Volkswagen,Golf Auto TSI S,2015,107543.0,Gasoline,170.0HP 1.8L 4 Cylinder Engine Gasoline Fuel,Dual Clutch,Black,Black,,Yes,13200.0,170.0,1.8,4.0
Nissan,Pathfinder Silver,2012,206000.0,Gasoline,266.0HP 4.0L V6 Cylinder Engine Gasoline Fuel,Dual Clutch,Black,Black,,Yes,5000.0,266.0,4.0,6.0
Ford,F-150 Platinum,2018,37100.0,E85 Flex Fuel,395.0HP 5.0L 8 Cylinder Engine Flex Fuel Capability,Automatic,Black,Black,,Yes,46000.0,395.0,5.0,8.0
Land,Rover Range Rover Velar P380 SE R-Dynamic,2019,19813.0,Gasoline,380.0HP 3.0L V6 Cylinder Engine Gasoline Fuel,Automatic,Silver,Beige,,Yes,51900.0,380.0,3.0,6.0
Kia,Sportage LX,2010,208321.0,Gasoline,173.0HP 2.7L V6 Cylinder Engine Gasoline Fuel,Automatic,White,Beige,,Yes,3500.0,173.0,2.7,6.0
Lexus,LS 460 Base,2012,200000.0,Gasoline,380.0HP 4.6L 8 Cylinder Engine Gasoline Fuel,Dual Clutch,White,Beige,At least 1 accident or damage reported,Yes,9995.0,380.0,4.6,8.0
Mini,Cooper S Base,2012,66000.0,Gasoline,181.0HP 1.6L 4 Cylinder Engine Gasoline Fuel,Automatic,White,Black,,Yes,10999.0,181.0,1.6,4.0
Bentley,Bentayga Activity Edition,2018,41000.0,Gasoline,600.0HP 6.0L 12 Cylinder Engine Gasoline Fuel,Automatic,Gray,Gray,,Yes,113000.0,600.0,6.0,12.0
Volvo,XC60 T6 Inscription,2019,20623.0,Gasoline,330.0HP 2.0L 4 Cylinder Engine Gasoline Fuel,Automatic,Silver,Black,,Yes,36800.0,330.0,2.0,4.0
Ford,Explorer Limited,2018,86000.0,Gasoline,290.0HP 3.5L V6 Cylinder Engine Gasoline Fuel,Dual Clutch,Black,Black,,Yes,26900.0,290.0,3.5,6.0
Porsche,Cayenne Turbo GT,2022,1766.0,Gasoline,4.0L,Automatic,Custom Color,Black,,,209995.0,,4.0,
Mercedes-Benz,G-Class G 550 4MATIC,2016,51354.0,Gasoline,416.0HP 4.0L 8 Cylinder Engine Gasoline Fuel,Automatic,Blue,Black,,Yes,73000.0,416.0,4.0,8.0
Jeep,Wrangler Unlimited Rubicon 392,2021,38000.0,Gasoline,470.0HP 6.4L 8 Cylinder Engine Gasoline Fuel,Dual Clutch,Gray,Black,,Yes,72980.0,470.0,6.4,8.0
Toyota,Avalon Hybrid XLE Premium,2015,161000.0,Hybrid,200.0HP 2.5L 4 Cylinder Engine Gas/Electric Hybrid,,Blue,Gray,,Yes,11500.0,200.0,2.5,4.0
Nissan,Juke SL,2012,74750.0,Gasoline,188.0HP 1.6L 4 Cylinder Engine Gasoline Fuel,,Black,Black,,Yes,12500.0,188.0,1.6,4.0
Porsche,911 Carrera 4,2013,67522.0,Gasoline,350.0HP 3.4L Flat 6 Cylinder Engine Gasoline Fuel,Automatic,Gray,Black,At least 1 accident or damage reported,Yes,59500.0,350.0,3.4,6.0
Mini,Cooper S Base,2012,152000.0,Gasoline,181.0HP 1.6L 4 Cylinder Engine Gasoline Fuel,Automatic,White,Black,,Yes,9000.0,181.0,1.6,4.0
Subaru,Ascent Touring 7-Passenger,2019,71273.0,Gasoline,260.0HP 2.4L 4 Cylinder Engine Gasoline Fuel,,Black,Brown,,Yes,23900.0,260.0,2.4,4.0
Subaru,WRX STI Base,2017,37800.0,Gasoline,305.0HP 2.5L 4 Cylinder Engine Gasoline Fuel,Manual,Blue,Black,,Yes,32500.0,305.0,2.5,4.0
Land,Rover Range Rover Sport HSE,2019,42000.0,Gasoline,340.0HP 3.0L V6 Cylinder Engine Gasoline Fuel,Dual Clutch,White,Black,,Yes,48990.0,340.0,3.0,6.0
Kia,Sorento Plug-In Hybrid SX Prestige,2022,10101.0,Plug-In Hybrid,261.0HP 1.6L 4 Cylinder Engine Plug-In Electric/Gas,Automatic,White,–,,Yes,44990.0,261.0,1.6,4.0
Chevrolet,Corvette Stingray w/2LT,2022,7900.0,Gasoline,490.0HP 6.2L 8 Cylinder Engine Gasoline Fuel,Automatic,White,Red,,Yes,92500.0,490.0,6.2,8.0
Tesla,Model 3 Performance,2020,45468.0,,455.0HP Electric Motor Electric Fuel System,Automatic,Silver,White,,Yes,45999.0,455.0,,
Nissan,Armada SV,2017,187141.0,Gasoline,390.0HP 5.6L 8 Cylinder Engine Gasoline Fuel,Automatic,Black,Black,,Yes,16995.0,390.0,5.6,8.0
Porsche,Cayenne Turbo S,2014,99100.0,Gasoline,550.0HP 4.8L 8 Cylinder Engine Gasoline Fuel,Automatic,White,Black,,Yes,32000.0,550.0,4.8,8.0
Subaru,Outback Touring XT,2021,33500.0,Gasoline,260.0HP 2.4L 4 Cylinder Engine Gasoline Fuel,,Blue,Brown,,Yes,34000.0,260.0,2.4,4.0
Acura,RLX Advance Package,2016,102665.0,Gasoline,310.0HP 3.5L V6 Cylinder Engine Gasoline Fuel,Automatic,Black,Black,,Yes,15450.0,310.0,3.5,6.0
Ford,Mustang GT,2001,52675.0,Gasoline,260.0HP 4.6L 8 Cylinder Engine Gasoline Fuel,Manual,Black,Black,,Yes,16995.0,260.0,4.6,8.0
Bmw,330 i xDrive,2017,59203.0,Gasoline,248.0HP 2.0L 4 Cylinder Engine Gasoline Fuel,Automatic,White,–,,Yes,23000.0,248.0,2.0,4.0
Mercedes-Benz,SL-Class SL550 Roadster,2009,60100.0,Gasoline,382.0HP 5.5L 8 Cylinder Engine Gasoline Fuel,Automatic,Black,Black,,Yes,27000.0,382.0,5.5,8.0
Audi,SQ8 4.0T Premium Plus,2021,43238.0,Gasoline,500.0HP 4.0L 8 Cylinder Engine Gasoline Fuel,Dual Clutch,Black,Red,,Yes,76400.0,500.0,4.0,8.0
Mini,Cooper S Base,2007,118000.0,Gasoline,172.0HP 1.6L 4 Cylinder Engine Gasoline Fuel,Automatic,Beige,Black,,Yes,3600.0,172.0,1.6,4.0
Ford,Mustang EcoBoost,2021,17300.0,Gasoline,310.0HP 2.3L 4 Cylinder Engine Gasoline Fuel,Automatic,Yellow,Black,,Yes,31000.0,310.0,2.3,4.0
Audi,RS 7 4.0T Prestige,2016,64800.0,Gasoline,560.0HP 4.0L 8 Cylinder Engine Gasoline Fuel,Automatic,White,Brown,,Yes,50000.0,560.0,4.0,8.0
Mercedes-Benz,GLC 300 GLC 300,2022,1408.0,Gasoline,2.0 Liter Turbo,Automatic,Lunar Blue Metallic,–,,,46798.0,,2.0,
Volkswagen,Touareg TDI Lux,2015,15167.0,Diesel,240.0HP 3.0L V6 Cylinder Engine Diesel Fuel,Automatic,Gold,Black,,Yes,35000.0,240.0,3.0,6.0
Porsche,Cayenne GTS,2016,64600.0,Gasoline,440.0HP 3.6L V6 Cylinder Engine Gasoline Fuel,Automatic,White,Red,,Yes,41000.0,440.0,3.6,6.0
Jeep,Grand Wagoneer Series III,2022,31112.0,Gasoline,471.0HP 6.4L 8 Cylinder Engine Gasoline Fuel,Automatic,Black,Black,,Yes,83000.0,471.0,6.4,8.0
Tesla,Model X 100D,2018,23250.0,,518.0HP Electric Motor Electric Fuel System,Automatic,Gray,White,,Yes,57000.0,518.0,,
Mini,Cooper S Base,2011,63500.0,Gasoline,181.0HP 1.6L 4 Cylinder Engine Gasoline Fuel,Manual,Silver,Black,,Yes,10500.0,181.0,1.6,4.0
Ram,1500 Laramie,2022,13464.0,Gasoline,5.7L V8 16V MPFI OHV,Automatic,Diamond Black,Black,,,46999.0,,5.7,8.0
Chevrolet,Camaro Base,2001,64776.0,Gasoline,200.0HP 3.8L V6 Cylinder Engine Gasoline Fuel,Automatic,Black,Gray,,Yes,7500.0,200.0,3.8,6.0
Jeep,Cherokee X,2022,9601.0,Gasoline,3.2L V6 24V MPFI DOHC,Automatic,Sting Gray Clearcoat,Black,,,33498.0,,3.2,6.0
Bmw,ALPINA B7 xDrive,2013,135000.0,Gasoline,445.0HP 4.4L 8 Cylinder Engine Gasoline Fuel,Automatic,Black,Black,At least 1 accident or damage reported,Yes,14000.0,445.0,4.4,8.0
Volvo,XC90 3.2 Premier Plus,2013,208864.0,Gasoline,240.0HP 3.2L Straight 6 Cylinder Engine Gasoline Fuel,Automatic,White,Beige,At least 1 accident or damage reported,Yes,7500.0,240.0,3.2,6.0
Infiniti,Q50 3.0T Premium,2016,49872.0,Gasoline,300.0HP 3.0L V6 Cylinder Engine Gasoline Fuel,Automatic,Gray,Black,At least 1 accident or damage reported,Yes,21500.0,300.0,3.0,6.0
Mini,Cooper Base,2009,90367.0,Gasoline,118.0HP 1.6L 4 Cylinder Engine Gasoline Fuel,Manual,Red,Black,,Yes,9250.0,118.0,1.6,4.0
Porsche,911 Carrera 4S,2014,36670.0,Gasoline,400.0HP 3.8L Flat 6 Cylinder Engine Gasoline Fuel,Dual Clutch,White,Black,,Yes,82499.0,400.0,3.8,6.0
Jeep,Grand Wagoneer Base,2023,3752.0,Gasoline,6.4L V8 16V MPFI OHV,Automatic,Ember Pearlcoat,Global Black,,Yes,84620.0,,6.4,8.0
Lexus,RX 350 Base,2021,30761.0,Gasoline,3.5L V6 24V PDI DOHC,Automatic,Eminent White Pearl,Black,,,44950.0,,3.5,6.0
Ram,1500 Laramie,2022,13438.0,Gasoline,5.7L V8 16V MPFI OHV,Automatic,Diamond Black,Black,,,46599.0,,5.7,8.0
Jeep,Gladiator Overland,2020,9100.0,Gasoline,285.0HP 3.6L V6 Cylinder Engine Gasoline Fuel,Automatic,Red,Black,,Yes,49895.0,285.0,3.6,6.0
Chrysler,200 Limited,2017,100600.0,,–,Automatic,Black,Black,,Yes,10000.0,,,
Ford,Fusion Hybrid Base,2011,223824.0,Hybrid,156.0HP 2.5L 4 Cylinder Engine Gas/Electric Hybrid,Automatic,White,Brown,At least 1 accident or damage reported,Yes,4500.0,156.0,2.5,4.0
Audi,A6 2.0T Premium Plus,2016,96000.0,Gasoline,252.0HP 2.0L 4 Cylinder Engine Gasoline Fuel,Automatic,Black,Black,,Yes,21990.0,252.0,2.0,4.0
Chevrolet,Silverado 1500 Z71 Extended Cab,2004,185000.0,Gasoline,295.0HP 5.3L 8 Cylinder Engine Gasoline Fuel,Automatic,Red,Gray,At least 1 accident or damage reported,Yes,10500.0,295.0,5.3,8.0
Porsche,Taycan Base,2021,6900.0,,375.0HP Electric Motor Electric Fuel System,Automatic,White,Beige,,Yes,79999.0,375.0,,
Honda,Accord Hybrid Touring,2017,96400.0,Hybrid,212.0HP 2.0L 4 Cylinder Engine Gas/Electric Hybrid,,White,Beige,At least 1 accident or damage reported,Yes,18500.0,212.0,2.0,4.0
Ram,2500 SLT,2018,67865.0,Gasoline,410.0HP 6.4L 8 Cylinder Engine Gasoline Fuel,Automatic,White,Gray,,Yes,36500.0,410.0,6.4,8.0
Land,Rover Range Rover Sport Supercharged,2015,64300.0,E85 Flex Fuel,550.0HP 5.0L 8 Cylinder Engine Flex Fuel Capability,Dual Clutch,Blue,Black,,Yes,44850.0,550.0,5.0,8.0
Chevrolet,Colorado ZR2,2018,76500.0,Gasoline,308.0HP 3.6L V6 Cylinder Engine Gasoline Fuel,Automatic,White,Black,,Yes,33500.0,308.0,3.6,6.0
Gmc,Sierra 2500 Denali,2017,96343.0,Diesel,445.0HP 6.6L 8 Cylinder Engine Diesel Fuel,Automatic,Blue,Beige,At least 1 accident or damage reported,Yes,53000.0,445.0,6.6,8.0
Subaru,Crosstrek 2.0i Limited,2018,74600.0,Gasoline,152.0HP 2.0L 4 Cylinder Engine Gasoline Fuel,Dual Clutch,Blue,Black,,Yes,24000.0,152.0,2.0,4.0
Subaru,Outback 2.5i Limited,2014,157530.0,Gasoline,2.5L H4 16V MPFI DOHC,Automatic,Twilight Blue Metallic,Black,At least 1 accident or damage reported,Yes,9995.0,,2.5,
Tesla,Model X Plaid,2022,15000.0,,1020.0HP Electric Motor Electric Fuel System,Automatic,White,White,,Yes,95999.0,1020.0,,
Jeep,Wrangler Unlimited Rubicon,2012,80000.0,Gasoline,285.0HP 3.6L V6 Cylinder Engine Gasoline Fuel,Automatic,Orange,Black,,Yes,30000.0,285.0,3.6,6.0
Tesla,Model S 100D,2018,83424.0,,518.0HP Electric Motor Electric Fuel System,Automatic,Gray,Beige,,Yes,45000.0,518.0,,
Mercedes-Benz,C-Class C 300 4MATIC,2021,19000.0,Gasoline,255.0HP 2.0L 4 Cylinder Engine Gasoline Fuel,Automatic,Blue,Beige,,Yes,37999.0,255.0,2.0,4.0
Porsche,911 Carrera S,2013,64000.0,Gasoline,400.0HP 3.8L Flat 6 Cylinder Engine Gasoline Fuel,Automatic,Gray,Black,At least 1 accident or damage reported,Yes,67000.0,400.0,3.8,6.0
Mercedes-Benz,GLS 450 Base 4MATIC,2019,34068.0,Gasoline,362.0HP 3.0L V6 Cylinder Engine Gasoline Fuel,Automatic,White,Beige,,Yes,46900.0,362.0,3.0,6.0
Buick,Envision Preferred,2021,20104.0,Gasoline,2.0L I4 16V GDI DOHC Turbo,Automatic,Burnished Bronze Metallic,Ebony,,Yes,33295.0,,2.0,
Nissan,Armada Platinum,2022,8400.0,Gasoline,400.0HP 5.6L 8 Cylinder Engine Gasoline Fuel,Automatic,Red,Beige,,Yes,59950.0,400.0,5.6,8.0
Porsche,911 Turbo,2021,11938.0,Gasoline,572.0HP 3.8L Flat 6 Cylinder Engine Gasoline Fuel,Dual Clutch,Black,–,,,209000.0,572.0,3.8,6.0
Chevrolet,Corvette Stingray w/2LT,2021,24670.0,Gasoline,490.0HP 6.2L 8 Cylinder Engine Gasoline Fuel,Dual Clutch,White,Brown,,Yes,72500.0,490.0,6.2,8.0
Ford,Mustang Shelby GT500,2013,16478.0,Gasoline,650.0HP 5.8L 8 Cylinder Engine Gasoline Fuel,Manual,White,Black,,Yes,66400.0,650.0,5.8,8.0
Ford,F-150 XL,2018,52500.0,E85 Flex Fuel,395.0HP 5.0L 8 Cylinder Engine Flex Fuel Capability,Automatic,Gray,Gray,,Yes,35000.0,395.0,5.0,8.0
Porsche,Cayenne Turbo,2004,92500.0,Gasoline,450.0HP 4.5L 8 Cylinder Engine Gasoline Fuel,Dual Clutch,Silver,Black,,Yes,12000.0,450.0,4.5,8.0
Mitsubishi,Eclipse Spyder GT,2008,62930.0,Gasoline,260.0HP 3.8L V6 Cylinder Engine Gasoline Fuel,Automatic,Gray,Black,At least 1 accident or damage reported,Yes,10000.0,260.0,3.8,6.0
Lexus,GX 470 Base,2007,116600.0,Gasoline,263.0HP 4.7L 8 Cylinder Engine Gasoline Fuel,Automatic,White,Gray,,Yes,19975.0,263.0,4.7,8.0
Dodge,Dakota Big Horn/Lone Star,2010,172024.0,Gasoline,210.0HP 3.7L V6 Cylinder Engine Gasoline Fuel,Automatic,Red,Brown,At least 1 accident or damage reported,Yes,7500.0,210.0,3.7,6.0
Jeep,Wrangler Sport,2012,57237.0,Gasoline,285.0HP 3.6L V6 Cylinder Engine Gasoline Fuel,Automatic,Black,Black,,Yes,22500.0,285.0,3.6,6.0
Subaru,Outback Limited,2020,44600.0,Gasoline,182.0HP 2.5L 4 Cylinder Engine Gasoline Fuel,,Silver,Gray,,Yes,28300.0,182.0,2.5,4.0
Jeep,Wrangler Unlimited Rubicon,2013,181830.0,Gasoline,285.0HP 3.6L V6 Cylinder Engine Gasoline Fuel,Manual,Black,Black,,Yes,21000.0,285.0,3.6,6.0
Subaru,Ascent Touring 7-Passenger,2021,39948.0,Gasoline,2.4L H4 16V GDI DOHC Turbo,Automatic,Ice Silver Metallic,Black,,Yes,36791.0,,2.4,
Ford,F-350 XL,2017,156453.0,Diesel,440.0HP 6.7L 8 Cylinder Engine Diesel Fuel,Automatic,White,Beige,,Yes,40000.0,440.0,6.7,8.0
Porsche,Cayenne Turbo S,2014,156193.0,Gasoline,550.0HP 4.8L 8 Cylinder Engine Gasoline Fuel,Automatic,Silver,Black,,Yes,36000.0,550.0,4.8,8.0
Bmw,X1 xDrive28i,2020,27989.0,Gasoline,228.0HP 2.0L 4 Cylinder Engine Gasoline Fuel,Automatic,Gray,Black,,Yes,29000.0,228.0,2.0,4.0
Toyota,4Runner Limited,2014,146700.0,Gasoline,270.0HP 4.0L V6 Cylinder Engine Gasoline Fuel,Automatic,Blue,Black,At least 1 accident or damage reported,Yes,24999.0,270.0,4.0,6.0
Gmc,Yukon Denali,2019,88450.0,Gasoline,420.0HP 6.2L 8 Cylinder Engine Gasoline Fuel,Automatic,Black,Beige,At least 1 accident or damage reported,Yes,42900.0,420.0,6.2,8.0
Toyota,C-HR LE,2020,14065.0,Gasoline,2.0L I4 16V MPFI DOHC,Automatic,Gray,Black,At least 1 accident or damage reported,Yes,27671.0,,2.0,
Subaru,Outback Limited XT,2020,36844.0,Gasoline,2.4L H4 16V GDI DOHC Turbo,Automatic,Magnetite Gray Metallic,Black,At least 1 accident or damage reported,,30427.0,,2.4,
Chevrolet,Silverado 1500 LT Trail Boss,2020,49000.0,Gasoline,355.0HP 5.3L 8 Cylinder Engine Gasoline Fuel,Automatic,White,Black,,Yes,44900.0,355.0,5.3,8.0
Bmw,X5 xDrive50i,2013,58000.0,Gasoline,400.0HP 4.4L 8 Cylinder Engine Gasoline Fuel,Automatic,White,Black,,Yes,17900.0,400.0,4.4,8.0
Audi,A6 55 Prestige,2021,22800.0,Hybrid,335.0HP 3.0L V6 Cylinder Engine Gasoline/Mild Electric Hybrid,Automatic,Blue,Brown,,Yes,52000.0,335.0,3.0,6.0
Subaru,Outback 2.5i Limited,2014,78007.0,Gasoline,173.0HP 2.5L 4 Cylinder Engine Gasoline Fuel,Automatic,Blue,Black,,Yes,14750.0,173.0,2.5,4.0
Ford,F-250 King Ranch,2020,36500.0,Diesel,475.0HP 6.7L 8 Cylinder Engine Diesel Fuel,Automatic,Gray,Brown,,Yes,69900.0,475.0,6.7,8.0
Honda,CR-V EX,2004,156350.0,Gasoline,160.0HP 2.4L 4 Cylinder Engine Gasoline Fuel,Automatic,Brown,Beige,At least 1 accident or damage reported,Yes,3990.0,160.0,2.4,4.0
Lexus,GX 460 Luxury,2021,17710.0,Gasoline,301.0HP 4.6L 8 Cylinder Engine Gasoline Fuel,Automatic,White,Red,,Yes,59000.0,301.0,4.6,8.0
Ford,Explorer XLT,2013,149000.0,Gasoline,290.0HP 3.5L V6 Cylinder Engine Gasoline Fuel,Automatic,Brown,Beige,At least 1 accident or damage reported,Yes,7850.0,290.0,3.5,6.0
Subaru,Forester 2.5i Limited,2015,90000.0,Gasoline,170.0HP 2.5L 4 Cylinder Engine Gasoline Fuel,,Silver,Gray,,Yes,16000.0,170.0,2.5,4.0
Ford,Bronco Wildtrak Advanced,2022,9990.0,Gasoline,315.0HP 2.7L V6 Cylinder Engine Gasoline Fuel,Dual Clutch,Silver,Black,,Yes,64500.0,315.0,2.7,6.0
Mercedes-Benz,A-Class A 220 4MATIC,2019,28663.0,Gasoline,2.0L I4 16V GDI DOHC Turbo,Automatic,Jupiter Red,Black,,,29500.0,,2.0,
Lexus,NX 200t Base,2015,124250.0,Gasoline,235.0HP 2.0L 4 Cylinder Engine Gasoline Fuel,Automatic,Gray,Orange,At least 1 accident or damage reported,Yes,17900.0,235.0,2.0,4.0
Ford,F-250 Lariat,2017,50780.0,Diesel,440.0HP 6.7L 8 Cylinder Engine Diesel Fuel,Automatic,White,Black,,Yes,61000.0,440.0,6.7,8.0
Porsche,911 Carrera C4S,2006,65000.0,Gasoline,355.0HP 3.8L Flat 6 Cylinder Engine Gasoline Fuel,Manual,Blue,Gray,,,43000.0,355.0,3.8,6.0
Tesla,Model 3 Long Range,2022,22457.0,,Electric,Automatic,Midnight Silver Metallic,Black,,,40036.0,,,
Toyota,Camry XSE,2022,19361.0,Gasoline,3.5 Liter,Automatic,Red,Black,,,38298.0,,3.5,
Bmw,i3 94 Ah,2017,43000.0,,170.0HP 0.65L Electric Motor Electric Fuel System,Automatic,Black,–,,Yes,16500.0,170.0,0.65,
Ford,F-250 XL SuperCab H/D,1993,115000.0,,–,Automatic,Red,Gray,,Yes,21900.0,,,
Porsche,Taycan Turbo,2020,2076.0,,Electric,Automatic,Gray,Red,,,115998.0,,,
Porsche,911 GT3,2018,9712.0,Gasoline,4.0L H6 24V GDI DOHC,Automatic,Red,Black,,,188900.0,,4.0,
Mercedes-Benz,E-Class E55 AMG,2005,131000.0,Gasoline,469.0HP 5.4L 8 Cylinder Engine Gasoline Fuel,Automatic,Gray,Black,,Yes,16500.0,469.0,5.4,8.0
Toyota,Highlander XLE,2022,31000.0,Gasoline,295.0HP 3.5L V6 Cylinder Engine Gasoline Fuel,Dual Clutch,Gray,Gray,,Yes,43000.0,295.0,3.5,6.0
Volvo,S60 Recharge Plug-In Hybrid T8 Inscription,2021,24158.0,Plug-In Hybrid,400.0HP 2.0L 4 Cylinder Engine Plug-In Electric/Gas,Automatic,Gray,Black,,Yes,44900.0,400.0,2.0,4.0
Audi,A6 3.0T Premium Plus,2016,72865.0,Gasoline,333.0HP 3.0L V6 Cylinder Engine Gasoline Fuel,Automatic,Black,Black,At least 1 accident or damage reported,Yes,22000.0,333.0,3.0,6.0
Mercedes-Benz,E-Class E 350 4MATIC,2014,89563.0,Gasoline,302.0HP 3.5L V6 Cylinder Engine Gasoline Fuel,Automatic,Blue,Black,,Yes,18995.0,302.0,3.5,6.0
Nissan,Juke SL,2012,72639.0,Gasoline,188.0HP 1.6L 4 Cylinder Engine Gasoline Fuel,,Black,Black,At least 1 accident or damage reported,Yes,15000.0,188.0,1.6,4.0
Mercedes-Benz,CLS-Class CLS 550,2012,79000.0,Gasoline,402.0HP 4.6L 8 Cylinder Engine Gasoline Fuel,Automatic,Black,Black,,Yes,19999.0,402.0,4.6,8.0
Audi,A3 2.0T Premium,2012,111564.0,Gasoline,200.0HP 2.0L 4 Cylinder Engine Gasoline Fuel,Automatic,White,Black,,Yes,11200.0,200.0,2.0,4.0
Lexus,GX 460 Base,2018,75000.0,Gasoline,301.0HP 4.6L 8 Cylinder Engine Gasoline Fuel,Automatic,White,Beige,At least 1 accident or damage reported,Yes,38095.0,301.0,4.6,8.0
Ford,Mustang Premium,2007,169613.0,Gasoline,210.0HP 4.0L V6 Cylinder Engine Gasoline Fuel,Automatic,Black,Black,At least 1 accident or damage reported,Yes,5900.0,210.0,4.0,6.0
Honda,Pilot EX-L,2011,175000.0,Gasoline,250.0HP 3.5L V6 Cylinder Engine Gasoline Fuel,Automatic,Black,Gray,,Yes,9000.0,250.0,3.5,6.0
Bmw,540 i,2017,98500.0,Gasoline,335.0HP 3.0L Straight 6 Cylinder Engine Gasoline Fuel,Automatic,Black,Black,,Yes,24500.0,335.0,3.0,6.0
Chrysler,300 S,2012,53000.0,Gasoline,292.0HP 3.6L V6 Cylinder Engine Gasoline Fuel,Dual Clutch,Black,Black,At least 1 accident or damage reported,Yes,13750.0,292.0,3.6,6.0
Ram,2500 Longhorn,2015,72200.0,Diesel,370.0HP 6.7L Straight 6 Cylinder Engine Diesel Fuel,Automatic,Black,Black,,Yes,52500.0,370.0,6.7,6.0
Acura,TSX Base,2005,151600.0,Gasoline,200.0HP 2.4L 4 Cylinder Engine Gasoline Fuel,Manual,Black,Black,,Yes,7899.0,200.0,2.4,4.0
Lotus,Evora 2+2,2011,20000.0,Gasoline,276.0HP 3.5L V6 Cylinder Engine Gasoline Fuel,Manual,White,Red,,Yes,51000.0,276.0,3.5,6.0
Chevrolet,Avalanche 1500 LT,2010,170000.0,E85 Flex Fuel,320.0HP 5.3L 8 Cylinder Engine Flex Fuel Capability,Automatic,Black,Black,At least 1 accident or damage reported,Yes,9000.0,320.0,5.3,8.0
Ford,F-150 XLT,2019,69800.0,E85 Flex Fuel,395.0HP 5.0L 8 Cylinder Engine Flex Fuel Capability,Automatic,Silver,Gray,,Yes,34600.0,395.0,5.0,8.0
Toyota,Tundra SR5,2020,26300.0,Gasoline,381.0HP 5.7L 8 Cylinder Engine Gasoline Fuel,Automatic,Gray,Gray,At least 1 accident or damage reported,Yes,46199.0,381.0,5.7,8.0
Honda,Fit Sport,2007,156111.0,Gasoline,109.0HP 1.5L 4 Cylinder Engine Gasoline Fuel,Dual Clutch,Red,Black,At least 1 accident or damage reported,Yes,5200.0,109.0,1.5,4.0
Chevrolet,Silverado 2500 LTZ,2016,172600.0,Diesel,397.0HP 6.6L 8 Cylinder Engine Diesel Fuel,Automatic,Red,Black,At least 1 accident or damage reported,Yes,32500.0,397.0,6.6,8.0
Honda,Accord Crosstour EX-L,2010,145000.0,Gasoline,271.0HP 3.5L V6 Cylinder Engine Gasoline Fuel,Automatic,Green,Black,,Yes,9000.0,271.0,3.5,6.0
Ford,F-250 XLT Super Duty,2001,64309.0,Gasoline,260.0HP 5.4L 8 Cylinder Engine Gasoline Fuel,Automatic,White,Gray,,Yes,7500.0,260.0,5.4,8.0
Ram,1500 TRX,2021,15183.0,Gasoline,702.0HP 6.2L 8 Cylinder Engine Gasoline Fuel,Automatic,Black,Black,,Yes,90000.0,702.0,6.2,8.0
Buick,Envision Essence,2020,28548.0,Gasoline,2.5L I4 16V GDI DOHC,Automatic,Ebony Twilight Metallic,Ebony,,,32063.0,,2.5,
Volkswagen,Atlas 3.6L SEL Premium R-Line,2022,14000.0,Gasoline,276.0HP 3.6L V6 Cylinder Engine Gasoline Fuel,Automatic,Gray,Black,,Yes,46900.0,276.0,3.6,6.0
Mercedes-Benz,CLS 450 Base,2019,67000.0,Hybrid,369.0HP 3.0L Straight 6 Cylinder Engine Gasoline/Mild Electric Hybrid,Dual Clutch,Yellow,Black,,Yes,44500.0,369.0,3.0,6.0
Jeep,Wrangler Unlimited Sport,2017,84786.0,Gasoline,285.0HP 3.6L V6 Cylinder Engine Gasoline Fuel,Automatic,Gray,Black,,Yes,23500.0,285.0,3.6,6.0
Mercedes-Benz,S-Class S 63 AMG,2008,93000.0,Gasoline,518.0HP 6.2L 8 Cylinder Engine Gasoline Fuel,Automatic,Black,Black,,Yes,17800.0,518.0,6.2,8.0
Hyundai,Genesis Coupe 3.8 Track,2010,127500.0,Gasoline,306.0HP 3.8L V6 Cylinder Engine Gasoline Fuel,Manual,Blue,Black,At least 1 accident or damage reported,Yes,6000.0,306.0,3.8,6.0
Ford,Mustang Mach-E GT,2022,8000.0,,480.0HP Electric Motor Electric Fuel System,Automatic,Blue,Black,,Yes,60999.0,480.0,,
Gmc,Canyon Elevation Standard,2022,16500.0,Gasoline,308.0HP 3.6L V6 Cylinder Engine Gasoline Fuel,Automatic,Gray,Gray,,Yes,32900.0,308.0,3.6,6.0
Jaguar,XK Base,2013,55700.0,Gasoline,385.0HP 5.0L 8 Cylinder Engine Gasoline Fuel,Automatic,Black,Black,,Yes,27200.0,385.0,5.0,8.0
Ford,F-250 LARIAT,2021,42245.0,Diesel,Intercooled Turbo Diesel V-8 6.7 L/406,Automatic,Agate Black Metallic,Black,,,76598.0,,,
Toyota,RAV4 Base,2009,78500.0,Gasoline,179.0HP 2.5L 4 Cylinder Engine Gasoline Fuel,Automatic,Silver,–,,Yes,12000.0,179.0,2.5,4.0
Ford,Expedition Platinum,2018,48619.0,Gasoline,400.0HP 3.5L V6 Cylinder Engine Gasoline Fuel,Automatic,Gray,White,,Yes,51499.0,400.0,3.5,6.0
Jeep,Wrangler Unlimited 4xe Sahara,2021,51105.0,Hybrid,2.0L I4 16V GDI DOHC Turbo Hybrid,Automatic,Black Clearcoat,Black,,Yes,42700.0,,2.0,
Ford,F-150 XLT,2016,25880.0,E85 Flex Fuel,282.0HP 3.5L V6 Cylinder Engine Flex Fuel Capability,Automatic,Red,Gray,,Yes,25500.0,282.0,3.5,6.0
Tesla,Model S Plaid,2021,20100.0,,1020.0HP Electric Motor Electric Fuel System,Automatic,Red,Black,,Yes,69995.0,1020.0,,
Toyota,Tacoma SR5,2018,25083.0,Gasoline,3.5L V6 24V PDI DOHC,Automatic,Red,Gray,At least 1 accident or damage reported,Yes,34955.0,,3.5,6.0
Audi,TT Roadster quattro,2002,69300.0,Gasoline,225.0HP 1.8L 4 Cylinder Engine Gasoline Fuel,Manual,Gray,Black,At least 1 accident or damage reported,Yes,9995.0,225.0,1.8,4.0
Toyota,Highlander Hybrid Limited Platinum,2019,46000.0,Hybrid,306.0HP 3.5L V6 Cylinder Engine Gas/Electric Hybrid,,Silver,Black,,Yes,40000.0,306.0,3.5,6.0
Jeep,Liberty Sport,2008,141485.0,Gasoline,210.0HP 3.7L V6 Cylinder Engine Gasoline Fuel,Automatic,Black,Gray,At least 1 accident or damage reported,Yes,6500.0,210.0,3.7,6.0
Toyota,Sequoia Limited,2018,63990.0,Gasoline,381.0HP 5.7L 8 Cylinder Engine Gasoline Fuel,Automatic,White,Gray,At least 1 accident or damage reported,Yes,48000.0,381.0,5.7,8.0
Ford,Transit-350 Base,2020,19400.0,Gasoline,310.0HP 3.5L V6 Cylinder Engine Gasoline Fuel,Automatic,White,Black,,Yes,58000.0,310.0,3.5,6.0
Subaru,BRZ Limited,2013,129858.0,Gasoline,200.0HP 2.0L 4 Cylinder Engine Gasoline Fuel,Automatic,Silver,Black,At least 1 accident or damage reported,Yes,13490.0,200.0,2.0,4.0
Volvo,XC60 3.2,2012,102000.0,Gasoline,240.0HP 3.2L Straight 6 Cylinder Engine Gasoline Fuel,Automatic,Blue,Beige,,Yes,10800.0,240.0,3.2,6.0
Subaru,Impreza WRX Sti Special Edition,2010,8700.0,Gasoline,305.0HP 2.5L 4 Cylinder Engine Gasoline Fuel,Manual,Gray,Black,,Yes,39900.0,305.0,2.5,4.0
Chevrolet,Bolt EV LT,2018,49279.0,,200.0HP Electric Motor Electric Fuel System,Automatic,Red,Gray,,Yes,17500.0,200.0,,
Chevrolet,Monte Carlo Supercharged SS,2004,148800.0,Gasoline,240.0HP 3.8L V6 Cylinder Engine Gasoline Fuel,Automatic,Red,Black,,Yes,6500.0,240.0,3.8,6.0
Cadillac,Escalade Platinum Edition,2012,160249.0,E85 Flex Fuel,403.0HP 6.2L 8 Cylinder Engine Flex Fuel Capability,Automatic,Black,Black,,Yes,12900.0,403.0,6.2,8.0
Chrysler,300M Base,2004,45000.0,Gasoline,250.0HP 3.5L V6 Cylinder Engine Gasoline Fuel,Automatic,Gray,Gray,,Yes,6000.0,250.0,3.5,6.0
Chevrolet,Silverado 2500 LT H/D Extended Cab,2006,169000.0,Diesel,360.0HP 6.6L 8 Cylinder Engine Diesel Fuel,Automatic,White,Gray,,Yes,19500.0,360.0,6.6,8.0
Mercedes-Benz,AMG C 63 S,2017,46000.0,Gasoline,503.0HP 4.0L 8 Cylinder Engine Gasoline Fuel,Automatic,Gray,Black,,Yes,56000.0,503.0,4.0,8.0
Ferrari,488 Spider Base,2019,13900.0,Gasoline,660.0HP 3.9L 8 Cylinder Engine Gasoline Fuel,Dual Clutch,Red,Black,,Yes,315000.0,660.0,3.9,8.0
Acura,TLX V6 Tech,2015,38000.0,Gasoline,290.0HP 3.5L V6 Cylinder Engine Gasoline Fuel,Automatic,White,Black,,Yes,21900.0,290.0,3.5,6.0
Chevrolet,Corvette Z06,2006,42000.0,Gasoline,505.0HP 7.0L 8 Cylinder Engine Gasoline Fuel,Manual,Orange,Black,,Yes,42000.0,505.0,7.0,8.0
Lexus,NX 350h Premium,2024,300.0,Hybrid,240.0HP 2.5L 4 Cylinder Engine Gas/Electric Hybrid,Automatic,Black,Black,,Yes,50999.0,240.0,2.5,4.0
Mercedes-Benz,SLK-Class SLK 350,2008,120800.0,Gasoline,268.0HP 3.5L V6 Cylinder Engine Gasoline Fuel,Automatic,Red,Beige,,Yes,13900.0,268.0,3.5,6.0
Jeep,Wrangler Unlimited Sahara,2020,76313.0,Gasoline,2.0L I4 16V GDI DOHC Turbo,Automatic,Hellayella Clearcoat,Black,,Yes,35234.0,,2.0,
Chevrolet,Silverado 1500 LT,2012,104000.0,E85 Flex Fuel,315.0HP 5.3L 8 Cylinder Engine Flex Fuel Capability,Automatic,Blue,Gray,At least 1 accident or damage reported,Yes,16500.0,315.0,5.3,8.0
Lexus,GX 460 Base,2010,97097.0,Gasoline,301.0HP 4.6L 8 Cylinder Engine Gasoline Fuel,Automatic,Red,Beige,At least 1 accident or damage reported,Yes,22000.0,301.0,4.6,8.0
Jeep,Wrangler Unlimited X,2008,136731.0,Gasoline,202.0HP 3.8L V6 Cylinder Engine Gasoline Fuel,Automatic,Yellow,Gray,,Yes,15900.0,202.0,3.8,6.0
Ram,1500 Tradesman/Express,2017,40200.0,Gasoline,395.0HP 5.7L 8 Cylinder Engine Gasoline Fuel,Automatic,Blue,Gray,At least 1 accident or damage reported,Yes,24000.0,395.0,5.7,8.0
Ford,Explorer ST,2021,39105.0,Gasoline,3.0L V6 24V GDI DOHC Twin Turbo,Automatic,Black,–,,Yes,44605.0,,3.0,6.0
Mercedes-Benz,G 550 4x4 Squared Base,2017,23567.0,Gasoline,416.0HP 4.0L 8 Cylinder Engine Gasoline Fuel,Dual Clutch,White,Black,At least 1 accident or damage reported,Yes,215000.0,416.0,4.0,8.0
Bmw,M4 Competition,2021,12500.0,Gasoline,503.0HP 3.0L Straight 6 Cylinder Engine Gasoline Fuel,Automatic,Gray,Blue,At least 1 accident or damage reported,Yes,90000.0,503.0,3.0,6.0
Chevrolet,Colorado ZR2,2019,38900.0,Gasoline,308.0HP 3.6L V6 Cylinder Engine Gasoline Fuel,Automatic,White,Black,,Yes,34700.0,308.0,3.6,6.0
Lincoln,Navigator L Select,2016,84272.0,Gasoline,380.0HP 3.5L V6 Cylinder Engine Gasoline Fuel,Automatic,Black,Black,At least 1 accident or damage reported,Yes,25221.0,380.0,3.5,6.0
Mercedes-Benz,E-Class E 350,2016,58375.0,Gasoline,302.0HP 3.5L V6 Cylinder Engine Gasoline Fuel,Automatic,White,Beige,,Yes,24999.0,302.0,3.5,6.0
Ford,Mustang Shelby GT500,2007,7346.0,Gasoline,500.0HP 5.4L 8 Cylinder Engine Gasoline Fuel,Manual,Red,Black,,Yes,40999.0,500.0,5.4,8.0
Dodge,Charger SRT8,2008,98231.0,Gasoline,425.0HP 6.1L 8 Cylinder Engine Gasoline Fuel,Automatic,Blue,Black,At least 1 accident or damage reported,Yes,15500.0,425.0,6.1,8.0
Jaguar,XK Base,2007,56000.0,Gasoline,300.0HP 4.2L 8 Cylinder Engine Gasoline Fuel,Automatic,White,Beige,,Yes,18000.0,300.0,4.2,8.0
Honda,Civic EX,2020,13935.0,Gasoline,174.0HP 1.5L 4 Cylinder Engine Gasoline Fuel,,Gray,Black,,Yes,26000.0,174.0,1.5,4.0
Subaru,Impreza 2.0i,2019,30000.0,Gasoline,152.0HP 2.0L 4 Cylinder Engine Gasoline Fuel,,Gray,Black,At least 1 accident or damage reported,Yes,21250.0,152.0,2.0,4.0
Saab,9-3 Aero,2009,106000.0,Gasoline,280.0HP 2.8L V6 Cylinder Engine Gasoline Fuel,Automatic,Red,Black,,Yes,12950.0,280.0,2.8,6.0
Bmw,650 Gran Coupe i xDrive,2014,82978.0,Gasoline,445.0HP 4.4L 8 Cylinder Engine Gasoline Fuel,Automatic,Black,White,,Yes,18700.0,445.0,4.4,8.0
Jeep,Wrangler Unlimited Sport,2018,58500.0,Gasoline,285.0HP 3.6L V6 Cylinder Engine Gasoline Fuel,Automatic,Black,Black,,Yes,35000.0,285.0,3.6,6.0
Ford,F-350 King Ranch,2015,92421.0,Diesel,440.0HP 6.7L 8 Cylinder Engine Diesel Fuel,Automatic,White,Brown,,Yes,51900.0,440.0,6.7,8.0
Mazda,CX-30 Preferred,2020,9927.0,Gasoline,2.5L I4 16V GDI DOHC,Automatic,Snowflake White Pearl,Black,,Yes,27518.0,,2.5,
Jeep,Wrangler Sport,2000,122945.0,Gasoline,181.0HP 4.0L Straight 6 Cylinder Engine Gasoline Fuel,Manual,Beige,Brown,,Yes,13900.0,181.0,4.0,6.0
Lexus,RX 330 Base,2006,110250.0,Gasoline,230.0HP 3.3L V6 Cylinder Engine Gasoline Fuel,Automatic,White,Beige,,Yes,11000.0,230.0,3.3,6.0
Infiniti,QX56 Base,2011,103010.0,Gasoline,400.0HP 5.6L 8 Cylinder Engine Gasoline Fuel,Automatic,Black,Beige,,Yes,13500.0,400.0,5.6,8.0
Hyundai,Veloster Value Edition,2017,55359.0,Gasoline,1.6L I4 16V GDI DOHC,Automatic,Ironman Silver,Black,,,15599.0,,1.6,
Chevrolet,Silverado 1500 LT Extended Cab,2002,118500.0,Gasoline,285.0HP 5.3L 8 Cylinder Engine Gasoline Fuel,Automatic,Silver,Black,At least 1 accident or damage reported,Yes,5900.0,285.0,5.3,8.0
Rivian,R1S Launch Edition,2022,7800.0,,835.0HP Electric Motor Electric Fuel System,Automatic,Green,Black,,Yes,92500.0,835.0,,
Land,Rover Range Rover HSE SWB,2020,41500.0,Hybrid,395.0HP 3.0L Straight 6 Cylinder Engine Gasoline/Mild Electric Hybrid,Automatic,Gray,Gray,,Yes,68000.0,395.0,3.0,6.0
Bmw,M4 Base,2020,28000.0,Gasoline,425.0HP 3.0L Straight 6 Cylinder Engine Gasoline Fuel,Automatic,White,White,,Yes,59900.0,425.0,3.0,6.0
Mercedes-Benz,E-Class E 350,2014,53500.0,Gasoline,302.0HP 3.5L V6 Cylinder Engine Gasoline Fuel,Automatic,Black,Brown,,Yes,24500.0,302.0,3.5,6.0
Honda,Accord Hybrid Base,2021,33523.0,Hybrid,2.0L I4 16V MPFI DOHC Hybrid,Automatic,Lunar Silver Metallic,Gray,,,28748.0,,2.0,
Toyota,Prius v Three,2016,86300.0,Hybrid,134.0HP 1.8L 4 Cylinder Engine Gas/Electric Hybrid,Automatic,Gray,Black,At least 1 accident or damage reported,Yes,18000.0,134.0,1.8,4.0
Subaru,WRX Premium,2022,7738.0,Gasoline,271.0HP 2.4L 4 Cylinder Engine Gasoline Fuel,Dual Clutch,Orange,Black,At least 1 accident or damage reported,Yes,33000.0,271.0,2.4,4.0
Bentley,Bentayga Speed,2020,22001.0,Gasoline,6.0L W12 48V PDI DOHC Twin Turbo,Automatic,Beluga Black,Hotspur Hide,,Yes,173995.0,,6.0,
Ford,Explorer ST,2022,14361.0,Gasoline,400.0HP 3.0L V6 Cylinder Engine Gasoline Fuel,Automatic,Black,Black,,Yes,51500.0,400.0,3.0,6.0
Chevrolet,Suburban LT,2016,98000.0,E85 Flex Fuel,355.0HP 5.3L 8 Cylinder Engine Flex Fuel Capability,,Gray,Gray,At least 1 accident or damage reported,Yes,30000.0,355.0,5.3,8.0
Chevrolet,Silverado 1500 Limited Custom,2022,30455.0,Gasoline,2.7 Liter DOHC Turbo,Automatic,Summit White,Jet Black,,,37698.0,,2.7,
Ford,Explorer Platinum,2020,64552.0,Gasoline,3.0L V6 24V GDI DOHC Twin Turbo,Automatic,Iconic Silver Metallic,Ebony,At least 1 accident or damage reported,Yes,36750.0,,3.0,6.0
Lexus,RX 350 Base,2017,103866.0,Gasoline,295.0HP 3.5L V6 Cylinder Engine Gasoline Fuel,Automatic,Beige,Beige,At least 1 accident or damage reported,Yes,24700.0,295.0,3.5,6.0
Land,Rover Range Rover 3.0L V6 Supercharged HSE,2019,35650.0,Gasoline,380.0HP 3.0L V6 Cylinder Engine Gasoline Fuel,Automatic,Black,Black,At least 1 accident or damage reported,Yes,57999.0,380.0,3.0,6.0
Ford,Explorer Platinum,2021,64957.0,Gasoline,3.0L V6 24V GDI DOHC Twin Turbo,Automatic,Black,Light Slate,,Yes,39979.0,,3.0,6.0
Dodge,Challenger SRT8 392,2012,33700.0,,–,Manual,Black,Black,,Yes,33500.0,,,
Chevrolet,Equinox 2LT,2012,96653.0,Gasoline,264.0HP 3.0L V6 Cylinder Engine Gasoline Fuel,Automatic,Black,Brown,At least 1 accident or damage reported,Yes,7500.0,264.0,3.0,6.0
Dodge,Challenger SXT,2022,29500.0,Gasoline,303.0HP 3.6L V6 Cylinder Engine Gasoline Fuel,Automatic,Gray,Black,,Yes,31000.0,303.0,3.6,6.0
Porsche,911 Carrera,2021,7400.0,Gasoline,379.0HP 3.0L Flat 6 Cylinder Engine Gasoline Fuel,Automatic,Red,Black,,,116999.0,379.0,3.0,6.0
Volvo,XC70 T6 Platinum,2012,69000.0,Gasoline,300.0HP 3.0L Straight 6 Cylinder Engine Gasoline Fuel,Automatic,Silver,Black,At least 1 accident or damage reported,Yes,15900.0,300.0,3.0,6.0
Lexus,GX 470 Base,2005,198000.0,Gasoline,270.0HP 4.7L 8 Cylinder Engine Gasoline Fuel,Automatic,Gray,Gray,At least 1 accident or damage reported,Yes,15500.0,270.0,4.7,8.0
Porsche,911 Carrera GTS,2015,23600.0,Gasoline,430.0HP 3.8L Flat 6 Cylinder Engine Gasoline Fuel,Manual,Red,Black,,Yes,132900.0,430.0,3.8,6.0
Volvo,XC70 3.2,2008,170000.0,Gasoline,235.0HP 3.2L Straight 6 Cylinder Engine Gasoline Fuel,Automatic,White,Beige,,Yes,7000.0,235.0,3.2,6.0
Nissan,350Z NISMO,2008,76500.0,Gasoline,306.0HP 3.5L V6 Cylinder Engine Gasoline Fuel,Manual,Silver,Red,At least 1 accident or damage reported,Yes,28000.0,306.0,3.5,6.0
Porsche,911 Turbo,2007,73500.0,Gasoline,480.0HP 3.6L Flat 6 Cylinder Engine Gasoline Fuel,Automatic,Black,Black,,Yes,75499.0,480.0,3.6,6.0
Land,Rover Range Rover SWB,2020,29000.0,Hybrid,355.0HP 3.0L Straight 6 Cylinder Engine Gasoline/Mild Electric Hybrid,Automatic,Black,Black,,Yes,70000.0,355.0,3.0,6.0
Porsche,Cayenne E-Hybrid S Platinum Edition,2017,69404.0,Plug-In Hybrid,416.0HP 3.0L V6 Cylinder Engine Plug-In Electric/Gas,Automatic,Black,Beige,At least 1 accident or damage reported,Yes,29500.0,416.0,3.0,6.0
Lexus,IS 350 Base,2007,103000.0,Gasoline,306.0HP 3.5L V6 Cylinder Engine Gasoline Fuel,Automatic,Red,Beige,At least 1 accident or damage reported,Yes,12900.0,306.0,3.5,6.0
Porsche,Macan S,2015,70500.0,Gasoline,340.0HP 3.0L V6 Cylinder Engine Gasoline Fuel,Dual Clutch,Silver,Black,At least 1 accident or damage reported,Yes,26500.0,340.0,3.0,6.0
Land,Rover Range Rover 5.0L Supercharged,2016,64000.0,Gasoline,510.0HP 5.0L 8 Cylinder Engine Gasoline Fuel,Dual Clutch,White,White,,Yes,36995.0,510.0,5.0,8.0
Gmc,Savana 2500 Work Van,2018,63460.0,E85 Flex Fuel,341.0HP 6.0L 8 Cylinder Engine Flex Fuel Capability,Automatic,White,Beige,,Yes,33000.0,341.0,6.0,8.0
Toyota,4Runner SR5,2018,32199.0,Gasoline,270.0HP 4.0L V6 Cylinder Engine Gasoline Fuel,Automatic,Silver,Black,,Yes,35500.0,270.0,4.0,6.0
Hyundai,Palisade SEL,2020,69487.0,Gasoline,291.0HP 3.8L V6 Cylinder Engine Gasoline Fuel,Automatic,White,Black,,Yes,32000.0,291.0,3.8,6.0
Gmc,Sierra 2500 Denali,2015,86000.0,Diesel,397.0HP 6.6L 8 Cylinder Engine Diesel Fuel,Automatic,Gray,Brown,,Yes,49000.0,397.0,6.6,8.0
Genesis,GV70 3.5T Sport,2022,8730.0,Gasoline,3.5L V6 24V PDI DOHC Twin Turbo,Automatic,Alta White,Red,,,48219.0,,3.5,6.0
Dodge,Ram Van 1500,2002,70000.0,Gasoline,175.0HP 3.9L V6 Cylinder Engine Gasoline Fuel,Automatic,Red,Beige,At least 1 accident or damage reported,Yes,8000.0,175.0,3.9,6.0
Chevrolet,Impala 1LT,2017,70000.0,Gasoline,305.0HP 3.6L V6 Cylinder Engine Gasoline Fuel,Automatic,White,Gray,At least 1 accident or damage reported,Yes,17900.0,305.0,3.6,6.0
Audi,A4 2.0T Premium Plus,2015,83420.0,E85 Flex Fuel,220.0HP 2.0L 4 Cylinder Engine Flex Fuel Capability,Automatic,Red,Gray,At least 1 accident or damage reported,Yes,16000.0,220.0,2.0,4.0
Nissan,Altima 2.5 S,2003,189000.0,Gasoline,175.0HP 2.5L 4 Cylinder Engine Gasoline Fuel,Automatic,Silver,Beige,At least 1 accident or damage reported,Yes,2899.0,175.0,2.5,4.0
Porsche,911 Carrera 4S,2017,31500.0,Gasoline,420.0HP 3.0L Flat 6 Cylinder Engine Gasoline Fuel,Automatic,Blue,Red,,Yes,97555.0,420.0,3.0,6.0
Bmw,X1 xDrive 28i,2015,85766.0,Gasoline,240.0HP 2.0L 4 Cylinder Engine Gasoline Fuel,Automatic,Gray,Black,,Yes,13000.0,240.0,2.0,4.0
Gmc,Yukon Denali,2018,92800.0,Gasoline,420.0HP 6.2L 8 Cylinder Engine Gasoline Fuel,Automatic,White,Black,,Yes,34000.0,420.0,6.2,8.0
Land,Rover Defender SE,2021,13970.0,Hybrid,395.0HP 3.0L Straight 6 Cylinder Engine Gasoline/Mild Electric Hybrid,Automatic,Gray,Black,,Yes,75500.0,395.0,3.0,6.0
Porsche,911 Turbo S,2023,154.0,Gasoline,3.8L H6 24V GDI DOHC Twin Turbo,Automatic,Python Green,Black,,,274900.0,,3.8,
Toyota,Land Cruiser Base,2000,265000.0,Gasoline,230.0HP 4.7L 8 Cylinder Engine Gasoline Fuel,Automatic,Black,Beige,,Yes,15500.0,230.0,4.7,8.0
Scion,xB Base,2011,95426.0,Gasoline,158.0HP 2.4L 4 Cylinder Engine Gasoline Fuel,Automatic,Green,Gray,,Yes,8000.0,158.0,2.4,4.0
Honda,S2000 Base,2001,119900.0,Gasoline,240.0HP 2.0L 4 Cylinder Engine Gasoline Fuel,Manual,Black,Red,At least 1 accident or damage reported,Yes,18000.0,240.0,2.0,4.0
Mazda,CX-30 Select,2020,23162.0,Gasoline,2.5L I4 16V GDI DOHC,Automatic,Soul Red Crystal Metallic,Black,,Yes,25495.0,,2.5,
Bmw,M4 Competition,2023,3950.0,Gasoline,503.0HP 3.0L Straight 6 Cylinder Engine Gasoline Fuel,Automatic,White,Blue,,Yes,83500.0,503.0,3.0,6.0
Porsche,911 Carrera 4S,2006,80000.0,Gasoline,355.0HP 3.8L Flat 6 Cylinder Engine Gasoline Fuel,Manual,Black,Beige,,Yes,43000.0,355.0,3.8,6.0
Ford,F-250 Lariat,2015,94634.0,E85 Flex Fuel,385.0HP 6.2L 8 Cylinder Engine Flex Fuel Capability,Automatic,White,Black,At least 1 accident or damage reported,Yes,32500.0,385.0,6.2,8.0
Chevrolet,Corvette Base,2007,65000.0,Gasoline,400.0HP 6.0L 8 Cylinder Engine Gasoline Fuel,Automatic,Silver,Beige,At least 1 accident or damage reported,Yes,33885.0,400.0,6.0,8.0
Lexus,LS 460 L,2008,100000.0,Gasoline,380.0HP 4.6L 8 Cylinder Engine Gasoline Fuel,Automatic,Black,Black,At least 1 accident or damage reported,Yes,11500.0,380.0,4.6,8.0
Toyota,Sienna XSE 25th Anniversary,2023,500.0,Hybrid,245.0HP 2.5L 4 Cylinder Engine Gas/Electric Hybrid,Automatic,White,Black,,Yes,59500.0,245.0,2.5,4.0
Mercedes-Benz,AMG G 63 Base,2021,7856.0,Gasoline,4.0L V8 32V GDI DOHC Twin Turbo,Automatic,China Blue,Black,,Yes,425000.0,,4.0,8.0
Audi,A4 2.0T Premium quattro,2011,181000.0,Gasoline,211.0HP 2.0L 4 Cylinder Engine Gasoline Fuel,Automatic,White,Black,,Yes,5500.0,211.0,2.0,4.0
Mercedes-Benz,GLC 300 Base 4MATIC,2018,48700.0,Gasoline,241.0HP 2.0L 4 Cylinder Engine Gasoline Fuel,Automatic,Blue,Brown,,Yes,27900.0,241.0,2.0,4.0
Porsche,911 Turbo Cabriolet,2009,13500.0,Gasoline,480.0HP 3.6L Flat 6 Cylinder Engine Gasoline Fuel,Manual,Gray,Black,,Yes,130000.0,480.0,3.6,6.0
Toyota,86 860 Special Edition,2017,87500.0,Gasoline,200.0HP 2.0L 4 Cylinder Engine Gasoline Fuel,Automatic,Silver,Black,,Yes,20000.0,200.0,2.0,4.0
Jaguar,XJ8 L,2000,45000.0,Gasoline,290.0HP 4.0L 8 Cylinder Engine Gasoline Fuel,Automatic,Silver,Beige,,Yes,12500.0,290.0,4.0,8.0
Chevrolet,Corvette Base,1996,85760.0,Gasoline,300.0HP 5.7L 8 Cylinder Engine Gasoline Fuel,Automatic,Silver,Black,,Yes,14500.0,300.0,5.7,8.0
Tesla,Model 3 Long Range,2018,36187.0,,271.0HP Electric Motor Electric Fuel System,Automatic,White,Black,,Yes,28895.0,271.0,,
Hyundai,Tucson SEL,2022,13666.0,Gasoline,2.5L I4 16V PDI DOHC,Automatic,Portofino Gray,Black,,,27999.0,,2.5,
Porsche,911 Carrera S,2007,50500.0,Gasoline,355.0HP 3.8L Flat 6 Cylinder Engine Gasoline Fuel,Manual,Silver,Black,,Yes,56000.0,355.0,3.8,6.0
Lincoln,Nautilus Reserve,2021,19291.0,Gasoline,2.0L I4 16V GDI DOHC Turbo,Automatic,Black,Ebony,,,44340.0,,2.0,
Ford,Mustang Boss 302,2012,1295.0,Gasoline,444.0HP 5.0L 8 Cylinder Engine Gasoline Fuel,Manual,Silver,Black,,Yes,49990.0,444.0,5.0,8.0
Cadillac,Escalade Premium Luxury,2017,55000.0,Gasoline,420.0HP 6.2L 8 Cylinder Engine Gasoline Fuel,Automatic,White,Beige,At least 1 accident or damage reported,Yes,49900.0,420.0,6.2,8.0
Mini,Cooper Base,2010,74000.0,Gasoline,118.0HP 1.6L 4 Cylinder Engine Gasoline Fuel,Manual,Yellow,Black,,Yes,9650.0,118.0,1.6,4.0
Dodge,Durango R/T,2022,14976.0,Gasoline,5.7L V8 16V MPFI OHV,Automatic,White Knuckle Clearcoat,Black,,Yes,49999.0,,5.7,8.0
Bmw,X5 xDrive35i,2018,25348.0,Gasoline,3.0L I6 24V GDI DOHC Turbo,Automatic,Imperial Blue Metallic,Black,At least 1 accident or damage reported,,33889.0,,3.0,
Chevrolet,Corvette Base,2010,23133.0,Gasoline,430.0HP 6.2L 8 Cylinder Engine Gasoline Fuel,Manual,White,Black,,Yes,35000.0,430.0,6.2,8.0
Jaguar,XE 20d Prestige,2018,34322.0,Diesel,2.0 Liter,Automatic,Blue,Beige,,,29998.0,,2.0,
Dodge,Challenger R/T,2021,39960.0,Gasoline,375.0HP 5.7L 8 Cylinder Engine Gasoline Fuel,Automatic,White,Gray,At least 1 accident or damage reported,Yes,28500.0,375.0,5.7,8.0
Bmw,550 i xDrive,2016,76400.0,Gasoline,445.0HP 4.4L 8 Cylinder Engine Gasoline Fuel,Automatic,Black,Black,At least 1 accident or damage reported,Yes,31300.0,445.0,4.4,8.0
Ford,Explorer XLT,2022,18533.0,Gasoline,2.3L I4 16V GDI DOHC Turbo,Automatic,White,Ebony,,Yes,38978.0,,2.3,
Gmc,Yukon XL Denali,2023,7500.0,Gasoline,420.0HP 6.2L 8 Cylinder Engine Gasoline Fuel,Automatic,Gray,Black,,Yes,92888.0,420.0,6.2,8.0
Infiniti,QX80 SENSORY,2022,26520.0,Gasoline,400.0HP 5.6L 8 Cylinder Engine Gasoline Fuel,Automatic,Blue,Brown,At least 1 accident or damage reported,Yes,64000.0,400.0,5.6,8.0
Land,Rover Range Rover 3.0L Supercharged,2014,59500.0,E85 Flex Fuel,340.0HP 3.0L V6 Cylinder Engine Flex Fuel Capability,Automatic,Red,Black,,Yes,33800.0,340.0,3.0,6.0
Honda,Pilot EX-L,2020,44000.0,Gasoline,280.0HP 3.5L V6 Cylinder Engine Gasoline Fuel,Automatic,White,Black,,Yes,34999.0,280.0,3.5,6.0
Pontiac,Firebird Base,2001,111000.0,Gasoline,200.0HP 3.8L V6 Cylinder Engine Gasoline Fuel,Automatic,White,Gray,,Yes,11000.0,200.0,3.8,6.0
Toyota,4Runner Limited,2016,82260.0,Gasoline,4.0L V6 24V MPFI DOHC,Automatic,Nautical Blue Pearl,Black,,Yes,31906.0,,4.0,6.0
Porsche,911 Carrera Cabriolet,2006,52744.0,Gasoline,325.0HP 3.6L Flat 6 Cylinder Engine Gasoline Fuel,Dual Clutch,Gray,Black,At least 1 accident or damage reported,Yes,37500.0,325.0,3.6,6.0
Bmw,i8 Base,2019,28200.0,Plug-In Hybrid,369.0HP 1.5L 3 Cylinder Engine Plug-In Electric/Gas,Dual Clutch,Gray,Beige,At least 1 accident or damage reported,Yes,79950.0,369.0,1.5,3.0
Nissan,Maxima GLE,2000,194277.0,Gasoline,222.0HP 3.0L V6 Cylinder Engine Gasoline Fuel,Automatic,Blue,Beige,At least 1 accident or damage reported,Yes,2300.0,222.0,3.0,6.0
Pontiac,Firebird Trans Am,2001,91812.0,Gasoline,310.0HP 5.7L 8 Cylinder Engine Gasoline Fuel,Automatic,Green,Black,,Yes,12850.0,310.0,5.7,8.0
Chevrolet,Suburban Premier,2018,84224.0,Gasoline,5.3L V8 16V GDI OHV,Automatic,Tungsten Metallic,Jet Black,,Yes,43775.0,,5.3,8.0
Bmw,X2 xDrive28i,2018,66690.0,Gasoline,228.0HP 2.0L 4 Cylinder Engine Gasoline Fuel,Dual Clutch,Gray,Black,At least 1 accident or damage reported,Yes,24900.0,228.0,2.0,4.0
Mercedes-Benz,AMG C 43 Base 4MATIC,2018,41500.0,Gasoline,362.0HP 3.0L V6 Cylinder Engine Gasoline Fuel,Automatic,White,Brown,At least 1 accident or damage reported,Yes,39848.0,362.0,3.0,6.0
Bmw,750 i xDrive,2014,85095.0,Gasoline,445.0HP 4.4L 8 Cylinder Engine Gasoline Fuel,Automatic,Black,Brown,At least 1 accident or damage reported,Yes,24900.0,445.0,4.4,8.0
Volvo,S60 T5 Premier Plus,2015,39000.0,Gasoline,250.0HP 2.5L 5 Cylinder Engine Gasoline Fuel,Dual Clutch,Silver,Gray,At least 1 accident or damage reported,Yes,17900.0,250.0,2.5,5.0
Tesla,Model Y Long Range,2022,20500.0,,425.0HP Electric Motor Electric Fuel System,Automatic,Gray,Black,,Yes,46500.0,425.0,,
Ford,F-350 Platinum,2019,112000.0,Diesel,450.0HP 6.7L 8 Cylinder Engine Diesel Fuel,Automatic,Black,Black,,Yes,61995.0,450.0,6.7,8.0
Volkswagen,ID.4 Pro S,2023,1716.0,,Battery Electric,Automatic,Gray,Gray w/Blue Bolsters,,,39998.0,,,
Audi,A3 2.0T Premium,2016,90360.0,Gasoline,220.0HP 2.0L 4 Cylinder Engine Gasoline Fuel,Automatic,Black,Black,At least 1 accident or damage reported,Yes,15499.0,220.0,2.0,4.0
Ford,Explorer Limited,2020,82146.0,Gasoline,2.3L I4 16V GDI DOHC Turbo,Automatic,Gray,Ebony,,Yes,30825.0,,2.3,
Ford,Mustang GT Premium,2020,16850.0,Gasoline,460.0HP 5.0L 8 Cylinder Engine Gasoline Fuel,Automatic,Blue,Black,At least 1 accident or damage reported,Yes,41000.0,460.0,5.0,8.0
Honda,S2000 Base,2003,101000.0,Gasoline,240.0HP 2.0L 4 Cylinder Engine Gasoline Fuel,Manual,Silver,Black,,Yes,28000.0,240.0,2.0,4.0
Bmw,M235 i,2015,68750.0,Gasoline,320.0HP 3.0L Straight 6 Cylinder Engine Gasoline Fuel,Manual,Red,Black,,Yes,25999.0,320.0,3.0,6.0
Lamborghini,Aventador S Base,2018,5858.0,Gasoline,729.0HP 6.5L 12 Cylinder Engine Gasoline Fuel,Automatic,White,Gray,,Yes,491836.0,729.0,6.5,12.0
Dodge,Durango SLT,2004,143000.0,Gasoline,335.0HP 5.7L 8 Cylinder Engine Gasoline Fuel,Automatic,Beige,Beige,,Yes,3200.0,335.0,5.7,8.0
Nissan,Armada LE,2005,152270.0,Gasoline,305.0HP 5.6L 8 Cylinder Engine Gasoline Fuel,Automatic,Green,Beige,At least 1 accident or damage reported,Yes,6900.0,305.0,5.6,8.0
Kia,Sorento S,2021,19605.0,Gasoline,2.5L I4 16V PDI DOHC,Automatic,Glacial White Pearl,Black,,,33591.0,,2.5,
Chevrolet,Silverado 1500 RST,2020,19200.0,Gasoline,355.0HP 5.3L 8 Cylinder Engine Gasoline Fuel,Automatic,Gray,Black,,Yes,69999.0,355.0,5.3,8.0
Chevrolet,Impala Base,2004,64500.0,Gasoline,180.0HP 3.4L V6 Cylinder Engine Gasoline Fuel,Automatic,Beige,Beige,,Yes,5900.0,180.0,3.4,6.0
Toyota,Tacoma PreRunner,2011,149000.0,Gasoline,236.0HP 4.0L V6 Cylinder Engine Gasoline Fuel,Automatic,Black,Beige,,Yes,18995.0,236.0,4.0,6.0
Mclaren,570S Spider,2018,5918.0,Gasoline,3.8L V8 32V MPFI DOHC Twin Turbo,Automatic,Silician Yellow,Jet Black,,,179900.0,,3.8,8.0
Pontiac,Firebird Trans Am,1997,134033.0,Gasoline,285.0HP 5.7L 8 Cylinder Engine Gasoline Fuel,Automatic,Red,Beige,At least 1 accident or damage reported,Yes,7200.0,285.0,5.7,8.0
Kia,Stinger GT1,2019,37226.0,Gasoline,"3.3L V-6 gasoline direct injection, DOHC, D-CVVT variable valve",Automatic,Snow White Pearl,Black,,,34998.0,,3.3,
Ford,Escape SE,2017,71924.0,Gasoline,179.0HP 1.5L 4 Cylinder Engine Gasoline Fuel,Automatic,Beige,Beige,,Yes,13700.0,179.0,1.5,4.0
Lamborghini,Huracan EVO Coupe,2021,5718.0,Gasoline,"5.2L V-10 gasoline direct injection, DOHC, variable valve contro",Automatic,Arancio Borealis,Nero Ade,,,279991.0,,5.2,
Jeep,Wrangler Unlimited Sport,2014,122200.0,Gasoline,285.0HP 3.6L V6 Cylinder Engine Gasoline Fuel,Automatic,Orange,Black,At least 1 accident or damage reported,Yes,21500.0,285.0,3.6,6.0
Land,Rover Range Rover Sport HST MHEV,2020,37248.0,Hybrid,395.0HP 3.0L Straight 6 Cylinder Engine Gasoline/Mild Electric Hybrid,Automatic,Silver,Black,,Yes,54500.0,395.0,3.0,6.0
Chevrolet,Silverado 1500 Base,1999,88750.0,Gasoline,255.0HP 4.8L 8 Cylinder Engine Gasoline Fuel,Automatic,White,Gray,,Yes,6800.0,255.0,4.8,8.0
Cadillac,XLR V,2008,64800.0,Gasoline,443.0HP 4.4L 8 Cylinder Engine Gasoline Fuel,Automatic,Black,Black,,,24700.0,443.0,4.4,8.0
Ford,Fusion Hybrid Titanium,2014,112180.0,Hybrid,2.0L I4 16V MPFI DOHC Hybrid,Automatic,White,Charcoal Black,,,12599.0,,2.0,
Ram,2500 SLT,2015,149130.0,Diesel,350.0HP 6.7L Straight 6 Cylinder Engine Diesel Fuel,Automatic,White,Black,At least 1 accident or damage reported,Yes,35000.0,350.0,6.7,6.0
Tesla,Model Y Long Range,2020,88000.0,,425.0HP Electric Motor Electric Fuel System,Automatic,Gray,White,,Yes,35500.0,425.0,,
Toyota,Highlander XLE,2018,74000.0,Gasoline,295.0HP 3.5L V6 Cylinder Engine Gasoline Fuel,Automatic,White,Black,,Yes,27950.0,295.0,3.5,6.0
Ford,F-150 XLT,2019,44460.0,Gasoline,325.0HP 2.7L V6 Cylinder Engine Gasoline Fuel,Automatic,Red,Gray,,Yes,34500.0,325.0,2.7,6.0
Gmc,Acadia SLE-2,2015,96000.0,Gasoline,281.0HP 3.6L V6 Cylinder Engine Gasoline Fuel,Automatic,Blue,Beige,,Yes,17000.0,281.0,3.6,6.0
Porsche,Boxster Base,2005,75000.0,Gasoline,240.0HP 2.7L Flat 6 Cylinder Engine Gasoline Fuel,Manual,Silver,Black,,,17500.0,240.0,2.7,6.0
Dodge,Charger R/T,2014,95000.0,Gasoline,370.0HP 5.7L 8 Cylinder Engine Gasoline Fuel,Dual Clutch,Black,Black,,Yes,17900.0,370.0,5.7,8.0
Land,Rover Range Rover Sport Supercharged HSE,2016,49799.0,Gasoline,340.0HP 3.0L V6 Cylinder Engine Gasoline Fuel,Automatic,Brown,Brown,,Yes,37500.0,340.0,3.0,6.0
Ford,Mustang GT,2006,27407.0,Gasoline,300.0HP 4.6L 8 Cylinder Engine Gasoline Fuel,Manual,Silver,Red,,Yes,21750.0,300.0,4.6,8.0
Alfa,Romeo Giulia Ti,2020,23339.0,Gasoline,2.0L I4 16V GDI SOHC Turbo,Automatic,Rosso,Black,,,34645.0,,2.0,
Tesla,Model S 90D,2016,74122.0,,417.0HP Electric Motor Electric Fuel System,Automatic,Black,Black,,Yes,35900.0,417.0,,
Jaguar,XK8 Base,1997,50000.0,Gasoline,290.0HP 4.0L 8 Cylinder Engine Gasoline Fuel,Automatic,White,Beige,,Yes,6000.0,290.0,4.0,8.0
Mercedes-Benz,GLC 300 GLC 300,2021,14745.0,Gasoline,2.0 Liter Turbo,Automatic,Graphite Grey,–,,,38998.0,,2.0,
Chevrolet,Corvette Stingray w/3LT,2021,2700.0,Gasoline,490.0HP 6.2L 8 Cylinder Engine Gasoline Fuel,Dual Clutch,Blue,Blue,,Yes,85950.0,490.0,6.2,8.0
Buick,Regal Turbo - Premium 1,2012,190000.0,Gasoline,220.0HP 2.0L 4 Cylinder Engine Gasoline Fuel,Automatic,Beige,Beige,At least 1 accident or damage reported,Yes,6000.0,220.0,2.0,4.0
Audi,A4 2.0T Premium,2014,90236.0,E85 Flex Fuel,220.0HP 2.0L 4 Cylinder Engine Flex Fuel Capability,Dual Clutch,Gray,Black,,Yes,9999.0,220.0,2.0,4.0
Jeep,Gladiator Overland,2020,4000.0,Gasoline,285.0HP 3.6L V6 Cylinder Engine Gasoline Fuel,Automatic,Silver,Black,,Yes,50000.0,285.0,3.6,6.0
Land,Rover Range Rover Westminster SWB,2022,2220.0,Hybrid,395.0HP 3.0L Straight 6 Cylinder Engine Gasoline/Mild Electric Hybrid,Automatic,Blue,White,,Yes,115999.0,395.0,3.0,6.0
Gmc,Yukon XL Denali,2017,124000.0,Gasoline,420.0HP 6.2L 8 Cylinder Engine Gasoline Fuel,Automatic,Gray,Beige,At least 1 accident or damage reported,Yes,32000.0,420.0,6.2,8.0
Ford,Ranger Lariat,2019,45163.0,Gasoline,2.3L I4 16V GDI DOHC Turbo,Automatic,Red,–,,Yes,35690.0,,2.3,
Volkswagen,Passat 2.0T SE,2020,49400.0,Gasoline,174.0HP 2.0L 4 Cylinder Engine Gasoline Fuel,Automatic,Black,Brown,,Yes,20900.0,174.0,2.0,4.0
Porsche,911 Carrera,2020,11256.0,Gasoline,379.0HP 3.0L Flat 6 Cylinder Engine Gasoline Fuel,Automatic,Red,Black,,Yes,124900.0,379.0,3.0,6.0
Chevrolet,Corvette Stingray w/1LT,2021,13700.0,Gasoline,490.0HP 6.2L 8 Cylinder Engine Gasoline Fuel,Automatic,White,Red,,Yes,75000.0,490.0,6.2,8.0
Land,Rover Range Rover HSE,2011,174678.0,Gasoline,230.0HP 3.2L Straight 6 Cylinder Engine Gasoline Fuel,Automatic,Black,Black,,Yes,9500.0,230.0,3.2,6.0
Lexus,RX 450h F Sport Handling,2022,1600.0,Hybrid,308.0HP 3.5L V6 Cylinder Engine Gas/Electric Hybrid,Automatic,White,Black,,Yes,59000.0,308.0,3.5,6.0
Porsche,911 GT3 RS,2019,15509.0,Gasoline,4.0L H6 24V GDI DOHC,Automatic,Lizard Green,Black,,,229900.0,,4.0,
Ford,Expedition Platinum,2020,69849.0,Gasoline,3.5L V6 24V GDI DOHC Twin Turbo,Automatic,Red,Ebony,,Yes,48149.0,,3.5,6.0
Toyota,Tacoma PreRunner,2008,160000.0,Gasoline,236.0HP 4.0L V6 Cylinder Engine Gasoline Fuel,Automatic,White,–,At least 1 accident or damage reported,Yes,17000.0,236.0,4.0,6.0
Toyota,Mirai Base,2016,40000.0,not supported,151.0HP Electric Motor Hydrogen Fuel,Automatic,Silver,Black,,Yes,9500.0,151.0,,
Ford,Explorer Sport Trac XLT,2007,228000.0,Gasoline,292.0HP 4.6L 8 Cylinder Engine Gasoline Fuel,Automatic,Red,Beige,At least 1 accident or damage reported,Yes,3850.0,292.0,4.6,8.0
Gmc,Sierra 1500 SLE1 Extended Cab,2008,187000.0,,–,Automatic,Red,Gray,At least 1 accident or damage reported,Yes,6100.0,,,
Mercedes-Benz,C-Class C 300 Luxury,2015,102000.0,Gasoline,241.0HP 2.0L 4 Cylinder Engine Gasoline Fuel,Automatic,Black,Black,,Yes,17000.0,241.0,2.0,4.0
Cadillac,SRX Standard,2016,48000.0,Gasoline,308.0HP 3.6L V6 Cylinder Engine Gasoline Fuel,Automatic,White,Black,At least 1 accident or damage reported,Yes,24995.0,308.0,3.6,6.0
Chrysler,Town & Country Touring-L,2012,163500.0,E85 Flex Fuel,283.0HP 3.6L V6 Cylinder Engine Flex Fuel Capability,Automatic,Gray,Beige,,Yes,5949.0,283.0,3.6,6.0
Porsche,911 Carrera,2023,1500.0,Gasoline,379.0HP 3.0L Flat 6 Cylinder Engine Gasoline Fuel,Automatic,Silver,Black,,Yes,149000.0,379.0,3.0,6.0
Porsche,718 Cayman GT4,2021,2100.0,Gasoline,414.0HP 4.0L Flat 6 Cylinder Engine Gasoline Fuel,Manual,Yellow,Black,,,136900.0,414.0,4.0,6.0
Ford,F-350 Lariat,2018,66281.0,Diesel,450.0HP 6.7L 8 Cylinder Engine Diesel Fuel,Dual Clutch,Gray,Black,,Yes,63500.0,450.0,6.7,8.0
Ford,Mustang Mach-E Select,2021,18000.0,,266.0HP Electric Motor Electric Fuel System,Automatic,Blue,Black,,Yes,39499.0,266.0,,
Ford,F-150 XL,2014,27300.0,Gasoline,365.0HP 3.5L V6 Cylinder Engine Gasoline Fuel,Automatic,Gray,Gray,,Yes,21500.0,365.0,3.5,6.0
Mazda,CX-30 Base,2020,19319.0,Gasoline,2.5L I4 16V GDI DOHC,Automatic,Snowflake White Pearl,Black,At least 1 accident or damage reported,Yes,24899.0,,2.5,
Mercedes-Benz,AMG G AMG G 63 4MATIC,2016,32936.0,Gasoline,563.0HP 5.5L 8 Cylinder Engine Gasoline Fuel,Dual Clutch,White,Beige,At least 1 accident or damage reported,Yes,90000.0,563.0,5.5,8.0
Bmw,M4 Base,2017,30450.0,Gasoline,425.0HP 3.0L Straight 6 Cylinder Engine Gasoline Fuel,Dual Clutch,White,Black,,Yes,52999.0,425.0,3.0,6.0
Jeep,Wrangler Sport,2017,38200.0,Gasoline,285.0HP 3.6L V6 Cylinder Engine Gasoline Fuel,Automatic,Red,–,,Yes,29500.0,285.0,3.6,6.0
Jeep,Wrangler Sport,2020,26315.0,Gasoline,2.0L I4 16V GDI DOHC Turbo,Automatic,Black Clearcoat,Black,,Yes,31871.0,,2.0,
Chevrolet,Silverado 1500 LS,2003,110000.0,Gasoline,270.0HP 4.8L 8 Cylinder Engine Gasoline Fuel,Automatic,Green,Beige,,Yes,8900.0,270.0,4.8,8.0
Mini,Hardtop Cooper,2014,19700.0,Gasoline,189.0HP 2.0L 4 Cylinder Engine Gasoline Fuel,Automatic,Silver,Black,,Yes,13500.0,189.0,2.0,4.0
Honda,Element EX,2008,192000.0,Gasoline,166.0HP 2.4L 4 Cylinder Engine Gasoline Fuel,Automatic,Black,Gray,At least 1 accident or damage reported,Yes,11000.0,166.0,2.4,4.0
Porsche,911 Carrera 4S,2017,26000.0,Gasoline,420.0HP 3.0L Flat 6 Cylinder Engine Gasoline Fuel,Dual Clutch,Gray,Red,,Yes,116911.0,420.0,3.0,6.0
Subaru,Impreza Outback Sport Wagon,2008,98313.0,Gasoline,170.0HP 2.5L 4 Cylinder Engine Gasoline Fuel,Automatic,Silver,Gray,,Yes,7495.0,170.0,2.5,4.0
Cadillac,XT5 Premium Luxury,2021,66500.0,Gasoline,310.0HP 3.6L V6 Cylinder Engine Gasoline Fuel,Automatic,Silver,Black,,Yes,28500.0,310.0,3.6,6.0
Nissan,Kicks S,2022,19877.0,Gasoline,1.6L I4 16V MPFI DOHC,Automatic,Super Black,Charcoal,,,18999.0,,1.6,
Kia,Seltos S,2021,16100.0,Gasoline,146.0HP 2.0L 4 Cylinder Engine Gasoline Fuel,Automatic,Blue,Black,,Yes,25500.0,146.0,2.0,4.0
Gmc,Yukon SLE,2016,83858.0,Gasoline,355.0HP 5.3L 8 Cylinder Engine Gasoline Fuel,Automatic,Blue,Gray,At least 1 accident or damage reported,Yes,27633.0,355.0,5.3,8.0
Mercedes-Benz,GLE 350 Base 4MATIC,2020,24108.0,Gasoline,255.0HP 2.0L 4 Cylinder Engine Gasoline Fuel,Automatic,Black,Black,,Yes,56000.0,255.0,2.0,4.0
Ford,Explorer XLT,2020,42609.0,Gasoline,2.3L I4 16V GDI DOHC Turbo,Automatic,Magnetic Metallic,Ebony,At least 1 accident or damage reported,Yes,32107.0,,2.3,
Subaru,Impreza 2.0i Premium,2017,160000.0,Gasoline,152.0HP 2.0L 4 Cylinder Engine Gasoline Fuel,Automatic,White,Beige,At least 1 accident or damage reported,Yes,7750.0,152.0,2.0,4.0
Infiniti,QX80 Base,2017,121525.0,Gasoline,400.0HP 5.6L 8 Cylinder Engine Gasoline Fuel,Automatic,Black,Black,At least 1 accident or damage reported,Yes,28500.0,400.0,5.6,8.0
Kia,Telluride S,2023,6423.0,Gasoline,291.0HP 3.8L V6 Cylinder Engine Gasoline Fuel,Automatic,Gray,Black,,Yes,42500.0,291.0,3.8,6.0
Pontiac,Solstice Base,2007,62310.0,Gasoline,177.0HP 2.4L 4 Cylinder Engine Gasoline Fuel,Automatic,Gray,Black,,Yes,12900.0,177.0,2.4,4.0
Mazda,Mazda6 Carbon Edition,2021,21444.0,Gasoline,2.5L I4 16V,Automatic,Polymetal Gray Metallic,Red,,Yes,29995.0,,2.5,
Ford,Transit-350 Base,2015,112000.0,Gasoline,310.0HP 3.5L V6 Cylinder Engine Gasoline Fuel,Automatic,White,Gray,At least 1 accident or damage reported,Yes,29500.0,310.0,3.5,6.0
Hyundai,Genesis Coupe 3.8 Grand Touring,2013,60000.0,Gasoline,344.0HP 3.8L V6 Cylinder Engine Gasoline Fuel,Automatic,White,–,,Yes,16500.0,344.0,3.8,6.0
Dodge,Dart SE,2013,153250.0,Gasoline,160.0HP 1.4L 4 Cylinder Engine Gasoline Fuel,Automatic,Silver,Black,,Yes,4399.0,160.0,1.4,4.0
Jeep,Wrangler Unlimited Sahara,2019,57000.0,Gasoline,285.0HP 3.6L V6 Cylinder Engine Gasoline Fuel,Automatic,Gray,Black,,Yes,39900.0,285.0,3.6,6.0
Chevrolet,Tahoe LTZ,2011,140401.0,E85 Flex Fuel,320.0HP 5.3L 8 Cylinder Engine Flex Fuel Capability,Automatic,Red,Beige,At least 1 accident or damage reported,Yes,16000.0,320.0,5.3,8.0
Ford,F-150 Tremor,2023,5500.0,Gasoline,400.0HP 3.5L V6 Cylinder Engine Gasoline Fuel,Automatic,Gray,Black,,Yes,70000.0,400.0,3.5,6.0
Chevrolet,Corvette Stingray w/2LT,2022,2010.0,Gasoline,490.0HP 6.2L 8 Cylinder Engine Gasoline Fuel,Dual Clutch,Gray,Brown,,Yes,89000.0,490.0,6.2,8.0
Tesla,Model 3 Long Range,2018,24360.0,,271.0HP Electric Motor Electric Fuel System,Automatic,Black,White,,Yes,31500.0,271.0,,
Audi,A4 2.0T Premium,2013,96800.0,Gasoline,211.0HP 2.0L 4 Cylinder Engine Gasoline Fuel,Automatic,Gray,Black,At least 1 accident or damage reported,Yes,11000.0,211.0,2.0,4.0
Cadillac,CTS Performance,2014,34988.0,Gasoline,318.0HP 3.6L V6 Cylinder Engine Gasoline Fuel,Automatic,Red,Black,,Yes,21500.0,318.0,3.6,6.0
Nissan,Frontier SV,2012,65750.0,Gasoline,261.0HP 4.0L V6 Cylinder Engine Gasoline Fuel,Automatic,Black,Gray,At least 1 accident or damage reported,Yes,15995.0,261.0,4.0,6.0
Chevrolet,Silverado 1500 LTZ,2019,56654.0,Gasoline,6.2L V8 16V GDI OHV,Automatic,Cajun Red Tintcoat,Jet Black,,Yes,43860.0,,6.2,8.0
Lincoln,MKT Base,2016,140200.0,Gasoline,303.0HP 3.7L V6 Cylinder Engine Gasoline Fuel,Automatic,Black,Black,,Yes,10500.0,303.0,3.7,6.0
Chevrolet,Cruze LT Automatic,2016,122971.0,Gasoline,1.4L I4 16V GDI DOHC Turbo,Automatic,Kinetic Blue,Jet Black,At least 1 accident or damage reported,Yes,12999.0,,1.4,
Nissan,Xterra S,2008,227010.0,Gasoline,261.0HP 4.0L V6 Cylinder Engine Gasoline Fuel,Automatic,Gray,Gray,,Yes,3850.0,261.0,4.0,6.0
Ford,F-150 Lariat SuperCrew,2004,271000.0,Gasoline,300.0HP 5.4L 8 Cylinder Engine Gasoline Fuel,Automatic,Red,Beige,At least 1 accident or damage reported,Yes,9500.0,300.0,5.4,8.0
Porsche,911 Turbo,2022,13800.0,Gasoline,572.0HP 3.8L Flat 6 Cylinder Engine Gasoline Fuel,Automatic,Gray,Red,,Yes,234000.0,572.0,3.8,6.0
Dodge,Ram 2500 Quad Cab,2001,171079.0,Diesel,245.0HP 5.9L Straight 6 Cylinder Engine Diesel Fuel,Automatic,Silver,Gray,,Yes,27500.0,245.0,5.9,6.0
Chevrolet,Colorado ZR2,2021,24915.0,Gasoline,3.6L V6 24V GDI DOHC,Automatic,Satin Steel Metallic,Jet Black,,,44791.0,,3.6,6.0
Nissan,Kicks S,2022,15577.0,Gasoline,1.6L I4 16V MPFI DOHC,Automatic,Electric Blue Metallic,Charcoal,,,19599.0,,1.6,
Audi,S4 3.0T Premium Plus,2014,102370.0,Gasoline,333.0HP 3.0L V6 Cylinder Engine Gasoline Fuel,Automatic,Gray,Black,,Yes,21373.0,333.0,3.0,6.0
Lamborghini,Gallardo LP570-4 Superleggera,2011,16000.0,Gasoline,562.0HP 5.2L 10 Cylinder Engine Gasoline Fuel,Dual Clutch,Yellow,Black,,Yes,229000.0,562.0,5.2,10.0
Mercedes-Benz,C-Class C 250 Luxury,2012,122000.0,Gasoline,201.0HP 1.8L 4 Cylinder Engine Gasoline Fuel,Automatic,White,White,,Yes,15000.0,201.0,1.8,4.0
Fiat,500X Trekking Plus,2016,48500.0,Gasoline,180.0HP 2.4L 4 Cylinder Engine Gasoline Fuel,Automatic,Yellow,Brown,,Yes,15999.0,180.0,2.4,4.0
Ford,F-150 XLT,2018,53500.0,Gasoline,325.0HP 2.7L V6 Cylinder Engine Gasoline Fuel,Automatic,Brown,Beige,At least 1 accident or damage reported,Yes,31500.0,325.0,2.7,6.0
Ford,F-250 XL Crew Cab Super Duty,2004,315000.0,Diesel,325.0HP 6.0L 8 Cylinder Engine Diesel Fuel,Automatic,White,Gray,,Yes,9200.0,325.0,6.0,8.0
Ford,E350 Super Duty Base,2006,158000.0,Gasoline,305.0HP 6.8L 10 Cylinder Engine Gasoline Fuel,Automatic,White,Gray,At least 1 accident or damage reported,Yes,8500.0,305.0,6.8,10.0
Kia,Sorento SXL,2019,43850.0,Gasoline,290.0HP 3.3L V6 Cylinder Engine Gasoline Fuel,Automatic,Black,Black,At least 1 accident or damage reported,Yes,30000.0,290.0,3.3,6.0
Mercedes-Benz,C-Class C 300 4MATIC Sport,2015,73500.0,Gasoline,241.0HP 2.0L 4 Cylinder Engine Gasoline Fuel,Automatic,White,Black,,Yes,19000.0,241.0,2.0,4.0
Nissan,Altima 2.5 SL,2014,153350.0,Gasoline,182.0HP 2.5L 4 Cylinder Engine Gasoline Fuel,Automatic,Black,Black,At least 1 accident or damage reported,Yes,9000.0,182.0,2.5,4.0
Volkswagen,Tiguan 2.0T SEL Premium R-Line,2019,74000.0,Gasoline,184.0HP 2.0L 4 Cylinder Engine Gasoline Fuel,Automatic,White,Silver,,Yes,25500.0,184.0,2.0,4.0
Bmw,328 i xDrive,2013,52000.0,Gasoline,240.0HP 2.0L 4 Cylinder Engine Gasoline Fuel,Dual Clutch,White,Beige,,Yes,17500.0,240.0,2.0,4.0
Audi,Q4 e-tron 50 Premium Plus,2022,250.0,,295.0HP Electric Motor Electric Fuel System,Automatic,Gray,Black,,Yes,52000.0,295.0,,
Nissan,Pathfinder S,2017,145000.0,Gasoline,284.0HP 3.5L V6 Cylinder Engine Gasoline Fuel,Automatic,Silver,Gray,At least 1 accident or damage reported,Yes,8500.0,284.0,3.5,6.0
Subaru,Ascent Touring 7-Passenger,2020,40971.0,Gasoline,260.0HP 2.4L 4 Cylinder Engine Gasoline Fuel,Dual Clutch,Blue,Brown,,Yes,32500.0,260.0,2.4,4.0
Ford,E350 Super Duty XLT,2010,248000.0,E85 Flex Fuel,255.0HP 5.4L 8 Cylinder Engine Flex Fuel Capability,Automatic,Silver,Beige,At least 1 accident or damage reported,Yes,14000.0,255.0,5.4,8.0
Gmc,HUMMER EV Edition 1,2023,940.0,,Electric Motor Electric Fuel System,Automatic,White,Black,,,146000.0,,,
Bmw,M3 CS,2018,38000.0,Gasoline,453.0HP 3.0L Straight 6 Cylinder Engine Gasoline Fuel,Automatic,White,Black,,Yes,60500.0,453.0,3.0,6.0
Acura,TLX V6 Advance,2016,128000.0,Gasoline,290.0HP 3.5L V6 Cylinder Engine Gasoline Fuel,Automatic,Gray,Black,,Yes,19500.0,290.0,3.5,6.0
Chevrolet,Silverado 1500 ZR2,2022,7455.0,Gasoline,6.2L V8 16V GDI OHV,Automatic,Glacier Blue Metallic,Jet Black,,,68990.0,,6.2,8.0
Jeep,Wrangler SE,1999,137790.0,Gasoline,120.0HP 2.5L 4 Cylinder Engine Gasoline Fuel,Manual,Red,–,,Yes,12000.0,120.0,2.5,4.0
Ford,Edge Sport,2016,92000.0,Gasoline,315.0HP 2.7L V6 Cylinder Engine Gasoline Fuel,Automatic,White,Black,,Yes,19995.0,315.0,2.7,6.0
Porsche,911 Carrera Cabriolet,2001,21450.0,Gasoline,300.0HP 3.4L Flat 6 Cylinder Engine Gasoline Fuel,Manual,Black,Black,,Yes,36000.0,300.0,3.4,6.0
Nissan,Murano SL,2021,43875.0,Gasoline,3.5L V6 24V MPFI DOHC,Automatic,Magnetic Black,Graphite,At least 1 accident or damage reported,,29725.0,,3.5,6.0
Pontiac,G8 GT,2009,81327.0,Gasoline,355.0HP 6.0L 8 Cylinder Engine Gasoline Fuel,Dual Clutch,Black,Black,,Yes,17500.0,355.0,6.0,8.0
Mercedes-Benz,E-Class E 350,2021,72836.0,Gasoline,255.0HP 2.0L 4 Cylinder Engine Gasoline Fuel,Automatic,White,Beige,,Yes,41000.0,255.0,2.0,4.0
Mclaren,720S Performance,2020,5072.0,Gasoline,4.0L V8 32V MPFI DOHC Twin Turbo,Automatic,Black,Red,,Yes,279950.0,,4.0,8.0
Jeep,Commander Sport,2007,161900.0,E85 Flex Fuel,235.0HP 4.7L 8 Cylinder Engine Flex Fuel Capability,Automatic,Blue,Gray,At least 1 accident or damage reported,Yes,4800.0,235.0,4.7,8.0
Audi,A5 45 S line Premium Plus,2022,24500.0,Hybrid,261.0HP 2.0L 4 Cylinder Engine Gasoline/Mild Electric Hybrid,Dual Clutch,White,Black,,Yes,47000.0,261.0,2.0,4.0
Bmw,M550 i xDrive,2018,14993.0,Gasoline,456.0HP 4.4L 8 Cylinder Engine Gasoline Fuel,Automatic,Gray,Black,,Yes,44900.0,456.0,4.4,8.0
Volkswagen,Jetta 1.4T R-Line,2019,96000.0,Gasoline,147.0HP 1.4L 4 Cylinder Engine Gasoline Fuel,Automatic,Orange,White,At least 1 accident or damage reported,Yes,14980.0,147.0,1.4,4.0
Porsche,Taycan 4S,2022,7900.0,,482.0HP Electric Motor Electric Fuel System,Automatic,Red,–,,Yes,108000.0,482.0,,
Cadillac,CTS 2.0L Turbo Luxury,2019,35566.0,Gasoline,265.0HP 2.0L 4 Cylinder Engine Gasoline Fuel,Automatic,White,Beige,At least 1 accident or damage reported,Yes,26000.0,265.0,2.0,4.0
Lexus,IS-F Base,2008,113000.0,Gasoline,416.0HP 5.0L 8 Cylinder Engine Gasoline Fuel,Automatic,Black,Black,At least 1 accident or damage reported,Yes,34000.0,416.0,5.0,8.0
Ford,Explorer XLT,2022,20678.0,Gasoline,300.0HP 2.3L 4 Cylinder Engine Gasoline Fuel,Automatic,Red,Black,,Yes,46000.0,300.0,2.3,4.0
Porsche,911 Turbo Cabriolet,2008,10900.0,Gasoline,480.0HP 3.6L Flat 6 Cylinder Engine Gasoline Fuel,Manual,Black,Black,,Yes,129000.0,480.0,3.6,6.0
Buick,LaCrosse Leather,2012,19079.0,Hybrid,182.0HP 2.4L 4 Cylinder Engine Gasoline/Mild Electric Hybrid,Automatic,Gold,Beige,,Yes,15995.0,182.0,2.4,4.0
Mazda,RX-8 Sport,2008,155500.0,Gasoline,212.0HP 1.3L Rotary engine Gasoline Fuel,Automatic,Blue,Black,At least 1 accident or damage reported,Yes,6800.0,212.0,1.3,
Ford,Mustang GT Premium,2019,35500.0,Gasoline,460.0HP 5.0L 8 Cylinder Engine Gasoline Fuel,Automatic,White,Black,,Yes,32300.0,460.0,5.0,8.0
Mazda,Mazda6 Touring,2021,52253.0,Gasoline,2.5L I4 16V GDI DOHC,Automatic,Snowflake White Pearl,Black,At least 1 accident or damage reported,Yes,25215.0,,2.5,
Ford,Ranger Edge SuperCab,2004,110000.0,Gasoline,148.0HP 3.0L V6 Cylinder Engine Gasoline Fuel,Automatic,White,Gray,At least 1 accident or damage reported,Yes,8500.0,148.0,3.0,6.0
Volkswagen,Golf GTI 2.0T SE w/Performance Package 4-Door,2016,59250.0,Gasoline,220.0HP 2.0L 4 Cylinder Engine Gasoline Fuel,Dual Clutch,Gray,Black,,Yes,18999.0,220.0,2.0,4.0
Ford,Thunderbird Deluxe,2004,39000.0,Gasoline,280.0HP 3.9L 8 Cylinder Engine Gasoline Fuel,Automatic,Black,Beige,,,22000.0,280.0,3.9,8.0
Hummer,H2 Base,2008,155000.0,Gasoline,393.0HP 6.2L 8 Cylinder Engine Gasoline Fuel,Automatic,Green,Black,At least 1 accident or damage reported,Yes,37000.0,393.0,6.2,8.0
Bmw,X5 sDrive35i,2017,39250.0,Gasoline,300.0HP 3.0L Straight 6 Cylinder Engine Gasoline Fuel,Automatic,Black,Beige,,Yes,28900.0,300.0,3.0,6.0
Bmw,X3 xDrive30i,2020,23647.0,Gasoline,2.0L I4 16V GDI DOHC Turbo,Automatic,Black Sapphire Metallic,Canberra Beige,,Yes,37998.0,,2.0,
Hyundai,Accent GLS,2014,127941.0,Gasoline,138.0HP 1.6L 4 Cylinder Engine Gasoline Fuel,Automatic,Silver,Gray,,Yes,7500.0,138.0,1.6,4.0
Ram,1500 Big Horn,2014,124000.0,Gasoline,395.0HP 5.7L 8 Cylinder Engine Gasoline Fuel,Automatic,Black,Black,,Yes,24850.0,395.0,5.7,8.0
Ford,Bronco Heritage Edition Advanced,2023,1500.0,Gasoline,275.0HP 2.3L 4 Cylinder Engine Gasoline Fuel,Manual,Red,–,,Yes,60000.0,275.0,2.3,4.0
Mini,Countryman Cooper S ALL4,2014,70700.0,Gasoline,181.0HP 1.6L 4 Cylinder Engine Gasoline Fuel,Automatic,White,Black,,Yes,15750.0,181.0,1.6,4.0
Cadillac,Escalade Premium,2013,113395.0,E85 Flex Fuel,403.0HP 6.2L 8 Cylinder Engine Flex Fuel Capability,Automatic,Beige,Beige,At least 1 accident or damage reported,Yes,18800.0,403.0,6.2,8.0
Mercedes-Benz,GLE 350 GLE 350,2022,18815.0,Gasoline,2.0 Liter Turbo,Automatic,Black,Black,,,61998.0,,2.0,
Toyota,4Runner Limited,2014,65000.0,Gasoline,270.0HP 4.0L V6 Cylinder Engine Gasoline Fuel,Automatic,Gray,Red,,Yes,27999.0,270.0,4.0,6.0
Audi,A8 L 55,2019,23350.0,Hybrid,335.0HP 3.0L V6 Cylinder Engine Gasoline/Mild Electric Hybrid,Dual Clutch,Black,Brown,,Yes,48000.0,335.0,3.0,6.0
Lexus,ES 350 Base,2019,39000.0,Gasoline,302.0HP 3.5L V6 Cylinder Engine Gasoline Fuel,Dual Clutch,Black,Red,At least 1 accident or damage reported,Yes,34000.0,302.0,3.5,6.0
Toyota,4Runner Limited Nightshade,2019,48842.0,Gasoline,4.0L V6 24V MPFI DOHC,Automatic,White,–,At least 1 accident or damage reported,Yes,39857.0,,4.0,6.0
Fiat,500 Sport,2015,47800.0,Gasoline,101.0HP 1.4L 4 Cylinder Engine Gasoline Fuel,Automatic,Black,Black,At least 1 accident or damage reported,Yes,11500.0,101.0,1.4,4.0
Ford,Maverick XLT,2022,52000.0,Hybrid,191.0HP 2.5L 4 Cylinder Engine Gas/Electric Hybrid,,Blue,Gray,,Yes,28000.0,191.0,2.5,4.0
Ford,Mustang GT,2006,16000.0,Gasoline,300.0HP 4.6L 8 Cylinder Engine Gasoline Fuel,Automatic,Silver,Black,,Yes,22000.0,300.0,4.6,8.0
Jeep,Wrangler Sport,2023,7102.0,Gasoline,2.0L I4 16V GDI DOHC Turbo,Automatic,Bright White Clearcoat,Black,,Yes,40995.0,,2.0,
Jeep,Grand Cherokee Limited,2015,157000.0,E85 Flex Fuel,290.0HP 3.6L V6 Cylinder Engine Flex Fuel Capability,Automatic,White,Black,,Yes,17000.0,290.0,3.6,6.0
Ford,Mustang Mach-E GT,2023,9095.0,,480.0HP Electric Motor Electric Fuel System,Automatic,Orange,Gray,,Yes,59000.0,480.0,,
Jeep,Compass Sport,2010,179700.0,Gasoline,172.0HP 2.4L 4 Cylinder Engine Gasoline Fuel,Automatic,Black,Gray,At least 1 accident or damage reported,Yes,4500.0,172.0,2.4,4.0
Lexus,LS 430 Base,2006,170000.0,Gasoline,278.0HP 4.3L 8 Cylinder Engine Gasoline Fuel,Automatic,Silver,Gray,,Yes,7500.0,278.0,4.3,8.0
Rolls-Royce,Cullinan,2022,3420.0,Gasoline,6.7L V12 48V GDI DOHC Twin Turbo,Automatic,Red,Black,,Yes,399950.0,,6.7,12.0
Ford,F-250 King Ranch,2021,93400.0,Diesel,475.0HP 6.7L 8 Cylinder Engine Diesel Fuel,Automatic,Red,Brown,,,69995.0,475.0,6.7,8.0
Bmw,X5 xDrive50i,2011,110000.0,Gasoline,400.0HP 4.4L 8 Cylinder Engine Gasoline Fuel,Dual Clutch,White,Blue,At least 1 accident or damage reported,Yes,12000.0,400.0,4.4,8.0
Porsche,911 Carrera,2016,22500.0,Gasoline,350.0HP 3.4L Flat 6 Cylinder Engine Gasoline Fuel,Automatic,Gray,Beige,,Yes,78000.0,350.0,3.4,6.0
Ford,Focus ST Base,2013,20800.0,Gasoline,252.0HP 2.0L 4 Cylinder Engine Gasoline Fuel,Manual,Yellow,Gray,,Yes,19795.0,252.0,2.0,4.0
Lexus,ES 300h Base,2018,100868.0,Hybrid,200.0HP 2.5L 4 Cylinder Engine Gas/Electric Hybrid,,White,Beige,At least 1 accident or damage reported,Yes,23400.0,200.0,2.5,4.0
Volkswagen,CC Sport,2012,131986.0,Gasoline,200.0HP 2.0L 4 Cylinder Engine Gasoline Fuel,Manual,White,Black,At least 1 accident or damage reported,Yes,9000.0,200.0,2.0,4.0
Volkswagen,Golf SportWagen TSI S 4-Door,2016,127770.0,Gasoline,170.0HP 1.8L 4 Cylinder Engine Gasoline Fuel,Manual,White,Beige,,Yes,13800.0,170.0,1.8,4.0
Porsche,911 Carrera S,2013,56985.0,Gasoline,400.0HP 3.8L Flat 6 Cylinder Engine Gasoline Fuel,Automatic,Blue,Gray,,Yes,65900.0,400.0,3.8,6.0
Toyota,Prius Plug-in Base,2014,106000.0,Plug-In Hybrid,134.0HP 1.8L 4 Cylinder Engine Plug-In Electric/Gas,Automatic,Green,Beige,At least 1 accident or damage reported,Yes,11800.0,134.0,1.8,4.0
Ford,F-250 XLT,2019,92671.0,Diesel,450.0HP 6.7L 8 Cylinder Engine Diesel Fuel,Automatic,Black,Black,At least 1 accident or damage reported,Yes,50000.0,450.0,6.7,8.0
Mercedes-Benz,S-Class S 560 4MATIC,2019,49500.0,Gasoline,463.0HP 4.0L 8 Cylinder Engine Gasoline Fuel,Automatic,Black,Beige,,Yes,55900.0,463.0,4.0,8.0
Porsche,911 Carrera,2020,16741.0,Gasoline,379.0HP 3.0L Flat 6 Cylinder Engine Gasoline Fuel,Automatic,Green,Black,,Yes,112500.0,379.0,3.0,6.0
Ford,Mustang GT,2011,133504.0,Gasoline,412.0HP 5.0L 8 Cylinder Engine Gasoline Fuel,Manual,Black,Black,,Yes,23500.0,412.0,5.0,8.0
Cadillac,CTS 2.0L Turbo Luxury,2019,20296.0,Gasoline,2.0L I4 16V GDI DOHC Turbo,Automatic,Red Obsession,Very Light Cashmere,,,30599.0,,2.0,
Volkswagen,Jetta 1.4T R-Line,2019,55234.0,Gasoline,1.4L I4 16V GDI DOHC Turbo,Automatic,Platinum Gray Metallic,Black / Gray,,,19290.0,,1.4,
Jeep,Wrangler X,2005,162482.0,Gasoline,190.0HP 4.0L Straight 6 Cylinder Engine Gasoline Fuel,Manual,Orange,Gray,,Yes,11000.0,190.0,4.0,6.0
Lincoln,LS V8,2002,42000.0,Gasoline,252.0HP 3.9L 8 Cylinder Engine Gasoline Fuel,Automatic,Silver,Black,At least 1 accident or damage reported,Yes,11000.0,252.0,3.9,8.0
Ford,F-150 Lightning LARIAT,2022,470.0,,563.0HP Electric Motor Electric Fuel System,Automatic,White,Gray,,Yes,71900.0,563.0,,
Mercedes-Benz,C-Class C55 AMG Sport,2006,98300.0,Gasoline,362.0HP 5.4L 8 Cylinder Engine Gasoline Fuel,Dual Clutch,Black,Black,At least 1 accident or damage reported,Yes,15900.0,362.0,5.4,8.0
Audi,S6 4.0T Prestige,2013,53900.0,Gasoline,420.0HP 4.0L 8 Cylinder Engine Gasoline Fuel,Automatic,Black,Black,,,27450.0,420.0,4.0,8.0
Bmw,335 i xDrive,2013,82849.0,Gasoline,300.0HP 3.0L Straight 6 Cylinder Engine Gasoline Fuel,Automatic,Red,Black,,Yes,19999.0,300.0,3.0,6.0
Porsche,911 Carrera 4S Cabriolet,2009,25500.0,Gasoline,385.0HP 3.8L Flat 6 Cylinder Engine Gasoline Fuel,Manual,Black,Black,,Yes,79995.0,385.0,3.8,6.0
Kia,Forte LXS,2020,53452.0,Gasoline,147.0HP 2.0L 4 Cylinder Engine Gasoline Fuel,Automatic,Silver,Black,At least 1 accident or damage reported,Yes,16995.0,147.0,2.0,4.0
Chevrolet,Corvette Base,2004,40011.0,Gasoline,350.0HP 5.7L 8 Cylinder Engine Gasoline Fuel,Automatic,Red,Black,,Yes,23500.0,350.0,5.7,8.0
Hyundai,Santa Fe Sport 2.0L Turbo,2018,45800.0,Gasoline,240.0HP 2.0L 4 Cylinder Engine Gasoline Fuel,Automatic,Silver,Black,At least 1 accident or damage reported,Yes,20900.0,240.0,2.0,4.0
Ram,1500 Laramie,2022,15741.0,Gasoline,5.7L V8 16V MPFI OHV,Automatic,Flame Red Clearcoat,Black,,,45999.0,,5.7,8.0
Kia,Sorento SX Prestige,2023,11100.0,Gasoline,281.0HP 2.5L 4 Cylinder Engine Gasoline Fuel,Dual Clutch,White,Black,,Yes,40200.0,281.0,2.5,4.0
Ford,F-250 XL,2020,36000.0,E85 Flex Fuel,385.0HP 6.2L 8 Cylinder Engine Flex Fuel Capability,Automatic,White,Gray,,Yes,44000.0,385.0,6.2,8.0
Bmw,X5 xDrive35i,2013,69750.0,Gasoline,300.0HP 3.0L Straight 6 Cylinder Engine Gasoline Fuel,Automatic,White,Brown,At least 1 accident or damage reported,Yes,15999.0,300.0,3.0,6.0
Mercedes-Benz,C-Class C 300 4MATIC,2021,19162.0,Gasoline,255.0HP 2.0L 4 Cylinder Engine Gasoline Fuel,Dual Clutch,Black,Black,,Yes,38500.0,255.0,2.0,4.0
Audi,Q5 S line Premium Plus,2023,6046.0,Hybrid,2.0 Liter TFSI,Automatic,Daytona Gray,Black,,,51598.0,,2.0,
Ford,Explorer XLT,2020,17000.0,Gasoline,300.0HP 2.3L 4 Cylinder Engine Gasoline Fuel,Automatic,Blue,Black,At least 1 accident or damage reported,Yes,21000.0,300.0,2.3,4.0
Audi,A6 55 Premium,2019,10832.0,Hybrid,335.0HP 3.0L V6 Cylinder Engine Gasoline/Mild Electric Hybrid,Automatic,Black,Black,,Yes,42500.0,335.0,3.0,6.0
Toyota,Matrix XR,2004,173452.0,Gasoline,130.0HP 1.8L 4 Cylinder Engine Gasoline Fuel,Automatic,Silver,Black,At least 1 accident or damage reported,Yes,4000.0,130.0,1.8,4.0
Kia,Optima SX Turbo,2017,103338.0,Gasoline,2.0L I4 16V GDI DOHC Turbo,Automatic,Remington Red Metallic,Black,At least 1 accident or damage reported,,17238.0,,2.0,
Ford,F-150 Lariat,2022,28000.0,Gasoline,400.0HP 3.5L V6 Cylinder Engine Gasoline Fuel,Automatic,Black,Black,,Yes,53500.0,400.0,3.5,6.0
Audi,Q8 3.0T Premium,2019,51984.0,Hybrid,335.0HP 3.0L V6 Cylinder Engine Gasoline/Mild Electric Hybrid,Automatic,White,–,,Yes,44870.0,335.0,3.0,6.0
Chevrolet,Corvette Stingray w/2LT,2020,8974.0,Gasoline,490.0HP 6.2L 8 Cylinder Engine Gasoline Fuel,Automatic,Orange,Black,At least 1 accident or damage reported,Yes,79900.0,490.0,6.2,8.0
Scion,tC Anniversary Edition,2014,99999.0,Gasoline,179.0HP 2.5L 4 Cylinder Engine Gasoline Fuel,Manual,White,Black,,Yes,10998.0,179.0,2.5,4.0
Mercedes-Benz,C-Class C 300,2017,59400.0,Gasoline,241.0HP 2.0L 4 Cylinder Engine Gasoline Fuel,Automatic,Black,Black,At least 1 accident or damage reported,Yes,21000.0,241.0,2.0,4.0
Nissan,Murano SV,2020,47147.0,Gasoline,3.5L V6 24V MPFI DOHC,Automatic,Brilliant Silver Metallic,Graphite,,Yes,23625.0,,3.5,6.0
Ford,Mustang GT,2018,53782.0,Gasoline,460.0HP 5.0L 8 Cylinder Engine Gasoline Fuel,Manual,Black,Black,At least 1 accident or damage reported,Yes,29950.0,460.0,5.0,8.0
Ford,Taurus SHO,2011,160000.0,Gasoline,365.0HP 3.5L V6 Cylinder Engine Gasoline Fuel,Automatic,Black,Black,,Yes,4700.0,365.0,3.5,6.0
Chevrolet,Tahoe LTZ,2015,500.0,Gasoline,355.0HP 5.3L 8 Cylinder Engine Gasoline Fuel,Automatic,White,Black,At least 1 accident or damage reported,Yes,37000.0,355.0,5.3,8.0
Ford,Escape SEL,2020,42000.0,Gasoline,181.0HP 1.5L 3 Cylinder Engine Gasoline Fuel,Automatic,White,Beige,,,19000.0,181.0,1.5,3.0
Dodge,Grand Caravan SE,2018,64000.0,E85 Flex Fuel,283.0HP 3.6L V6 Cylinder Engine Flex Fuel Capability,Automatic,White,Gray,,Yes,35000.0,283.0,3.6,6.0
Hyundai,Elantra HEV Limited,2021,28600.0,Hybrid,139.0HP 1.6L 4 Cylinder Engine Gas/Electric Hybrid,Automatic,Gray,Black,,Yes,23999.0,139.0,1.6,4.0
Gmc,Canyon Denali,2019,26339.0,Gasoline,308.0HP 3.6L V6 Cylinder Engine Gasoline Fuel,Automatic,Red,Black,At least 1 accident or damage reported,Yes,36750.0,308.0,3.6,6.0
Alfa,Romeo Giulia Quadrifoglio,2018,28644.0,Gasoline,505.0HP 2.9L V6 Cylinder Engine Gasoline Fuel,Automatic,Black,Black,,,41500.0,505.0,2.9,6.0
Subaru,Impreza WRX,2008,148740.0,Gasoline,224.0HP 2.5L 4 Cylinder Engine Gasoline Fuel,Manual,Black,Black,At least 1 accident or damage reported,Yes,14500.0,224.0,2.5,4.0
Gmc,Sierra 2500 Denali,2021,16919.0,Diesel,445.0HP 6.6L 8 Cylinder Engine Diesel Fuel,Automatic,Black,Black,At least 1 accident or damage reported,Yes,73000.0,445.0,6.6,8.0
Chevrolet,Tahoe LS,2005,170000.0,Gasoline,285.0HP 4.8L 8 Cylinder Engine Gasoline Fuel,Automatic,Silver,Gray,At least 1 accident or damage reported,Yes,9000.0,285.0,4.8,8.0
Mercedes-Benz,SL-Class SL 550,2013,130000.0,Gasoline,429.0HP 4.6L 8 Cylinder Engine Gasoline Fuel,Automatic,Gray,Beige,At least 1 accident or damage reported,Yes,26900.0,429.0,4.6,8.0
Ford,Escape PHEV SE,2022,1889.0,Plug-In Hybrid,221.0HP 2.5L 4 Cylinder Engine Plug-In Electric/Gas,,White,Gray,,Yes,32850.0,221.0,2.5,4.0
Dodge,Charger GT,2018,62197.0,Gasoline,3.6L V6 24V MPFI DOHC,Automatic,White Knuckle Clearcoat,Black,,Yes,26691.0,,3.6,6.0
Ford,F-150 XLT,2016,71000.0,E85 Flex Fuel,385.0HP 5.0L 8 Cylinder Engine Flex Fuel Capability,Automatic,Black,–,At least 1 accident or damage reported,Yes,24350.0,385.0,5.0,8.0
Lexus,NX 200t Base,2016,83400.0,Gasoline,235.0HP 2.0L 4 Cylinder Engine Gasoline Fuel,Automatic,Blue,Brown,At least 1 accident or damage reported,Yes,22495.0,235.0,2.0,4.0
Cadillac,XT5 Base,2019,74414.0,Gasoline,310.0HP 3.6L V6 Cylinder Engine Gasoline Fuel,Automatic,Black,Beige,,Yes,26000.0,310.0,3.6,6.0
Ford,Mustang Shelby GT500,2010,29816.0,Gasoline,540.0HP 5.4L 8 Cylinder Engine Gasoline Fuel,Manual,Black,Black,,Yes,38000.0,540.0,5.4,8.0
Ford,F-250 Lariat,2015,68749.0,Diesel,440.0HP 6.7L 8 Cylinder Engine Diesel Fuel,Dual Clutch,Gray,Black,,Yes,45000.0,440.0,6.7,8.0
Bmw,325 i,2005,190395.0,Gasoline,184.0HP 2.5L Straight 6 Cylinder Engine Gasoline Fuel,Automatic,Black,Brown,,Yes,5000.0,184.0,2.5,6.0
Lamborghini,Huracan LP610-4,2015,34152.0,Gasoline,602.0HP 5.2L 10 Cylinder Engine Gasoline Fuel,Automatic,Blue,Red,,Yes,185500.0,602.0,5.2,10.0
Toyota,Camry XLE,2007,98528.0,Gasoline,158.0HP 2.4L 4 Cylinder Engine Gasoline Fuel,Automatic,White,Gray,At least 1 accident or damage reported,Yes,7450.0,158.0,2.4,4.0
Bmw,335 i,2011,91500.0,Gasoline,300.0HP 3.0L Straight 6 Cylinder Engine Gasoline Fuel,Automatic,Blue,Beige,At least 1 accident or damage reported,Yes,13599.0,300.0,3.0,6.0
Chevrolet,Camaro 1SS,2017,50850.0,Gasoline,455.0HP 6.2L 8 Cylinder Engine Gasoline Fuel,Manual,Blue,Black,,Yes,37000.0,455.0,6.2,8.0
Mazda,MX-5 Miata Base,1999,130000.0,Gasoline,140.0HP 1.8L 4 Cylinder Engine Gasoline Fuel,Automatic,Green,Beige,At least 1 accident or damage reported,Yes,9000.0,140.0,1.8,4.0
Toyota,Tundra SR5 Double Cab,2005,199400.0,Gasoline,282.0HP 4.7L 8 Cylinder Engine Gasoline Fuel,Automatic,Gray,Gray,At least 1 accident or damage reported,Yes,8500.0,282.0,4.7,8.0
Ram,2500 Powerwagon,2013,84220.0,Gasoline,383.0HP 5.7L 8 Cylinder Engine Gasoline Fuel,Automatic,White,Gray,At least 1 accident or damage reported,Yes,26500.0,383.0,5.7,8.0
Mercedes-Benz,S-Class S 550 4MATIC,2016,67280.0,Gasoline,449.0HP 4.7L 8 Cylinder Engine Gasoline Fuel,Automatic,White,Black,,Yes,41999.0,449.0,4.7,8.0
Volkswagen,Passat 2.0T R-Line,2021,16538.0,Gasoline,2.0 Liter TSI,Automatic,Reflex Silver,Titan Black,,,25998.0,,2.0,
Toyota,Tundra Platinum,2018,66000.0,Gasoline,381.0HP 5.7L 8 Cylinder Engine Gasoline Fuel,Automatic,Gray,Black,,Yes,51000.0,381.0,5.7,8.0
Cadillac,Escalade Luxury,2018,53450.0,Gasoline,420.0HP 6.2L 8 Cylinder Engine Gasoline Fuel,Automatic,White,Beige,,Yes,49999.0,420.0,6.2,8.0
Volkswagen,Golf Alltrack TSI SE,2018,63277.0,Gasoline,170.0HP 1.8L 4 Cylinder Engine Gasoline Fuel,Automatic,White,Black,,Yes,20900.0,170.0,1.8,4.0
Nissan,Altima 2.5 S,2020,30900.0,Gasoline,182.0HP 2.5L 4 Cylinder Engine Gasoline Fuel,Automatic,Silver,Gray,,Yes,21000.0,182.0,2.5,4.0
Mercedes-Benz,GLA 250 Base 4MATIC,2019,60854.0,Gasoline,2.0 Liter Turbo,Automatic,White,Black,,,25498.0,,2.0,
Ford,F-150 Platinum,2015,85000.0,Gasoline,365.0HP 3.5L V6 Cylinder Engine Gasoline Fuel,Automatic,White,Black,,Yes,31000.0,365.0,3.5,6.0
Toyota,RAV4 SE,2016,108130.0,Gasoline,176.0HP 2.5L 4 Cylinder Engine Gasoline Fuel,Dual Clutch,Gray,Orange,,Yes,18500.0,176.0,2.5,4.0
Toyota,4Runner TRD Sport,2023,11400.0,Gasoline,270.0HP 4.0L V6 Cylinder Engine Gasoline Fuel,Automatic,Green,Black,,Yes,46000.0,270.0,4.0,6.0
Mercedes-Benz,GL-Class GL 450 4MATIC,2013,63300.0,Gasoline,362.0HP 4.6L 8 Cylinder Engine Gasoline Fuel,Automatic,Black,Black,,Yes,22800.0,362.0,4.6,8.0
Tesla,Model Y Performance,2020,27500.0,,455.0HP Electric Motor Electric Fuel System,Automatic,Gray,White,,Yes,44000.0,455.0,,
Bmw,X5 xDrive 35i Sport Activity,2012,122600.0,Gasoline,300.0HP 3.0L Straight 6 Cylinder Engine Gasoline Fuel,Automatic,Black,Black,At least 1 accident or damage reported,Yes,12900.0,300.0,3.0,6.0
Dodge,Charger Base,2006,145565.0,Gasoline,250.0HP 3.5L V6 Cylinder Engine Gasoline Fuel,Automatic,Blue,Gray,At least 1 accident or damage reported,Yes,4500.0,250.0,3.5,6.0
Ford,Transit-250 Base,2016,66500.0,Gasoline,310.0HP 3.5L V6 Cylinder Engine Gasoline Fuel,Automatic,White,Gray,,Yes,27000.0,310.0,3.5,6.0
Bmw,330 i xDrive,2017,75000.0,Gasoline,248.0HP 2.0L 4 Cylinder Engine Gasoline Fuel,Automatic,Blue,Black,,Yes,20000.0,248.0,2.0,4.0
Mazda,CX-5 Grand Touring,2021,24781.0,Gasoline,2.5L I4 16V GDI DOHC,Automatic,Machine Gray Metallic,Black,,,28991.0,,2.5,
Bmw,X5 M Base,2013,67000.0,Gasoline,555.0HP 4.4L 8 Cylinder Engine Gasoline Fuel,Automatic,Silver,Black,At least 1 accident or damage reported,Yes,24500.0,555.0,4.4,8.0
Audi,Q5 2.0T Premium Plus,2019,24500.0,Gasoline,248.0HP 2.0L 4 Cylinder Engine Gasoline Fuel,Automatic,Black,–,,Yes,31000.0,248.0,2.0,4.0
Audi,S5 3.0T Prestige,2013,37500.0,Gasoline,333.0HP 3.0L V6 Cylinder Engine Gasoline Fuel,Automatic,Black,Black,,Yes,26000.0,333.0,3.0,6.0
Nissan,GT-R Premium,2013,101000.0,Gasoline,545.0HP 3.8L V6 Cylinder Engine Gasoline Fuel,Dual Clutch,White,Black,,Yes,59000.0,545.0,3.8,6.0
Tesla,Model 3 Long Range,2020,25000.0,,425.0HP Electric Motor Electric Fuel System,Automatic,Blue,Black,,Yes,49995.0,425.0,,
Toyota,Camry Solara SLE V6,2000,245000.0,Gasoline,200.0HP 3.0L V6 Cylinder Engine Gasoline Fuel,Automatic,Black,Beige,At least 1 accident or damage reported,Yes,2500.0,200.0,3.0,6.0
Tesla,Model Y Long Range,2021,49252.0,,Electric,Automatic,Deep Blue Metallic,Black,,,37999.0,,,
Buick,Cascada Base,2016,103814.0,Gasoline,200.0HP 1.6L 4 Cylinder Engine Gasoline Fuel,Automatic,White,Black,At least 1 accident or damage reported,Yes,14995.0,200.0,1.6,4.0
Toyota,4Runner Venture,2021,27000.0,Gasoline,270.0HP 4.0L V6 Cylinder Engine Gasoline Fuel,Automatic,White,Black,,Yes,48500.0,270.0,4.0,6.0
Bmw,530 i xDrive,2021,60942.0,Gasoline,2.0L I4 16V GDI DOHC Turbo,Automatic,Glacier Silver Metallic,Black,,Yes,32085.0,,2.0,
Bmw,535 i xDrive,2011,100780.0,Gasoline,300.0HP 3.0L Straight 6 Cylinder Engine Gasoline Fuel,Automatic,Gray,Black,At least 1 accident or damage reported,Yes,12000.0,300.0,3.0,6.0
Tesla,Model S 100D,2018,65000.0,,518.0HP Electric Motor Electric Fuel System,Automatic,Blue,Black,,Yes,41000.0,518.0,,
Lexus,GX 460 Base,2012,167000.0,Gasoline,301.0HP 4.6L 8 Cylinder Engine Gasoline Fuel,Automatic,Black,Beige,At least 1 accident or damage reported,Yes,19470.0,301.0,4.6,8.0
Chevrolet,Trailblazer SS,2008,161000.0,Gasoline,390.0HP 6.0L 8 Cylinder Engine Gasoline Fuel,Automatic,Red,Black,At least 1 accident or damage reported,Yes,17000.0,390.0,6.0,8.0
Subaru,Impreza WRX,2005,90200.0,Gasoline,227.0HP 2.0L 4 Cylinder Engine Gasoline Fuel,Manual,Blue,Black,,Yes,12499.0,227.0,2.0,4.0
Volkswagen,Passat 2.5 SE,2012,159870.0,Gasoline,170.0HP 2.5L 5 Cylinder Engine Gasoline Fuel,Automatic,White,Beige,At least 1 accident or damage reported,Yes,9750.0,170.0,2.5,5.0
Porsche,911 Carrera Cabriolet,1996,38000.0,,–,Dual Clutch,Blue,Gray,,,75000.0,,,
Audi,Q5 40 Premium,2022,14550.0,Hybrid,201.0HP 2.0L 4 Cylinder Engine Gasoline/Mild Electric Hybrid,Automatic,Silver,Brown,,Yes,41500.0,201.0,2.0,4.0
Infiniti,Q60 3.0t Red Sport 400,2018,38000.0,Gasoline,400.0HP 3.0L V6 Cylinder Engine Gasoline Fuel,Automatic,Red,White,,Yes,32000.0,400.0,3.0,6.0
Chevrolet,Camaro Z28,2002,35515.0,Gasoline,310.0HP 5.7L 8 Cylinder Engine Gasoline Fuel,Manual,Silver,Black,At least 1 accident or damage reported,Yes,21000.0,310.0,5.7,8.0
Mazda,Protege DX,1993,94200.0,,–,Automatic,Gray,–,At least 1 accident or damage reported,Yes,2500.0,,,
Mercedes-Benz,SL-Class SL550 Roadster,2008,33300.0,Gasoline,382.0HP 5.5L 8 Cylinder Engine Gasoline Fuel,Automatic,White,Beige,,Yes,34500.0,382.0,5.5,8.0
Mercedes-Benz,C-Class C 300 4MATIC,2016,90189.0,Gasoline,241.0HP 2.0L 4 Cylinder Engine Gasoline Fuel,Automatic,White,–,At least 1 accident or damage reported,Yes,17995.0,241.0,2.0,4.0
Land,Rover Range Rover Autobiography,2023,1148.0,Gasoline,4.4L V8 32V GDI DOHC Twin Turbo,Automatic,Carpathian Grey,Ebony,,,193063.0,,4.4,8.0
Mercedes-Benz,SLK-Class SLK320,2001,59500.0,Gasoline,215.0HP 3.2L V6 Cylinder Engine Gasoline Fuel,Manual,Blue,Beige,,Yes,6500.0,215.0,3.2,6.0
Ford,Transit-350 XL,2017,134000.0,Gasoline,310.0HP 3.5L V6 Cylinder Engine Gasoline Fuel,Automatic,Silver,Gray,,Yes,26500.0,310.0,3.5,6.0
Buick,Enclave Premium,2014,86281.0,Gasoline,288.0HP 3.6L V6 Cylinder Engine Gasoline Fuel,Automatic,Black,Black,,Yes,18900.0,288.0,3.6,6.0
Porsche,Cayenne AWD,2020,34580.0,Gasoline,335.0HP 3.0L V6 Cylinder Engine Gasoline Fuel,Automatic,Black,Red,,Yes,56000.0,335.0,3.0,6.0
Hyundai,Santa Fe SE,2007,145000.0,Gasoline,242.0HP 3.3L V6 Cylinder Engine Gasoline Fuel,Automatic,Blue,Gray,At least 1 accident or damage reported,Yes,4200.0,242.0,3.3,6.0
Mazda,Mazda6 Signature,2021,11737.0,Gasoline,2.5L I4 16V GDI DOHC Turbo,Automatic,Soul Red Crystal Metallic,Deep Chestnut,,Yes,33687.0,,2.5,
Tesla,Model X Performance,2020,25535.0,,778.0HP Electric Motor Electric Fuel System,Automatic,White,Beige,,Yes,68969.0,778.0,,
Jeep,Wrangler Unlimited Sport,2016,67499.0,Gasoline,285.0HP 3.6L V6 Cylinder Engine Gasoline Fuel,Manual,Beige,Black,,Yes,27500.0,285.0,3.6,6.0
Toyota,4Runner Sport,2004,220450.0,Gasoline,245.0HP 4.0L V6 Cylinder Engine Gasoline Fuel,Automatic,Gray,Gray,,Yes,8550.0,245.0,4.0,6.0
Chevrolet,Silverado 1500 2LT,2018,20200.0,Gasoline,355.0HP 5.3L 8 Cylinder Engine Gasoline Fuel,Automatic,Silver,Gray,At least 1 accident or damage reported,Yes,42950.0,355.0,5.3,8.0
Jaguar,XK8 Base,2000,40000.0,Gasoline,290.0HP 4.0L 8 Cylinder Engine Gasoline Fuel,Automatic,Blue,Beige,,Yes,15400.0,290.0,4.0,8.0
Mercedes-Benz,GLA-Class GLA 45 AMG,2015,80300.0,Gasoline,355.0HP 2.0L 4 Cylinder Engine Gasoline Fuel,Automatic,Black,Black,At least 1 accident or damage reported,Yes,22000.0,355.0,2.0,4.0
Bmw,330 i xDrive,2017,63150.0,Gasoline,248.0HP 2.0L 4 Cylinder Engine Gasoline Fuel,Automatic,White,Beige,,Yes,21500.0,248.0,2.0,4.0
Volkswagen,Atlas 3.6L SE w/Technology,2018,48210.0,Gasoline,276.0HP 3.6L V6 Cylinder Engine Gasoline Fuel,Dual Clutch,Silver,Black,,Yes,24999.0,276.0,3.6,6.0
Nissan,Juke SL,2012,115359.0,Gasoline,188.0HP 1.6L 4 Cylinder Engine Gasoline Fuel,Automatic,Black,Black,,Yes,9950.0,188.0,1.6,4.0
Subaru,Impreza 2.0i Premium,2018,90601.0,Gasoline,152.0HP 2.0L 4 Cylinder Engine Gasoline Fuel,,White,Beige,,Yes,26000.0,152.0,2.0,4.0
Bmw,M5 Base,2000,132200.0,Gasoline,400.0HP 5.0L 8 Cylinder Engine Gasoline Fuel,Manual,Blue,Black,,Yes,26900.0,400.0,5.0,8.0
Mercedes-Benz,Sprinter 2500 Standard Roof,2023,4000.0,Diesel,211.0HP 2.0L 4 Cylinder Engine Diesel Fuel,Automatic,White,Black,,Yes,65000.0,211.0,2.0,4.0
Volkswagen,Beetle 2.0T Final Edition SE,2019,32000.0,Gasoline,174.0HP 2.0L 4 Cylinder Engine Gasoline Fuel,Dual Clutch,Gray,Black,,Yes,32750.0,174.0,2.0,4.0
Mini,Countryman Cooper S ALL4,2016,95070.0,Gasoline,181.0HP 1.6L 4 Cylinder Engine Gasoline Fuel,Automatic,Blue,Black,,Yes,12750.0,181.0,1.6,4.0
Nissan,Rogue SL,2017,148000.0,Gasoline,170.0HP 2.5L 4 Cylinder Engine Gasoline Fuel,Automatic,White,–,,Yes,13000.0,170.0,2.5,4.0
Lexus,CT 200h Premium,2014,125519.0,Hybrid,134.0HP 1.8L 4 Cylinder Engine Gas/Electric Hybrid,,Black,Black,At least 1 accident or damage reported,Yes,16000.0,134.0,1.8,4.0
Infiniti,G37 x,2013,90000.0,Gasoline,328.0HP 3.7L V6 Cylinder Engine Gasoline Fuel,Dual Clutch,Silver,Black,,Yes,14500.0,328.0,3.7,6.0
Audi,A6 2.0T Sport,2018,49650.0,Gasoline,252.0HP 2.0L 4 Cylinder Engine Gasoline Fuel,Automatic,Black,Black,At least 1 accident or damage reported,Yes,23750.0,252.0,2.0,4.0
Nissan,Altima 2.5 S,2015,149800.0,Gasoline,182.0HP 2.5L 4 Cylinder Engine Gasoline Fuel,Automatic,Black,Black,At least 1 accident or damage reported,Yes,11600.0,182.0,2.5,4.0
Chevrolet,Blazer 1LT,2019,37161.0,Gasoline,2.5L I4 16V GDI DOHC,Automatic,Nightfall Gray Metallic,Jet Black,,Yes,26990.0,,2.5,
Dodge,Ram 3500 Quad Cab DRW,2000,188000.0,,–,Automatic,Silver,Gray,At least 1 accident or damage reported,Yes,10000.0,,,
Ford,Transit Connect XLT,2016,111700.0,E85 Flex Fuel,169.0HP 2.5L 4 Cylinder Engine Flex Fuel Capability,Automatic,White,Beige,,Yes,15500.0,169.0,2.5,4.0
Mercedes-Benz,S-Class S 550 4MATIC,2016,72784.0,Gasoline,449.0HP 4.7L 8 Cylinder Engine Gasoline Fuel,Automatic,Blue,White,,Yes,34900.0,449.0,4.7,8.0
Cadillac,Escalade Base,2007,150000.0,Gasoline,403.0HP 6.2L 8 Cylinder Engine Gasoline Fuel,Automatic,White,Beige,,Yes,9999.0,403.0,6.2,8.0
Ford,Transit Connect XLT,2012,140450.0,Gasoline,136.0HP 2.0L 4 Cylinder Engine Gasoline Fuel,Automatic,Red,Gray,At least 1 accident or damage reported,Yes,8500.0,136.0,2.0,4.0
Lexus,IS 250 Base,2010,132700.0,Gasoline,204.0HP 2.5L V6 Cylinder Engine Gasoline Fuel,Automatic,Black,Black,At least 1 accident or damage reported,Yes,10700.0,204.0,2.5,6.0
Dodge,Durango GT,2020,49000.0,Gasoline,295.0HP 3.6L V6 Cylinder Engine Gasoline Fuel,Automatic,White,Black,,Yes,40000.0,295.0,3.6,6.0
Chevrolet,Corvette Stingray w/2LT,2023,2058.0,Gasoline,490.0HP 6.2L 8 Cylinder Engine Gasoline Fuel,Automatic,Gray,Black,,Yes,101999.0,490.0,6.2,8.0
Jeep,Wrangler Unlimited Sahara,2019,23442.0,Gasoline,285.0HP 3.6L V6 Cylinder Engine Gasoline Fuel,Automatic,White,Beige,,Yes,44500.0,285.0,3.6,6.0
Tesla,Model 3 Long Range,2021,23749.0,,Electric,Automatic,White,Black,,,35999.0,,,
Toyota,4Runner TRD Pro,2021,35048.0,Gasoline,4.0L V6 24V MPFI DOHC,Automatic,Lunar Rock,Black / Graphite,,,52590.0,,4.0,6.0
Infiniti,QX60 Base,2016,91239.0,Gasoline,265.0HP 3.5L V6 Cylinder Engine Gasoline Fuel,Automatic,Gray,Black,,Yes,17500.0,265.0,3.5,6.0
Porsche,911 Carrera,2022,2950.0,Gasoline,379.0HP 3.0L Flat 6 Cylinder Engine Gasoline Fuel,Automatic,Green,Black,,Yes,131000.0,379.0,3.0,6.0
Ford,F-150 XL,2019,59678.0,Gasoline,2.7L V6 24V PDI DOHC Twin Turbo,Automatic,Gray,Black,,Yes,33700.0,,2.7,6.0
Bmw,M240 i xDrive,2022,2010.0,Gasoline,382.0HP 3.0L Straight 6 Cylinder Engine Gasoline Fuel,Automatic,Purple,Black,,Yes,55000.0,382.0,3.0,6.0
Toyota,Prius Two,2014,80354.0,Hybrid,134.0HP 1.8L 4 Cylinder Engine Gas/Electric Hybrid,Automatic,Red,Gray,At least 1 accident or damage reported,Yes,13310.0,134.0,1.8,4.0
Ford,Expedition Max XLT,2018,105674.0,Gasoline,375.0HP 3.5L V6 Cylinder Engine Gasoline Fuel,Automatic,White,Beige,,Yes,34995.0,375.0,3.5,6.0
Toyota,Tundra Grade,2013,92700.0,Gasoline,310.0HP 4.6L 8 Cylinder Engine Gasoline Fuel,Automatic,Gray,Gray,At least 1 accident or damage reported,Yes,20800.0,310.0,4.6,8.0
Ford,Edge Titanium,2016,101387.0,Gasoline,245.0HP 2.0L 4 Cylinder Engine Gasoline Fuel,Automatic,Black,Beige,At least 1 accident or damage reported,Yes,16000.0,245.0,2.0,4.0
Buick,Envision Essence,2021,36544.0,Gasoline,2.0L I4 16V GDI DOHC Turbo,Automatic,Dark Moon Blue Metallic,Ebony,,Yes,33290.0,,2.0,
Audi,Q7 55 Prestige,2019,41000.0,Gasoline,329.0HP 3.0L V6 Cylinder Engine Gasoline Fuel,Automatic,White,Beige,,Yes,39900.0,329.0,3.0,6.0
Chrysler,Town & Country Touring-L,2013,115872.0,E85 Flex Fuel,283.0HP 3.6L V6 Cylinder Engine Flex Fuel Capability,Automatic,Black,Black,,Yes,9500.0,283.0,3.6,6.0
Chevrolet,Cruze LS,2011,135603.0,Gasoline,136.0HP 1.8L 4 Cylinder Engine Gasoline Fuel,Automatic,Silver,Black,,Yes,7000.0,136.0,1.8,4.0
Ford,F-150 Lariat,2020,26540.0,Gasoline,375.0HP 3.5L V6 Cylinder Engine Gasoline Fuel,Automatic,White,Black,,Yes,46995.0,375.0,3.5,6.0
Jaguar,XF Premium,2011,35134.0,Gasoline,385.0HP 5.0L 8 Cylinder Engine Gasoline Fuel,Automatic,Gray,Gray,At least 1 accident or damage reported,Yes,12400.0,385.0,5.0,8.0
Jeep,Wrangler Unlimited Rubicon,2020,49990.0,Gasoline,270.0HP 2.0L 4 Cylinder Engine Gasoline Fuel,Automatic,Black,Black,,Yes,53000.0,270.0,2.0,4.0
Ford,F-250 Lariat,2011,153818.0,Diesel,400.0HP 6.7L 8 Cylinder Engine Diesel Fuel,Automatic,Gray,Gray,At least 1 accident or damage reported,Yes,29800.0,400.0,6.7,8.0
Jaguar,F-PACE 35t Premium,2017,58060.0,Gasoline,340.0HP 3.0L V6 Cylinder Engine Gasoline Fuel,Automatic,Blue,Beige,At least 1 accident or damage reported,Yes,26000.0,340.0,3.0,6.0
Porsche,911 Carrera S,2015,36000.0,Gasoline,400.0HP 3.8L Flat 6 Cylinder Engine Gasoline Fuel,Automatic,Black,Black,,Yes,84999.0,400.0,3.8,6.0
Ford,Bronco Badlands Advanced,2022,17000.0,Gasoline,315.0HP 2.7L V6 Cylinder Engine Gasoline Fuel,Automatic,White,Black,,Yes,69999.0,315.0,2.7,6.0
Suzuki,SX4 Base,2013,99982.0,Gasoline,150.0HP 2.0L 4 Cylinder Engine Gasoline Fuel,Manual,Orange,Gray,At least 1 accident or damage reported,Yes,6900.0,150.0,2.0,4.0
Ford,EcoSport SES,2019,106000.0,Gasoline,166.0HP 2.0L 4 Cylinder Engine Gasoline Fuel,Automatic,Silver,Black,At least 1 accident or damage reported,Yes,12000.0,166.0,2.0,4.0
Toyota,Land Cruiser Base,1994,178416.0,,–,Automatic,Green,Beige,,Yes,9000.0,,,
Honda,Civic EX,2014,82500.0,Gasoline,143.0HP 1.8L 4 Cylinder Engine Gasoline Fuel,,Silver,Gray,,Yes,15000.0,143.0,1.8,4.0
Mercedes-Benz,Sprinter 2500 Standard Roof,2018,41500.0,Diesel,188.0HP 3.0L V6 Cylinder Engine Diesel Fuel,Automatic,Gray,Black,,Yes,61000.0,188.0,3.0,6.0
Bmw,X3 xDrive28i,2015,92984.0,Gasoline,240.0HP 2.0L 4 Cylinder Engine Gasoline Fuel,Dual Clutch,White,Beige,At least 1 accident or damage reported,Yes,17000.0,240.0,2.0,4.0
Nissan,Murano SL,2007,120000.0,Gasoline,240.0HP 3.5L V6 Cylinder Engine Gasoline Fuel,Automatic,Silver,Black,,Yes,6750.0,240.0,3.5,6.0
Chevrolet,Corvette Stingray,2015,25548.0,Gasoline,455.0HP 6.2L 8 Cylinder Engine Gasoline Fuel,Automatic,Gray,Gray,,Yes,49000.0,455.0,6.2,8.0
Ford,F-150 Lariat,2018,65441.0,Gasoline,325.0HP 2.7L V6 Cylinder Engine Gasoline Fuel,Automatic,Gray,Black,,Yes,38000.0,325.0,2.7,6.0
Porsche,Cayenne Turbo,2020,39611.0,Gasoline,4.0L V8 32V GDI DOHC Twin Turbo,Automatic,Quartzite Grey Metallic,Black,,,89900.0,,4.0,8.0
Toyota,Sequoia SR5,2010,154860.0,Gasoline,310.0HP 4.6L 8 Cylinder Engine Gasoline Fuel,Automatic,Silver,Gray,,Yes,17900.0,310.0,4.6,8.0
Porsche,911 Carrera S,2021,7008.0,Gasoline,443.0HP 3.0L Flat 6 Cylinder Engine Gasoline Fuel,Automatic,Gray,Black,,,151900.0,443.0,3.0,6.0
Bmw,M8 Gran Coupe Competition,2022,21057.0,Gasoline,617.0HP 4.4L 8 Cylinder Engine Gasoline Fuel,Dual Clutch,Gray,Black,,Yes,99800.0,617.0,4.4,8.0
Lexus,CT 200h Base,2016,39750.0,Hybrid,134.0HP 1.8L 4 Cylinder Engine Gas/Electric Hybrid,Automatic,Black,Black,,Yes,21995.0,134.0,1.8,4.0
Aston,Martin DB7 Vantage Volante,2003,14900.0,Gasoline,420.0HP 5.9L 12 Cylinder Engine Gasoline Fuel,Manual,White,Beige,,,32850.0,420.0,5.9,12.0
Chevrolet,Impala 2LZ,2018,71312.0,Gasoline,305.0HP 3.6L V6 Cylinder Engine Gasoline Fuel,Automatic,Black,Black,,Yes,17899.0,305.0,3.6,6.0
Porsche,911 Carrera,2015,43500.0,Gasoline,350.0HP 3.4L Flat 6 Cylinder Engine Gasoline Fuel,Automatic,Black,Black,,Yes,66500.0,350.0,3.4,6.0
Bmw,X6 xDrive40i,2020,34000.0,Gasoline,335.0HP 3.0L Straight 6 Cylinder Engine Gasoline Fuel,Automatic,White,Brown,,Yes,59335.0,335.0,3.0,6.0
Subaru,Ascent Touring 7-Passenger,2021,32250.0,Gasoline,260.0HP 2.4L 4 Cylinder Engine Gasoline Fuel,Automatic,Black,Black,At least 1 accident or damage reported,Yes,36000.0,260.0,2.4,4.0
Volkswagen,Routan SE,2011,194000.0,Gasoline,283.0HP 3.6L V6 Cylinder Engine Gasoline Fuel,Dual Clutch,Black,Gray,At least 1 accident or damage reported,Yes,3500.0,283.0,3.6,6.0
Mercedes-Benz,AMG GLS 63 4MATIC,2023,2000.0,Hybrid,603.0HP 4.0L 8 Cylinder Engine Gasoline/Mild Electric Hybrid,Automatic,Gray,Beige,,Yes,175000.0,603.0,4.0,8.0
Mercedes-Benz,E-Class E 300 4MATIC,2018,53705.0,Gasoline,241.0HP 2.0L 4 Cylinder Engine Gasoline Fuel,Automatic,Black,Black,At least 1 accident or damage reported,Yes,25900.0,241.0,2.0,4.0
Bentley,Continental GT Speed,2023,714.0,Gasoline,6.0L W12 48V PDI DOHC Twin Turbo,Automatic,C / C,Hotspur,,Yes,349950.0,,6.0,
Audi,S4 3.0T Premium Plus,2022,10900.0,Gasoline,349.0HP 3.0L V6 Cylinder Engine Gasoline Fuel,Dual Clutch,Black,Black,,Yes,53900.0,349.0,3.0,6.0
Porsche,Taycan,2022,2116.0,,Electric,Automatic,Black,Black,,,90998.0,,,
Ford,F-150 Raptor,2020,33000.0,Gasoline,450.0HP 3.5L V6 Cylinder Engine Gasoline Fuel,Automatic,Blue,Black,,Yes,62999.0,450.0,3.5,6.0
Bmw,X3 xDrive30i,2020,43000.0,Gasoline,248.0HP 2.0L 4 Cylinder Engine Gasoline Fuel,Automatic,Gray,Brown,At least 1 accident or damage reported,Yes,40000.0,248.0,2.0,4.0
